customer_id,name,device_id,address,bank_account,signup_date,is_ring_member,ring_id
C00702,Miss Linda Cox DVM,DVC-fdbc847a,"0144 Bowman Isle Suite 451, North Jenniferfort, IA 77280",BANK-1590838716,2025-09-23,0,
C00736,Matthew Evans,DVC-35033e54,"33582 Giles Meadows Apt. 703, Bradleyburgh, KY 98277",BANK-8325222092,2026-02-14,0,
C00261,Melvin Mcpherson,DVC-da7d0a5a,"0249 Randy Gardens Apt. 097, West Kelli, IA 21170",BANK-5419627962,2025-09-27,0,
C00308,Mrs. Ann Smith,DVC-3655d97d,"Unit 6240 Box 5800, DPO AP 73905",BANK-6922713963,2026-06-03,0,
C00811,Sara Lawrence,DVC-8bb509eb,"06745 Porter Stream, Williamsshire, ME 34270",BANK-9370133343,2024-11-25,0,
C00193,Brittany Gay,DVC-93aae077,"52175 Lawrence Centers Apt. 743, New Kathy, NM 12040",BANK-5033992825,2024-12-13,0,
C00785,Jeffrey Harrell,DVC-839e84f9,"56793 Timothy Turnpike, Lucasburgh, IA 79010",BANK-4440904834,2025-10-13,0,
C00320,Robert Thompson,DVC-f40880d2,"627 Douglas Trafficway, Robinsonville, PW 58379",BANK-8261111839,2026-03-13,0,
C00174,Tracey Underwood,DVC-3c66c7cb,"0433 Michael Turnpike Apt. 006, Oconnorburgh, FM 54767",BANK-4713453204,2025-09-21,0,
C00033,Jeffrey Cox PhD,DVC-a33e0b7c,"2849 Marshall Views, Marcusbury, MP 11860",BANK-6488854841,2025-04-08,0,
C00004,Derek Zuniga,DVC-0a89dd0d,"327 Nelson Route, Lake Mark, WI 07832",BANK-1958682846,2025-02-28,0,
C00842,Taylor Smith,DVC-535a1ba3,"3882 Joseph Land Suite 148, Julietown, CA 74839",BANK-8598503901,2026-07-23,0,
C00410,Jaclyn Crane,DVC-af8c0bd8,"15940 David Inlet Suite 447, Port Douglasshire, MT 06877",BANK-8543865915,2026-07-30,0,
C00799,Danielle Fox,DVC-6578b98d,"2642 Robert Expressway, East Monicaton, OK 86303",BANK-5071218314,2026-05-05,0,
C00626,Brandon Weber,DVC-bec9823f,"8350 Joshua View, Silvaport, MN 82355",BANK-1195066088,2026-04-22,0,
C00125,Donna Shaw,DVC-d346968f,"11823 Christine Glen Suite 461, Susanmouth, OK 32378",BANK-7803990970,2026-02-27,0,
C00340,Julie Patel,DVC-8fec01e9,"9513 Miller Lock Apt. 411, West Daniel, FL 65555",BANK-2178158203,2024-12-29,0,
C00569,Julia Gaines,DVC-f2986ef3,"29439 Martinez Plains Suite 062, Santiagomouth, AS 68397",BANK-9202102595,2025-08-27,0,
C00354,Gloria Mckinney,DVC-a2c7d67f,"22342 David Common, Vazquezville, CA 02965",BANK-2304963614,2026-04-28,0,
C00618,Robin Gray,DVC-848aef2c,"11860 Julia Plains Apt. 196, Port Catherine, ME 42932",BANK-3894673596,2025-07-31,0,
C00421,Steven Chambers,DVC-3828cf90,"97013 Wilson Harbor Apt. 658, Amberfurt, ME 17584",BANK-1400330495,2025-06-18,0,
C00933,Eric Tran,DVC-a842d6a1,"920 White Drives, Lake Robert, GA 13714",BANK-4455798713,2026-06-04,1,RING-5
C00856,Kimberly Watson,DVC-b1aa7dc6,"255 Chambers Underpass, Karenview, GA 11647",BANK-3291270703,2025-11-01,0,
C00225,Tina Jackson,DVC-1de73bb1,"645 Erin Isle, Fordstad, WI 40539",BANK-2825989011,2025-09-17,0,
C00546,Christopher Johnson,DVC-368df05c,"9856 Danny Valleys Suite 625, North Jason, MN 49255",BANK-1091729577,2024-12-25,0,
C00612,Kari Sandoval,DVC-1b3c3b4c,"47769 Daniels Hill Apt. 314, Montesmouth, IA 87325",BANK-7098134112,2025-07-31,0,
C00117,Scott Brown,DVC-ae15adb7,"95995 Kevin Divide Apt. 644, New Stacyburgh, SC 89466",BANK-7249213370,2025-08-01,0,
C00341,Kelly Burton,DVC-9463ca94,"5670 Lopez Brooks, Port Stacey, SD 44525",BANK-5184564874,2025-07-20,0,
C00084,Patricia Moss,DVC-95a020ec,"8527 Welch Valleys, North Jennifer, NH 05348",BANK-1945826486,2025-04-19,0,
C00689,Jason Ryan,DVC-6fb09d77,"10531 Mcneil Creek, Marshallchester, PR 70850",BANK-6515369278,2025-08-12,0,
C00582,Laura Martinez,DVC-edc71cfd,"73098 Johnson View, Sandraview, MS 92680",BANK-8151583833,2025-06-08,0,
C00915,Matthew Hall,DVC-ee3058fb,"82491 Lisa Meadow Suite 020, North Ericport, MN 84277",BANK-3063511828,2026-06-22,1,RING-3
C00722,Willie Townsend,DVC-8acf845f,"031 Mcclain Summit, Lake Lee, AR 70531",BANK-6466597005,2024-09-25,0,
C00828,Robert Gardner,DVC-2e8159e5,"112 Matthew Pike, South Vickie, WV 83282",BANK-9123207735,2025-06-03,0,
C00510,Lindsey Gray,DVC-d01a03e6,"023 Joseph Road, Port Tammyville, ND 96987",BANK-8758809005,2026-06-01,0,
C00214,Christina Melton,DVC-cf4f7246,"59893 Kelly Fall Apt. 228, South Billyview, OH 35135",BANK-7292076361,2024-12-14,0,
C00747,Sharon Brown,DVC-f79b98ed,"23428 Holly Squares, East Jacobmouth, WV 30348",BANK-5911625145,2025-01-08,0,
C00743,Don Carney,DVC-29287144,"8029 Jessica Brook, Oscarfort, MS 51408",BANK-1205082311,2024-10-01,0,
C00746,Nathan Davis,DVC-b458060a,"01658 Thomas Flat, Jacobsburgh, NJ 38258",BANK-9660523876,2026-03-26,0,
C00924,Stacey Stone,DVC-90aa24b8,"025 Samantha Heights, North Alicia, AS 23159",BANK-7551874474,2026-07-27,1,RING-4
C00271,Kelly Holder,DVC-41124a71,"35048 Clinton Mount Suite 224, Pamelabury, IN 34087",BANK-5646751885,2026-05-26,0,
C00359,Johnny Cruz,DVC-d99dbed9,"738 Roberts Walk Suite 317, Harryfort, TX 14286",BANK-9547119184,2025-07-08,0,
C00390,Brittany Evans,DVC-9d692836,"925 Marilyn Passage Apt. 776, Adamschester, CO 99655",BANK-5083595988,2025-07-29,0,
C00914,Kelsey Gates,DVC-c0142e24,"64154 Rodriguez Views Suite 313, West Christine, IL 55483",BANK-1172893522,2026-07-14,1,RING-2
C00807,Jerry Cook,DVC-7b46247c,"545 Laurie Prairie Apt. 776, Lake Kimberlyshire, NY 09320",BANK-6868336102,2025-01-01,0,
C00831,Audrey Taylor,DVC-ed195b93,"90534 Carter Walks Apt. 042, Lisaberg, KY 45057",BANK-8703867299,2026-06-26,0,
C00540,Elizabeth Nichols,DVC-9c17b1f6,"0412 Danielle Prairie Apt. 179, North Donaldview, MH 24176",BANK-8969097897,2024-11-15,0,
C00277,Donna Cooper,DVC-633657b4,"7053 James Pike Suite 879, Lake Holly, AK 49863",BANK-4239406957,2025-11-30,0,
C00035,Katherine Chang,DVC-78cda3fe,"0143 Holt Inlet Suite 788, Ronaldside, MA 46613",BANK-6884882440,2026-03-03,0,
C00145,Krista Wilson,DVC-bbb921d0,"078 Veronica Cove Apt. 407, Michaelland, NV 15887",BANK-6882074066,2026-04-29,0,
C00523,Emily Myers,DVC-d78e6013,"156 Wayne Trail, North Brenda, MS 63016",BANK-6299224734,2025-12-03,0,
C00663,Angela Nolan,DVC-1a8f0ba8,"5475 Lyons Port, Brookeberg, FL 68891",BANK-7417183769,2025-04-16,0,
C00149,Claudia Jordan,DVC-2660b17a,"4589 Ashlee Oval Suite 001, Smithburgh, NV 60337",BANK-3849232839,2024-09-04,0,
C00823,Kevin Hanna,DVC-af537fb4,"9935 Shannon Hills Apt. 394, Bakerhaven, IN 05815",BANK-1526723719,2025-02-23,0,
C00083,Kenneth Lopez,DVC-87c23754,"88888 Peter Mountains Apt. 654, West Kristinastad, IA 96569",BANK-2452066459,2026-01-27,0,
C00200,Misty Garcia,DVC-a34926f4,"4470 Lisa Well, Port Kellymouth, NE 97302",BANK-2094024844,2024-12-03,0,
C00186,Kirk Thompson,DVC-dea7f40d,"29462 Mary Ramp Apt. 556, Port Judytown, AS 28631",BANK-1977515194,2024-09-10,0,
C00867,Kyle Fox,DVC-8b1bec31,"093 Brittney Roads, South Jay, MO 84915",BANK-6572436051,2025-05-12,0,
C00297,Chad Moore,DVC-38263d6a,"6084 Peters Brook Apt. 955, East Juantown, MA 49684",BANK-8826851692,2026-01-03,0,
C00605,Angela Huang,DVC-ef3bf413,"765 Thompson Stravenue Suite 134, Petersonshire, NC 69339",BANK-6069848439,2025-11-28,0,
C00496,James Manning,DVC-73c8cbca,"PSC 2374, Box 1678, APO AA 89857",BANK-3734252963,2026-03-12,0,
C00570,Angela Nelson,DVC-73d4d073,"Unit 1591 Box 4975, DPO AE 16418",BANK-5641959772,2026-04-02,0,
C00212,Mary Butler,DVC-0f88950e,"0810 Thomas Skyway Apt. 342, Francesberg, MP 08631",BANK-2232285036,2026-02-22,0,
C00333,Jason Boyd,DVC-a12ca5a6,"774 Jessica Street, East Mark, OR 29652",BANK-1795212538,2026-07-28,0,
C00296,Elizabeth Hunter,DVC-f3d7772f,"55699 Marilyn Fields, Marthafort, PW 62694",BANK-8943866829,2026-05-16,0,
C00556,Angela Reynolds,DVC-c4d59269,"507 Wood Causeway Suite 634, South Gregory, KY 69911",BANK-1225052083,2025-12-19,0,
C00059,Maria Harper,DVC-64f10e98,"29318 Brenda Via Apt. 529, West Micheleberg, DC 71308",BANK-4095476665,2025-03-17,0,
C00260,William Espinoza,DVC-a9b4ed80,"03718 Thomas Springs Suite 520, West Timothyport, ID 47742",BANK-7166868574,2026-07-25,0,
C00036,Eric Hall,DVC-3d9741ac,"82337 Hardy Trace Suite 134, West Harry, AL 93302",BANK-3783290795,2025-10-23,0,
C00207,Stefanie Hart,DVC-756fd784,"5037 Castro River Suite 571, Port Donnatown, MA 47049",BANK-1546696950,2026-06-10,0,
C00118,Amber Cooper,DVC-d4dbbccc,"566 Kevin Ferry Suite 334, Port Steven, AR 74214",BANK-8380507338,2025-07-21,0,
C00916,Shawn Ware,DVC-56fbc365,"82491 Lisa Meadow Suite 020, North Ericport, MN 84277",BANK-9810503338,2026-05-30,1,RING-3
C00455,Jeffrey Sanchez,DVC-3b866469,"7432 Harris Camp, Lake Carly, NV 97396",BANK-8270110908,2026-07-17,0,
C00138,Jill Myers,DVC-06055a96,"0714 Knapp Corner, Port Sheliaberg, MI 41381",BANK-1311570307,2025-05-28,0,
C00473,Kevin Lopez,DVC-63d88614,"USNV Anderson, FPO AA 50333",BANK-7576309274,2025-11-26,0,
C00218,Michael Ayala,DVC-1bb1e4b2,"38612 Stephen Isle Apt. 110, Port Johnathan, CA 75862",BANK-8184602688,2026-06-04,0,
C00444,Jacob Smith,DVC-b0d9a218,"2128 Mendoza Cliff Suite 323, Ryanfort, GA 79630",BANK-8493451569,2025-11-24,0,
C00804,Ashley Strong,DVC-bcbff216,"0573 Jason Trail Apt. 792, Randyberg, AK 30263",BANK-8650676663,2025-08-11,0,
C00753,Tyler Welch MD,DVC-18f46127,"192 Peterson Landing Apt. 597, North Sergiochester, IA 27954",BANK-3380064537,2025-05-15,0,
C00273,Anthony Wise,DVC-31c09047,"1390 Brown Pine Apt. 589, West Wayne, IN 20580",BANK-3316787198,2024-10-13,0,
C00598,Rachel Marquez,DVC-42654cf7,"USCGC Rivas, FPO AE 86623",BANK-5759761714,2026-03-22,0,
C00189,Shannon Green,DVC-12e08a76,"28309 Guerrero Springs Apt. 074, Rebeccafurt, MS 97065",BANK-6704841644,2024-10-01,0,
C00730,Steven Brown,DVC-c10baff9,"132 Matthew Stravenue Suite 071, New Allison, OH 21616",BANK-5416031878,2024-12-24,0,
C00342,Mary Buchanan,DVC-b2d2a425,"4924 Kristina Forks Suite 540, West Justin, GA 81586",BANK-7671625956,2025-01-06,0,
C00055,Jennifer Singleton,DVC-65dca61d,"0481 Richardson Summit, Brendastad, CT 88953",BANK-5567816720,2025-03-04,0,
C00917,Sheena Jones,DVC-56fbc365,"82491 Lisa Meadow Suite 020, North Ericport, MN 84277",BANK-9810503338,2026-05-09,1,RING-3
C00872,Carl Deleon,DVC-61c3486e,"08356 Wilkerson Corners, South Ericmouth, CA 42493",BANK-6171239466,2026-04-05,0,
C00695,Juan Ayers,DVC-73fb3577,"Unit 8268 Box 3230, DPO AE 96630",BANK-8695129534,2026-04-05,0,
C00372,Christina Nelson,DVC-87c69770,"820 Casey Centers Apt. 594, South Pennyland, MO 95427",BANK-3952295757,2026-06-20,0,
C00647,Janet Leonard,DVC-8af10757,"943 Graham Mountain Suite 017, Richardsonstad, KS 56298",BANK-9245348297,2025-05-24,0,
C00368,Ryan Cobb PhD,DVC-7c8512ab,"0496 Claudia Course Apt. 954, New Lauriefort, NE 27991",BANK-2250949136,2025-05-31,0,
C00132,James Miller,DVC-754c853e,"PSC 3982, Box 6224, APO AA 35681",BANK-7540301973,2025-09-22,0,
C00919,Catherine Garcia,DVC-bfa4ce6d,"75854 Quinn Manors, Lauramouth, WY 93912",BANK-9810503338,2026-07-05,1,RING-3
C00913,Adriana Ward,DVC-c0142e24,"64154 Rodriguez Views Suite 313, West Christine, IL 55483",BANK-1172893522,2026-06-22,1,RING-2
C00904,Kristin Smith,DVC-f0e039fd,"25942 Cynthia Dale Suite 633, West Richardview, CO 90215",BANK-5489281916,2026-07-09,1,RING-1
C00259,Richard Jimenez,DVC-dd5f41a1,"1204 Jones Mountains, East Paula, KS 50515",BANK-6237376063,2026-06-09,0,
C00829,Scott Sparks,DVC-a4d181d8,"23979 Theresa Summit Apt. 787, Morrisstad, ID 06001",BANK-4656572173,2024-10-02,0,
C00135,Robert Long,DVC-bb519360,"828 Stephanie Mountain, South Lauren, MP 91312",BANK-6320115677,2024-10-27,0,
C00701,Susan Peterson,DVC-11455392,"4176 Nancy Square, Blakebury, NC 14007",BANK-3088517710,2024-11-11,0,
C00885,Amber Richardson,DVC-fea7aab2,"77794 Martin Station Suite 266, New Derrick, AK 73306",BANK-4277581356,2026-05-17,0,
C00005,Renee Morales,DVC-88685521,"76724 John Points Suite 969, Coxberg, NY 65187",BANK-4163119785,2024-11-13,0,
C00797,David Burke,DVC-f02a75d8,"931 Marquez Brooks, Armstrongstad, MS 03187",BANK-9771848610,2025-09-20,0,
C00051,Mark Stevens,DVC-6d660ab5,"8217 Huerta Hills Suite 474, South Melissa, CT 31592",BANK-5284391408,2025-06-27,0,
C00499,Jessica Jensen,DVC-2c094229,"6843 Matthew Neck, New Ronaldton, ME 14926",BANK-3698305085,2025-04-01,0,
C00129,Rachel Norris,DVC-7db766b9,"16315 Novak Islands Apt. 477, West Angela, MS 57104",BANK-6305160342,2025-01-26,0,
C00513,Lindsey Thompson,DVC-b684b8bd,"624 Bailey Cove, Sabrinastad, KS 93733",BANK-5151086814,2026-05-17,0,
C00305,Justin Jones,DVC-c2012c73,"9639 Amy Orchard Suite 153, Muellerchester, OK 45353",BANK-4658080160,2025-10-31,0,
C00074,Kathryn Rosario,DVC-3d900a10,"182 John Mill Suite 889, West Nathan, LA 51280",BANK-5067116918,2025-07-18,0,
C00416,James Carey,DVC-ee3f837b,"99378 Avery Grove, West Stevenchester, CA 63962",BANK-8293928340,2024-09-26,0,
C00210,Cassandra Lane,DVC-0ade0bf3,"69958 Barnes Rest, West Raymond, MA 39058",BANK-6587537178,2025-08-21,0,
C00131,Eric Ward,DVC-496f0c28,"26788 Garcia Corners, Angelamouth, VI 50994",BANK-3660223333,2024-09-13,0,
C00742,Jennifer Jackson,DVC-29e118df,"480 Flores Expressway, Lake Johnport, KS 59343",BANK-2293434554,2025-08-06,0,
C00511,Michael Harris,DVC-f727421a,"45723 Amy Grove Apt. 001, Curtischester, FL 00659",BANK-5789617427,2025-02-25,0,
C00248,Adam Craig,DVC-c1bbeac2,"5942 Young Mountains, Michaelfort, NE 28095",BANK-4034047118,2025-07-26,0,
C00862,Maureen Cross,DVC-ab25050b,"36258 Lewis Inlet, Christopherton, GU 51643",BANK-3796581976,2025-04-18,0,
C00488,Paul White,DVC-15e20980,"9240 Diane Divide Suite 940, Jasminebury, TX 80284",BANK-6313758032,2025-07-25,0,
C00387,Denise Macdonald,DVC-53f9bf75,"926 John Parks, West Anthonyville, MO 49464",BANK-9935429720,2025-12-06,0,
C00579,James Welch,DVC-563ad0f3,"1762 James Overpass, Sheltonbury, ID 97776",BANK-7242730249,2025-01-07,0,
C00503,Christina Le MD,DVC-22df9d64,"557 Rhonda Cliff Suite 688, East Carolberg, LA 06457",BANK-4145461251,2025-11-17,0,
C00475,Maurice Solis,DVC-39275df5,"8149 Welch Forge Suite 460, Ericborough, PR 96531",BANK-1730074215,2026-05-26,0,
C00630,Jamie Cruz,DVC-8c3abb11,"581 Stephanie Roads Suite 268, Henryview, TX 16261",BANK-2409274786,2025-11-11,0,
C00685,Daniel Shepard,DVC-956e4475,"563 Tracie Union Suite 748, South Allenfurt, AS 55553",BANK-8075122626,2025-07-11,0,
C00718,Michael Moore,DVC-fffd5903,"2827 Christy Plain, Port Sarahport, CT 46252",BANK-9049270990,2026-02-16,0,
C00844,Eric Duran,DVC-32234311,"369 Davis Mountains Apt. 350, Michaelbury, ND 44204",BANK-9471306442,2025-09-22,0,
C00389,Natasha Payne,DVC-47de2558,"4236 Andrew Fords, South Kimberly, LA 85326",BANK-1392245997,2026-04-11,0,
C00621,Christopher Hancock,DVC-d07565b0,"26978 Brian Park, Robertmouth, MP 20242",BANK-7193532615,2024-10-02,0,
C00450,Stephanie Patel,DVC-d4f0257c,"816 Wallace Rapid, North Kelseyborough, IA 49606",BANK-2891100776,2025-03-08,0,
C00324,Richard Williams,DVC-7b96a35d,"829 Sandy Camp Apt. 707, East Jacquelineberg, AL 23078",BANK-6246716604,2026-01-08,0,
C00435,Joseph Lloyd,DVC-b675b2f2,"112 Laura Fields Suite 559, Rowlandbury, PW 06555",BANK-4524233168,2026-04-19,0,
C00757,Chloe Lindsey,DVC-9b1752b7,"0443 Kenneth Burgs Suite 157, South Connie, OH 21076",BANK-5364727160,2025-12-09,0,
C00069,Crystal Hansen,DVC-4edcad29,"60607 Michelle Ports Suite 966, Dariustown, MD 23028",BANK-6687206971,2026-05-19,0,
C00765,Crystal Zamora,DVC-a824e6a8,"040 Maria Wall, Jamiefurt, VA 43408",BANK-3713284816,2025-08-25,0,
C00838,Martin Wilson,DVC-e4d8cc1a,"033 Jessica Spur, Andersonborough, KY 15261",BANK-1370292681,2025-11-24,0,
C00399,Rebecca Marsh,DVC-114da23c,"1722 Eric Overpass, Port Robertfort, ME 31266",BANK-4683935600,2025-02-13,0,
C00677,Reginald Gutierrez,DVC-23f43877,"493 Samuel Islands, Angelaport, UT 03365",BANK-4847761430,2024-12-22,0,
C00293,James Jones,DVC-a75a9c36,"7214 Rose Pine, Lake Jason, AR 14827",BANK-4361393222,2025-11-21,0,
C00349,Kathleen Singh,DVC-750238d1,"44714 White Spurs, North David, KY 65126",BANK-3051831252,2024-10-25,0,
C00283,Sylvia Stewart,DVC-60e8dd35,"52056 Turner Summit, Edwinborough, CT 17742",BANK-6231117883,2025-01-25,0,
C00143,James Carlson,DVC-4eb19112,"78282 Roberts Ferry Suite 790, Stephaniefort, DC 26076",BANK-4783282817,2026-05-30,0,
C00752,Sarah Ramirez,DVC-56dc7ad6,"6270 Ali Cliff Suite 794, East April, NM 28865",BANK-9481076448,2025-07-24,0,
C00921,Whitney Henry,DVC-bfa4ce6d,"82491 Lisa Meadow Suite 020, North Ericport, MN 84277",BANK-3063511828,2026-08-13,1,RING-3
C00095,Jennifer Fowler,DVC-afcc7541,"473 Evans Cliffs Apt. 276, Marshallmouth, PA 19331",BANK-8763140509,2025-05-04,0,
C00599,Phillip Banks,DVC-3bcbf01d,"USNS Cunningham, FPO AP 83118",BANK-2578662692,2025-11-03,0,
C00100,John Bryant,DVC-3ee8e895,"9526 Wheeler Parkways, Ericksonport, NJ 02681",BANK-1422701550,2025-06-17,0,
C00617,Danielle Smith,DVC-e96e9451,"670 Justin Burg, Lake Kelsey, IA 04928",BANK-3653594796,2025-04-03,0,
C00343,Dominique Mcpherson,DVC-652e1c7c,"31059 Scott Land, East Anna, AZ 87736",BANK-3108307952,2025-05-08,0,
C00198,Mary Nelson,DVC-6251c9aa,"1891 Wilson Coves, Gonzalezborough, WI 34972",BANK-3196545325,2026-06-11,0,
C00840,Maxwell Arroyo,DVC-7127eddd,"6040 Ford Circle Apt. 784, South Daniel, LA 18942",BANK-8382488970,2025-04-12,0,
C00830,Aaron Kelly,DVC-06eb2fff,"Unit 5560 Box 5712, DPO AE 78442",BANK-3738900744,2025-10-13,0,
C00432,Richard Williams,DVC-b793922d,"337 John Street, Lindsayfurt, IL 52970",BANK-4710967433,2025-01-25,0,
C00632,Kathryn Smith,DVC-58687063,"760 Hill Centers Apt. 797, Thompsonside, AS 14117",BANK-8503368512,2024-10-03,0,
C00358,Darren Rodriguez,DVC-7a330e96,"Unit 1718 Box 2754, DPO AP 95152",BANK-7196439534,2024-10-05,0,
C00265,Erica Brown,DVC-7fc3c951,"Unit 6387 Box 8294, DPO AA 54214",BANK-5510938155,2026-01-14,0,
C00486,Larry Jones,DVC-f7eee3a6,"861 Bowman Lake, Kimberlyberg, VI 30092",BANK-8925520026,2025-04-04,0,
C00707,Ashley Bowen,DVC-73adeeb1,"726 Joseph Station Suite 557, Kariburgh, MD 02588",BANK-2879792991,2024-11-29,0,
C00508,Rhonda Mullins,DVC-a9eade55,"652 Davis Falls, Lopezburgh, ID 75167",BANK-9218363978,2025-09-19,0,
C00298,Carol Obrien,DVC-2a1dc9ae,"5046 Tyler Freeway, Shannonport, IL 69326",BANK-5748253283,2025-04-26,0,
C00453,James Stewart,DVC-b3e0e7b2,"14950 Nicole Loop Suite 971, West Susan, PA 43014",BANK-1662976399,2026-01-07,0,
C00288,Alexander Chavez,DVC-228b3012,"PSC 3714, Box 5211, APO AE 93067",BANK-9410288290,2025-08-19,0,
C00418,Kimberly Henderson,DVC-ad9cfdf0,"PSC 7007, Box 9420, APO AE 63702",BANK-5975196341,2025-04-04,0,
C00705,Robin Fuller,DVC-5d0d08e5,"92051 Knapp Unions, Lake Stephenview, MI 90024",BANK-2617999521,2025-05-29,0,
C00472,Steven Martinez,DVC-92ae5c5f,"53991 Bennett Stravenue Suite 863, West Darrell, CO 15100",BANK-1625217504,2024-11-12,0,
C00686,Ariel Ward,DVC-d108021e,"4316 Smith Harbor, Brandonbury, HI 74501",BANK-5578056564,2024-09-11,0,
C00216,Rachel Moore,DVC-2b7f4eec,"53355 Carter Terrace Suite 801, Seanbury, AZ 89964",BANK-2439622619,2026-07-23,0,
C00023,Stephanie Gilbert,DVC-3672c2d3,"4369 Marshall Mills, New Thomas, MH 96964",BANK-4466589567,2025-01-13,0,
C00810,Jacqueline Harrison,DVC-552632d1,"USNV Welch, FPO AA 69537",BANK-8211516617,2025-01-02,0,
C00725,Michael Glass,DVC-8faf2332,"526 Nathan Villages, Williamsberg, PA 32767",BANK-5523703900,2025-12-30,0,
C00479,Jennifer Johnson,DVC-1babee84,"9261 Hancock Run Suite 475, North Darrylville, NM 84571",BANK-1614685938,2026-02-05,0,
C00190,Wendy Cabrera,DVC-83e7b2bb,"875 Bruce Ville, West Connor, DC 97614",BANK-4712367625,2025-03-23,0,
C00646,Janet Gibson,DVC-6eb7ad08,"0464 Cassandra Unions Suite 857, Meganstad, DE 23941",BANK-7949795085,2025-07-30,0,
C00940,Melissa Bowen,DVC-9e00bda1,"98832 Anthony Spring Apt. 256, New Jacobton, FM 06329",BANK-2000025413,2026-07-19,1,RING-6
C00204,Sean Warren,DVC-09d2b127,"588 Ryan Stream, South Michael, TX 84571",BANK-6859286614,2025-06-29,0,
C00784,Brett Hughes,DVC-d485efdb,"28217 Ashlee Gateway, Francostad, IN 34903",BANK-7525240100,2025-07-16,0,
C00101,Brian Butler,DVC-24801220,"749 Jennifer Prairie, Jacksonfurt, FL 89725",BANK-4700855390,2025-03-11,0,
C00374,Robert Murphy,DVC-35d8c25b,"363 Daniel Forest Suite 764, South Amandaville, MD 72032",BANK-5010075517,2025-07-30,0,
C00562,Jason Robinson,DVC-1de4c590,"Unit 5703 Box 9653, DPO AP 12202",BANK-5763350700,2025-02-01,0,
C00942,Antonio Monroe,DVC-060f61ad,"98832 Anthony Spring Apt. 256, New Jacobton, FM 06329",BANK-2000025413,2026-05-15,1,RING-6
C00733,Lisa Reed,DVC-966f2768,"Unit 7727 Box 8532, DPO AA 84006",BANK-4398953973,2026-03-25,0,
C00526,Kenneth Gomez,DVC-db86e5f2,"7472 Teresa Oval Apt. 546, Vincentberg, NV 48569",BANK-9861449701,2025-10-07,0,
C00267,Jacob Obrien,DVC-7de3a70c,"717 Michael Summit, Shortton, GU 81363",BANK-6204041308,2025-03-29,0,
C00670,John Garcia,DVC-198fc9a2,"9096 Jennifer Mills Apt. 997, West Karenview, NM 83224",BANK-6628158856,2025-01-19,0,
C00376,Tyler Cox,DVC-225bf2f6,"376 Renee Lock, Kevinbury, ME 28076",BANK-3338877621,2026-07-03,0,
C00142,Michael Mcbride,DVC-4bf67004,"PSC 9125, Box 1341, APO AE 49430",BANK-9303285822,2026-02-24,0,
C00179,John Perez,DVC-1fe984d6,"11586 Angela Ville, Cardenaschester, ND 90556",BANK-4482141802,2026-07-09,0,
C00795,Aaron Lambert,DVC-f758aa25,"3311 Marquez Mills Apt. 696, New Kathyborough, FM 88753",BANK-8257484586,2025-09-20,0,
C00460,Chad Harrison,DVC-f51a3c18,"08576 Bentley Summit, Patrickport, SD 77611",BANK-1293864877,2024-10-29,0,
C00458,Christopher Wright,DVC-28226ca3,"347 Stephanie Lake Suite 627, Hendersonchester, WV 20932",BANK-8556573246,2026-06-02,0,
C00690,Larry Walsh,DVC-9562f24b,"2585 Tim Summit Apt. 238, Port Sheri, IN 86904",BANK-4750707607,2024-11-06,0,
C00894,Holly Smith,DVC-d7d456e3,"223 Murphy Estate, South Erikastad, AL 44416",BANK-7316122432,2025-10-27,0,
C00364,Matthew Chan,DVC-8c56bf58,"6246 Gallagher Port, Kellerside, OK 62081",BANK-1674555072,2025-09-08,0,
C00710,Victoria Sanchez,DVC-ecdf451a,"04309 Massey Mall, South Jacob, NC 76640",BANK-3293560436,2025-07-11,0,
C00870,Benjamin Martinez,DVC-b544cb2a,"84336 Cooper Burg Apt. 632, East Catherine, NY 19884",BANK-7183058541,2024-10-31,0,
C00491,Haley Gamble,DVC-9cc9a409,"728 Gregory Lakes, New Michael, AR 55908",BANK-2268006448,2025-09-23,0,
C00241,Richard Dixon,DVC-d1d189ea,"053 Theresa Corners, Kimberlystad, TN 52293",BANK-9922723063,2025-07-15,0,
C00482,Justin Mcbride,DVC-f3d8be54,"321 York Bypass, North Williamstad, ND 22993",BANK-9165632300,2025-07-29,0,
C00485,Jennifer Miller,DVC-744311ec,"283 Crystal Grove Apt. 598, South Lorraine, MD 57337",BANK-6369130994,2025-06-25,0,
C00008,Alec Hickman,DVC-cbc7a97a,"03911 Cabrera Trace Apt. 278, West Allison, PA 55962",BANK-1127978094,2025-02-15,0,
C00727,Mark Wilson,DVC-0eb6d7bd,"PSC 7128, Box 5246, APO AA 70789",BANK-6307626407,2025-04-14,0,
C00348,Tyler Avila,DVC-041095d1,"462 Page Throughway Apt. 326, Angelaton, GU 40083",BANK-5515628633,2026-06-14,0,
C00280,Michelle Williams,DVC-a48ac29a,"PSC 4576, Box 2055, APO AA 82451",BANK-1654477195,2025-04-26,0,
C00153,Brenda Martinez,DVC-2f8c9513,"5234 John Rapid Suite 043, Lake Peter, SD 07653",BANK-3597724331,2026-05-05,0,
C00419,Sara James,DVC-a356105a,"840 Jocelyn Port, West Christopherville, MP 18805",BANK-3365835550,2026-03-21,0,
C00024,Diane Beck,DVC-32fb2400,"43320 John Mountains, South Robertshire, ID 94656",BANK-8429141456,2026-02-26,0,
C00405,Susan Smith,DVC-fd7039bd,"673 Terry Valleys, Roweport, CO 05346",BANK-6645808194,2025-10-26,0,
C00896,Debra Jordan,DVC-48eec55b,"022 Melissa Union Apt. 938, Proctorview, NY 38756",BANK-4638577630,2026-01-20,0,
C00908,Jillian Stewart,DVC-2598eb9a,"79720 Adrienne Squares, Brandiview, WY 05441",BANK-1167134213,2026-05-11,1,RING-2
C00549,Richard Johnston,DVC-05b69dce,"2608 Matthew Brook Apt. 716, Joshuastad, MO 10956",BANK-4735313433,2025-11-10,0,
C00233,Nathan Stanley,DVC-9f46b59d,"79772 Maria Rapid, Port Brandi, WI 24340",BANK-7462972995,2026-01-01,0,
C00638,Melanie Roberts,DVC-02c80d25,"83437 Johnson Crescent Apt. 727, Nathanfurt, TN 77622",BANK-5375461598,2026-08-05,0,
C00088,David Brewer,DVC-7d9aee2b,"275 Wallace Club, New Michael, MD 85640",BANK-4888749350,2025-04-08,0,
C00220,Diane Mcintosh,DVC-55db3b42,"20190 Taylor Junctions, Randolphborough, RI 98382",BANK-1104906255,2026-07-24,0,
C00027,Joshua Taylor,DVC-f2252e2a,"316 Rivera Mountain, Brownchester, MS 77057",BANK-7665963761,2026-02-26,0,
C00786,Raymond Reynolds,DVC-f4afec94,"120 Ramirez Harbors, Santosmouth, ME 70662",BANK-8417757797,2025-12-18,0,
C00443,Margaret Torres,DVC-f8622732,"97023 Rhonda Lights, Jamieport, TN 69234",BANK-5482431018,2024-10-28,0,
C00628,Sarah Jacobs,DVC-8208a690,"Unit 9732 Box 0331, DPO AP 19701",BANK-1033015788,2024-12-24,0,
C00334,Theresa Mcintyre,DVC-9a13ed9b,"PSC 6007, Box 8068, APO AA 63319",BANK-7374584386,2026-05-25,0,
C00863,Lynn Moore,DVC-2e8d9e46,"USNV Todd, FPO AE 24957",BANK-3744446292,2025-07-14,0,
C00878,Sabrina Phillips,DVC-9d1eeceb,"9806 Veronica Mountains Apt. 617, Comptontown, SD 58433",BANK-2370592316,2025-01-17,0,
C00205,Ronald Mcclain,DVC-55c3b25e,"287 Booth Club, Floresmouth, KY 07100",BANK-4642197907,2025-10-02,0,
C00019,Mary Gomez,DVC-0cd0f7c8,"232 Nicole Burg Apt. 563, Erikville, MS 05576",BANK-5693307665,2026-07-02,0,
C00726,Sonia Henderson,DVC-d0ee7e09,"46066 Ramirez Field Suite 490, Williamsmouth, DC 87396",BANK-7451071432,2026-02-21,0,
C00042,Yvonne Chambers,DVC-5b2312e7,"78742 Walters Overpass, South Michaelmouth, MD 88336",BANK-4332894265,2024-11-24,0,
C00058,Brett Burns,DVC-21b16f6c,"53773 Garcia Spur Suite 850, Hillville, PR 60101",BANK-9639245200,2024-11-14,0,
C00176,Stephanie Davis,DVC-6703ebd6,"062 Moore Courts Suite 336, Donnaport, IA 13072",BANK-9080621072,2024-10-12,0,
C00195,Lori Wright,DVC-28956d31,"2168 Jackson View Apt. 447, Ryanberg, MA 64749",BANK-2140169349,2025-06-10,0,
C00167,James Simmons MD,DVC-34a0fb72,"PSC 4472, Box 0999, APO AE 85341",BANK-5931025271,2025-04-21,0,
C00148,Lori Brooks,DVC-130ed06a,"8457 Murphy Alley, Lake Teresastad, PR 08801",BANK-9623534576,2026-05-15,0,
C00436,Chelsea Nichols,DVC-e5eb8910,"04289 Clark Common Suite 912, Potterhaven, MN 65851",BANK-5933179746,2025-10-12,0,
C00545,Diana Long,DVC-5a168e63,"37676 Cabrera Road Apt. 966, New Michael, MH 83430",BANK-3846570058,2026-06-02,0,
C00593,James Gilbert,DVC-a25e9264,"901 Carroll Islands Suite 277, South Alanton, MI 63442",BANK-9454207717,2026-01-12,0,
C00213,Christina Weaver,DVC-fd887add,"98386 William Underpass Suite 066, Fryemouth, OH 07552",BANK-8106906538,2024-09-14,0,
C00538,Cheryl Newman,DVC-8fffe6b4,"62658 Samuel Courts Apt. 819, Cameronview, MP 72971",BANK-7199283151,2025-01-05,0,
C00236,Hayley Ballard,DVC-743015e3,"PSC 9162, Box 4731, APO AA 78920",BANK-7333678472,2026-07-17,0,
C00516,Nicole Warner,DVC-480a55a2,"05872 Brian Keys, Melindaberg, LA 60845",BANK-8690920484,2024-12-24,0,
C00322,Andrea Perez,DVC-e4cc60e6,"98554 Brown Rue Apt. 585, Port Steveport, SD 27124",BANK-4405620755,2025-01-19,0,
C00327,David Perkins,DVC-a2bfdc2a,"07100 Sara Squares Suite 672, East Danielle, NC 59538",BANK-7575259637,2025-07-21,0,
C00226,Casey Obrien,DVC-56f7801f,"341 Patricia Vista, Port Bonniefurt, WI 77838",BANK-7519578899,2025-02-16,0,
C00595,David Buchanan,DVC-e7eccb3a,"32290 Danny Camp Apt. 879, Bobbybury, AR 94158",BANK-2510308881,2025-03-24,0,
C00620,Jonathan Long,DVC-dba7c312,"3906 Sergio Neck, Lake Lanceberg, AS 83065",BANK-8137972345,2024-11-07,0,
C00227,Kristen Stephens,DVC-b00ae8a9,"Unit 7256 Box 3942, DPO AA 66184",BANK-9805620900,2025-10-05,0,
C00043,Erin Steele,DVC-86ecfe2b,"071 King Crescent Suite 808, Gutierrezborough, NC 47920",BANK-6649827836,2025-12-31,0,
C00758,Ernest Giles,DVC-d7f0a4f6,"974 Brenda Islands, North Brianmouth, OH 63035",BANK-4386667704,2025-06-17,0,
C00188,Lauren Smith,DVC-efc99503,"Unit 5899 Box 4417, DPO AE 44578",BANK-6124453431,2025-04-06,0,
C00398,Todd Reed DDS,DVC-4f70606b,"375 Hall Forges Suite 972, Jenniferfurt, MT 88726",BANK-3878201524,2026-01-23,0,
C00099,Joshua Bryan,DVC-a942551a,"16558 Fischer Flat, Porterton, AZ 18462",BANK-4131356954,2026-03-12,0,
C00613,John Flores,DVC-f875977b,"277 Mcdaniel Burgs Suite 483, Brownmouth, KS 88973",BANK-2464137110,2025-05-08,0,
C00859,Rachel Bennett,DVC-4f285b23,"706 John Rapids, Montgomerytown, WI 82342",BANK-3420721027,2026-05-01,0,
C00185,Kelly Carroll,DVC-8169ab87,"30705 Joshua View, Wagnerville, TX 04506",BANK-7271954644,2025-03-10,0,
C00741,Erica Dawson,DVC-c9735a70,"USS Gomez, FPO AA 02592",BANK-2237386857,2025-12-31,0,
C00202,Samuel Marsh,DVC-2560af3b,"20216 Pham Springs, Whitefurt, WI 47503",BANK-9597198563,2025-12-22,0,
C00827,Randy Blake,DVC-a70e96ed,"75188 Dixon Orchard, Kristenstad, WY 12563",BANK-7623575561,2025-06-05,0,
C00789,Matthew Tate,DVC-46de23c3,"435 Harris Mountain, North Jenny, FM 38703",BANK-7637761996,2026-01-13,0,
C00826,Alicia Anderson,DVC-6fbd2815,"44626 Jessica Lake Apt. 448, North Tonyaville, PR 00937",BANK-9868845806,2025-03-09,0,
C00264,Erica Mcdonald,DVC-82f246a6,"82744 Gibson Trail, Grosstown, RI 48221",BANK-2982979741,2026-04-29,0,
C00737,Brittney Morales,DVC-e487ccee,"65732 Stewart Track, Lake Coltonland, CO 03314",BANK-1340272119,2024-09-10,0,
C00108,Tanya Rogers,DVC-e3f990a2,"87431 Martin Mount Suite 205, Ashleyborough, HI 80580",BANK-9807209816,2026-06-30,0,
C00498,Luke Daniel,DVC-d5089331,"5420 Jacqueline Way, Antonioton, DE 02710",BANK-4600630513,2025-01-31,0,
C00006,Shannon Hernandez,DVC-68e55704,"166 Rice Plaza Apt. 184, Danielchester, GA 59971",BANK-9963334018,2024-09-06,0,
C00629,Shannon Morris,DVC-18c7f98a,"PSC 0287, Box 6754, APO AP 15875",BANK-6392415228,2025-03-10,0,
C00172,Jennifer Garcia,DVC-84dfa99a,"67528 Walker Radial, South Kurt, UT 39103",BANK-5736462531,2024-12-11,0,
C00614,Robert Coleman,DVC-4bcd4b63,"7350 West Forges, New Jamie, SC 14960",BANK-6884333221,2025-12-24,0,
C00683,Amanda Anderson,DVC-04229090,"5333 Martin Groves, East Kelsey, AK 18498",BANK-6509985983,2026-07-17,0,
C00363,Katherine Owens,DVC-baf3fee3,"8485 Stephanie Bypass Suite 167, Melissamouth, NH 05217",BANK-3836517266,2024-09-29,0,
C00178,Richard Ruiz,DVC-ccbe842e,"PSC 4186, Box 2565, APO AE 58929",BANK-9292791081,2024-10-08,0,
C00338,Holly Thompson,DVC-facf2130,"325 Amber Run, Mclaughlinshire, VI 92624",BANK-9650701349,2025-02-13,0,
C00040,Douglas Heath,DVC-3ec90eb7,"9361 Deborah Grove, North Brian, WY 40820",BANK-3392080953,2025-12-10,0,
C00311,Janice Perez,DVC-6fdf0580,"738 Jenkins Plains, Arthurton, OK 63843",BANK-6075963527,2026-03-05,0,
C00302,Regina Andrews,DVC-586662a1,"587 David Mountains Apt. 160, South Philipshire, SC 90957",BANK-2870403050,2026-03-01,0,
C00493,Jennifer Leblanc,DVC-5b564295,"USS Walls, FPO AP 64499",BANK-2178884276,2024-10-18,0,
C00633,Louis Reeves,DVC-bdf9d76a,"16107 Leon Walks, Tonyaborough, SD 80979",BANK-1754603440,2026-03-30,0,
C00449,Brenda Hoover,DVC-02eecd74,"PSC 7672, Box 0191, APO AE 15274",BANK-4735334423,2025-02-19,0,
C00286,Stacy Patterson,DVC-e7a2b4df,"569 Abigail Mission Suite 038, Terrellton, OH 51278",BANK-4518871744,2025-10-09,0,
C00822,Matthew Doyle,DVC-b16349b5,"999 Ryan Street Apt. 798, Ambermouth, AZ 37789",BANK-3109688769,2025-05-20,0,
C00855,Christopher Hill,DVC-0c9d0e49,"00001 Martin Summit, North Haileyfort, AS 13380",BANK-7660813178,2025-08-10,0,
C00568,Jeremy Edwards,DVC-237daf22,"USNV Mcdonald, FPO AA 61652",BANK-3946766309,2025-07-27,0,
C00573,Debbie Salazar,DVC-17886e8e,"2022 George Streets, South Timothy, LA 87996",BANK-6691628146,2024-11-20,0,
C00791,Dawn Simpson,DVC-d678970f,"USNV Dixon, FPO AA 26609",BANK-5638860656,2025-03-29,0,
C00610,Stephanie Johnson,DVC-7517f17f,"80032 Wiggins Forges Apt. 472, Cervantesfort, LA 17775",BANK-1131671246,2025-02-05,0,
C00151,Blake Wheeler,DVC-44752911,"05162 Jones Lights Apt. 115, Nicoleberg, MS 99218",BANK-3376077463,2026-07-15,0,
C00901,Danny Esparza,DVC-f0e039fd,"25942 Cynthia Dale Suite 633, West Richardview, CO 90215",BANK-5489281916,2026-08-13,1,RING-1
C00734,Walter Kidd,DVC-e9cf32ed,"064 Brad Loop Apt. 625, South Robert, MT 60870",BANK-1590985753,2026-03-27,0,
C00521,Rose Mcdonald,DVC-4b8f5049,"2056 Joseph Cove Apt. 595, East Julianside, CT 09062",BANK-7805633786,2025-02-15,0,
C00115,Christopher Medina,DVC-9025ae79,"04786 Morrow Gateway, Reedview, ID 95531",BANK-2627677155,2026-04-21,0,
C00584,Dean Cook,DVC-be34cd90,"85037 Linda Port, West Tinachester, PA 97401",BANK-1288335378,2025-12-23,0,
C00380,Amber Williamson,DVC-f43d9c02,"52910 Ayala Motorway, Wilsonborough, ID 35392",BANK-1306702926,2025-04-15,0,
C00779,Bruce Black,DVC-5332fbcb,"2049 Simmons Spur Apt. 137, Wrightfurt, WI 98088",BANK-9115282784,2026-05-23,0,
C00250,Nancy Kennedy,DVC-4e7edad8,"2885 Evans Points Apt. 612, East Lisafort, MP 83058",BANK-7045593274,2024-11-17,0,
C00881,Jessica Adams,DVC-37864092,"656 Sandra Forge Apt. 876, Lake Mariaberg, WI 25442",BANK-2064803502,2026-05-23,0,
C00883,Susan Price,DVC-c8638d87,"Unit 1683 Box 1139, DPO AA 03841",BANK-7937993287,2024-10-11,0,
C00771,Erica Fowler,DVC-ba7f06cb,"7542 Lowe Lodge Suite 619, Nicolemouth, MI 85103",BANK-9303765140,2025-09-01,0,
C00362,Barry Gregory,DVC-835a43fc,"Unit 6952 Box 4991, DPO AE 87150",BANK-6201313620,2026-04-10,0,
C00565,Mr. Edward Chavez,DVC-6a337d65,"74065 Brendan Dam, Natashahaven, TN 73999",BANK-7534583219,2025-01-02,0,
C00173,Aaron Miles,DVC-767981ca,"95939 Sharon Divide, Juliebury, MI 42380",BANK-4993808565,2025-01-12,0,
C00351,Tina Williams,DVC-eb89689b,"321 Amy Well, Margaretport, KY 90343",BANK-7015992643,2026-02-28,0,
C00776,Tamara Reid,DVC-ac345afb,"75504 Callahan Lights Apt. 699, Stacyfort, AK 50304",BANK-4353689019,2024-10-04,0,
C00192,Elizabeth French,DVC-56731dcf,"471 Brown Roads Apt. 738, Port Erinhaven, ME 54647",BANK-7597996327,2024-10-15,0,
C00038,Jennifer Jones,DVC-931f99f6,"29413 Angela Mall, Port Alexandra, NV 58529",BANK-5996775663,2025-04-22,0,
C00187,Carlos Thompson,DVC-23c2296e,"9446 York Mount, Jefferyport, TX 68742",BANK-9691572571,2026-06-06,0,
C00314,Darlene Gilbert,DVC-78275cb4,"19292 Wood Extensions Suite 372, West Traceyberg, PA 20705",BANK-6756711494,2026-06-16,0,
C00660,Judy Sutton,DVC-ad6764c0,"78195 John Stravenue, North Kaitlynchester, VI 68627",BANK-1847275937,2025-09-04,0,
C00329,Mary Hill,DVC-e3825e1b,"772 Elizabeth Cape, Lake Michaelborough, NE 33450",BANK-8313706299,2025-05-21,0,
C00912,Kelly Hoffman,DVC-c0142e24,"64154 Rodriguez Views Suite 313, West Christine, IL 55483",BANK-1172893522,2026-06-02,1,RING-2
C00481,Arthur Stout,DVC-1bd5a762,"0688 Brown Villages, Port Karenville, HI 79026",BANK-8750840032,2026-02-25,0,
C00692,Taylor Cruz,DVC-1187b8f5,"02032 Morris Ports, Webbstad, ID 82907",BANK-6797436140,2026-07-11,0,
C00640,Joyce Johnston,DVC-bf24dece,"3459 Olson Locks Suite 038, South Ronaldview, OK 53028",BANK-8997701619,2025-12-08,0,
C00166,Maria Aguilar,DVC-2c51b0da,"13721 Martinez Mountain, East Sandrachester, GU 95453",BANK-8879525611,2025-07-07,0,
C00339,Paige Flores,DVC-f4eb35bc,"PSC 8640, Box 1557, APO AA 66227",BANK-3294092753,2025-10-18,0,
C00175,Heather Bennett,DVC-76376705,"71040 Green Cove, West Georgefurt, GA 96443",BANK-4482238042,2024-11-01,0,
C00668,Shelia Waller,DVC-cb672519,"42337 Billy Rest, Andrealand, WA 25406",BANK-5536224717,2026-03-27,0,
C00104,Kenneth Daniels,DVC-11c1a238,"PSC 6524, Box 0415, APO AA 86480",BANK-2811967841,2025-03-22,0,
C00801,Chelsea Buchanan,DVC-a9b08779,"8088 Phillip Expressway, South Ericberg, IA 80319",BANK-8033062794,2026-06-14,0,
C00850,Melinda Orozco,DVC-e83ee16d,"12616 Holly Expressway, Jenniferside, FM 89255",BANK-1707196784,2025-10-21,0,
C00667,Barbara Gonzalez,DVC-77978a99,"833 Beck Locks, West Williamview, OH 70592",BANK-5588254555,2026-06-23,0,
C00539,Christina Davis,DVC-ad558699,"98196 Julia Curve, Waltersstad, HI 31921",BANK-5082603360,2026-01-23,0,
C00011,John Daniel,DVC-a60ec2e8,"65133 Amanda Dam, Whitemouth, IA 10381",BANK-7635473142,2025-08-14,0,
C00557,Jeffrey Maldonado DDS,DVC-a65a863e,"USNS Wilson, FPO AE 75897",BANK-8480622107,2025-03-29,0,
C00487,James Novak,DVC-4410bc9b,"28497 Allison Squares, Andreaville, MH 06787",BANK-3075362821,2025-01-14,0,
C00353,Lisa Guerra,DVC-41186b1d,"7112 Timothy Inlet, Donmouth, FM 78836",BANK-1230249217,2025-10-15,0,
C00345,Kimberly Romero,DVC-43f03fde,"97013 Wilson Harbor Apt. 658, Amberfurt, ME 17584",BANK-7760554363,2024-11-14,0,
C00480,Courtney Matthews,DVC-e8ff9161,"Unit 7419 Box 2676, DPO AA 75398",BANK-6385791669,2024-12-10,0,
C00020,Curtis Sellers,DVC-810d3e3c,"29462 Mary Ramp Apt. 556, Port Judytown, AS 28631",BANK-5710360983,2025-05-19,0,
C00566,Michelle Thomas,DVC-e1c90aa1,"143 Thomas Knoll Apt. 666, West Samanthaport, HI 74413",BANK-5140460939,2025-08-08,0,
C00469,Nicole Wright,DVC-5ff43b2f,"630 Smith Lake Apt. 573, Rossland, MI 56588",BANK-4419410162,2025-09-08,0,
C00159,Crystal Hicks,DVC-07d93f4c,"07562 Sarah Walks, New Lindachester, IN 42680",BANK-5310195918,2025-03-15,0,
C00597,Jeffery Campbell,DVC-30bc703b,"6574 Ethan Cape Suite 290, New Jasonmouth, NY 94318",BANK-8115628227,2026-05-03,0,
C00253,Tracie Gutierrez,DVC-712cbcf8,"34132 Garcia Circles, Kelleytown, WI 52538",BANK-7099469983,2025-10-15,0,
C00097,Kenneth Edwards,DVC-e0153210,"774 Johnson Lock Suite 339, Brandonport, NM 78818",BANK-7146318035,2026-07-21,0,
C00383,Tracy George,DVC-5e46195e,"48964 Lambert Curve, New Harryburgh, NY 65098",BANK-8252816758,2025-05-25,0,
C00821,Felicia Williams,DVC-6d7a8043,"3260 Crystal Station Suite 955, North Timothyhaven, ID 28165",BANK-2916728422,2024-12-27,0,
C00289,Angela Zimmerman,DVC-495ca33c,"8602 Cunningham Shoals, East Misty, HI 93830",BANK-4070964768,2024-10-13,0,
C00873,Troy Saunders,DVC-e7f85f9e,"0688 Ryan Coves Suite 768, New Jason, NC 35075",BANK-3605585995,2025-04-17,0,
C00181,Rodney Hernandez,DVC-17479ee7,"116 Arnold Walks Suite 870, Rodriguezberg, FL 74765",BANK-5759234471,2025-12-04,0,
C00703,Jeffrey Baker,DVC-de787e75,"Unit 7899 Box 6986, DPO AE 79362",BANK-5626388820,2024-11-26,0,
C00732,Keith Vincent,DVC-11291021,"810 Pineda Rue, Campbellfurt, NV 98551",BANK-8086527181,2025-03-07,0,
C00559,Nancy Phelps,DVC-8471ddc8,"1225 Thomas Bridge, Pattersontown, HI 35082",BANK-4202607993,2026-07-20,0,
C00843,Steven King,DVC-b0690bb6,"780 Susan Islands, Bradleytown, NJ 25852",BANK-1316756902,2025-01-27,0,
C00304,Jenna Lyons,DVC-efd68dfe,"7017 Michael Mountain Apt. 459, New Dakota, GU 94122",BANK-6447717367,2026-05-15,0,
C00122,Jennifer Hernandez,DVC-e53baa05,"378 Scott View Suite 772, Garyside, NM 24624",BANK-3328710672,2026-07-26,0,
C00091,Cynthia Snyder,DVC-19453f79,"8291 Kyle Stravenue Suite 866, East Teresaland, NV 61558",BANK-6317189421,2026-02-14,0,
C00409,Kelly Foster,DVC-a1ae56ed,"677 Colon Divide Apt. 772, Lake Jasonfort, AZ 98345",BANK-2774884818,2025-01-03,0,
C00698,Steven Stanton,DVC-d3e1b476,"PSC 7524, Box 0148, APO AP 41343",BANK-2554039848,2025-02-13,0,
C00936,Elizabeth Butler,DVC-a842d6a1,"160 Jennifer Crest, Thompsonmouth, TX 28690",BANK-4455798713,2026-08-10,1,RING-5
C00295,John Robles,DVC-31eb1587,"660 Bailey Valley, North Danielle, UT 37414",BANK-2465576748,2025-03-20,0,
C00817,Joel Phelps,DVC-775b8544,"9340 Phelps Shores, Lake Thomas, NV 47523",BANK-8084809436,2025-10-04,0,
C00029,Cameron Dean,DVC-54a5ae01,"901 Taylor Mountain Apt. 046, Jasonmouth, MA 50193",BANK-3479708607,2025-04-08,0,
C00274,Yolanda Maddox,DVC-5b0df1a2,"64622 Miller Ports, New Raymondland, MO 66275",BANK-2503068227,2025-08-07,0,
C00534,Jacqueline Cox,DVC-352e06ab,"177 Jenkins Knoll Suite 851, South Ross, HI 72951",BANK-7243352390,2025-12-10,0,
C00945,Joe Reed,DVC-d0f323d6,"98832 Anthony Spring Apt. 256, New Jacobton, FM 06329",BANK-2000025413,2026-06-08,1,RING-6
C00337,Derrick Shah,DVC-c857273c,"195 Zachary Spring, Pamelaville, MS 48419",BANK-6065662867,2025-08-31,0,
C00761,Christopher Carson,DVC-eed49a52,"14330 Brian Ville Apt. 700, Port Jesse, FL 18546",BANK-2428156550,2025-09-27,0,
C00052,Laura Haney,DVC-d7676f1a,"42114 Kristine Springs, Garrettberg, MA 01646",BANK-7483366056,2026-04-23,0,
C00082,Ashley Roberts,DVC-8963181a,"69711 Carlson Brook, Lake Douglas, NE 00706",BANK-1965067727,2025-12-25,0,
C00120,Daniel Meadows,DVC-cb82d85a,"31739 Randy Garden, Kimberlyfurt, NH 70447",BANK-2274350418,2026-01-20,0,
C00300,Ms. Wendy Harris,DVC-356b291d,"810 Randolph Spur Apt. 570, New Katieport, AK 76202",BANK-8854238082,2026-04-16,0,
C00905,Patricia Mitchell,DVC-80a7a7cf,"85725 Jackson Ports Apt. 693, West Alyssa, WY 90473",BANK-5489281916,2026-06-27,1,RING-1
C00272,Kelly Carroll,DVC-7779d07e,"572 Petersen Spurs, New Dawnton, VA 76035",BANK-9673185158,2025-06-27,0,
C00242,Kelly Mclaughlin,DVC-b1b66d16,"489 Bailey Via, Jeremyborough, NH 53448",BANK-2227193073,2025-11-24,0,
C00030,Sandra King,DVC-11c50ed2,"805 Debra Tunnel, Port Anthonybury, ID 03172",BANK-4026113008,2025-12-30,0,
C00388,Ashley Morris,DVC-c6858aa4,"774 Mark Cape Suite 592, Port Brandon, SD 37588",BANK-2075321966,2025-05-13,0,
C00909,Deborah Bradford,DVC-c0142e24,"79720 Adrienne Squares, Brandiview, WY 05441",BANK-1167134213,2026-05-29,1,RING-2
C00113,Robert Cummings,DVC-855a6a7f,"391 Rodney Squares, New Virginialand, NJ 04660",BANK-7380780055,2025-04-14,0,
C00306,Carrie Caldwell,DVC-e9eb5386,"99758 Lynn Fall Suite 619, Lake Lisafurt, MD 65289",BANK-5667181604,2026-01-17,0,
C00164,Randy Hayes,DVC-9371b44f,"24903 Hernandez Station, West Randy, AR 89260",BANK-4882343658,2025-04-24,0,
C00014,Megan Young,DVC-feaa6e54,"909 Robert Prairie, Sarahborough, TN 94373",BANK-4460967357,2025-05-06,0,
C00093,Blake Gonzalez,DVC-b35ce21c,"USNV Martinez, FPO AA 81035",BANK-3030106617,2025-10-23,0,
C00947,Taylor Frye,DVC-82ef6304,"6491 Ramos Springs Suite 546, East John, MP 14450",BANK-4494084172,2026-07-25,1,RING-EVASIVE
C00199,Christina Warner,DVC-f2243ad6,"737 Young Bridge, North Maryfort, FL 12308",BANK-3476426797,2026-05-02,0,
C00165,William Johnson,DVC-072d455f,"831 Garcia Underpass Apt. 100, East James, MO 49291",BANK-3343292475,2026-02-19,0,
C00258,Jesse Chavez,DVC-0dd0a4d1,"50208 Jacob Cove Suite 427, East Christophertown, NM 28968",BANK-6242173772,2025-05-27,0,
C00714,Joshua Leonard,DVC-3fe31469,"89509 Jennifer Knolls Apt. 191, Crossborough, IA 79344",BANK-5150090143,2026-04-27,0,
C00709,Rebecca Austin,DVC-0645a596,"Unit 5370 Box 3824, DPO AE 65315",BANK-2928130926,2025-02-25,0,
C00572,Spencer Meyer,DVC-beec291e,"0876 Sara Hills, Webbburgh, GU 31293",BANK-1282103057,2026-06-19,0,
C00379,Nicholas Green,DVC-600cabe6,"3165 Phillip Lane Apt. 008, North Terri, ID 34813",BANK-4550353803,2026-03-02,0,
C00391,Lisa Hamilton,DVC-5f24859d,"573 Sarah Pine, West Taylorland, PW 63102",BANK-4248149900,2025-04-25,0,
C00505,Alexa Mcfarland,DVC-737dd527,"3448 George Cape Apt. 402, Saraview, VI 07253",BANK-8505373158,2026-01-15,0,
C00366,Hunter Bell,DVC-684fd07c,"49114 Matthew Brooks, Benjaminchester, OK 67971",BANK-5306459450,2026-08-05,0,
C00457,John Mckay,DVC-007cb193,"21298 Joel Common, Hardyport, GA 95092",BANK-8953271391,2025-02-04,0,
C00558,Joseph Hill,DVC-4b8dd5d8,"6134 Harris Turnpike Apt. 549, Jessicaville, HI 66461",BANK-3259520140,2026-03-02,0,
C00520,Kenneth Torres,DVC-e3f272b6,"1862 Richard Centers, South Isaiah, WA 73808",BANK-8182649048,2025-12-17,0,
C00442,Mr. Henry Perez MD,DVC-f2919007,"9090 Eric Isle Suite 636, New Paulfort, CT 43602",BANK-8625905455,2025-11-20,0,
C00461,Andrew Dorsey,DVC-806ea81e,"64587 Horton Run, Housebury, IA 63117",BANK-9250327663,2024-09-30,0,
C00634,Ryan Charles,DVC-4ae135cc,"580 Butler Shores, North Jameshaven, FL 96046",BANK-4022245086,2025-03-30,0,
C00674,Gene Gomez,DVC-da441632,"6966 Kathryn Lodge Apt. 652, Wangtown, GU 92820",BANK-9919491730,2025-02-08,0,
C00763,Carly Lewis,DVC-b3c6ff0b,"8586 Mary Throughway Suite 535, Philipport, NV 04278",BANK-7640078465,2025-08-16,0,
C00215,Ryan Smith,DVC-a39299af,"25909 Henry Ports, Charlesmouth, NC 29331",BANK-5659161352,2025-01-24,0,
C00585,Stacy Mendoza,DVC-8957ed36,"07835 Woods Tunnel, North Sarah, AK 26213",BANK-4572433066,2025-10-23,0,
C00197,Zachary Stanley,DVC-b69a7f1a,"16761 Wells Drives, Lake Gina, AL 39968",BANK-6642201119,2025-07-27,0,
C00720,Amanda Brown,DVC-427ebc04,"Unit 7918 Box 1589, DPO AP 92540",BANK-2224336336,2025-10-22,0,
C00687,Christopher Neal,DVC-44f825a1,"345 Morrow Manor, East Sharon, FL 97752",BANK-9995834531,2026-05-25,0,
C00852,Jill Stewart,DVC-7ac4cfff,"64687 Nancy Crescent, North Jerry, UT 70433",BANK-9138644862,2026-07-01,0,
C00932,Rebecca Sandoval,DVC-d01e66cd,"160 Jennifer Crest, Thompsonmouth, TX 28690",BANK-4455798713,2026-08-29,1,RING-5
C00462,Heather Mann,DVC-492499be,"9724 Carrie Shore, North Darryl, CO 84963",BANK-5283911723,2026-03-10,0,
C00552,Francisco Hernandez,DVC-22218de6,"718 Becky Shore Suite 457, North Joseph, LA 93743",BANK-1110724913,2024-11-07,0,
C00934,Christopher Valdez,DVC-d01e66cd,"920 White Drives, Lake Robert, GA 13714",BANK-4455798713,2026-06-24,1,RING-5
C00152,Willie Thomas,DVC-24e9c3ea,"275 Courtney Drive, Jensenmouth, VI 28975",BANK-6464693977,2024-11-10,0,
C00332,Cory Howard,DVC-1dd7be9d,"09042 Melissa Mount Suite 253, Cassandraburgh, OK 72951",BANK-6122110529,2026-06-30,0,
C00126,Michael Abbott,DVC-2ac6dc81,"66687 Dana Squares, North Vincent, NE 85030",BANK-1676168421,2026-05-06,0,
C00316,Karen Thomas,DVC-5d07a6bd,"7658 Connor Place, Stephaniechester, RI 85968",BANK-5071897791,2026-07-02,0,
C00669,Amy Leach,DVC-0a7aa51f,"33997 Garcia Tunnel, West Kristyland, ID 63192",BANK-3178995337,2024-12-03,0,
C00554,Robert Gill,DVC-8b078c6c,"7281 Jeffery Lakes Suite 798, Port Ricardo, CA 36917",BANK-2390587865,2025-07-29,0,
C00847,John Hill,DVC-0c642cc6,"3651 William Forks, Aaronstad, MI 99241",BANK-2479679716,2025-08-21,0,
C00535,Jeffrey Mitchell,DVC-3afe139c,"491 Linda Cove Apt. 096, South Karenside, CT 83538",BANK-9381721143,2025-08-14,0,
C00589,Amy Mccullough,DVC-f943b95f,"1328 Kevin Plaza Apt. 152, East Hollymouth, DE 03291",BANK-3389594115,2025-09-26,0,
C00754,Susan Orr,DVC-bb6df072,"8595 Rachel Islands Apt. 993, South Anna, FM 03043",BANK-3019214800,2025-05-05,0,
C00653,Alexandria Peterson,DVC-fee1998d,"77382 Scott Bypass Apt. 785, East Juliehaven, MN 40351",BANK-2458198451,2025-04-18,0,
C00782,Susan Hutchinson,DVC-85ffa107,"92378 Grant Neck, Port Dianashire, MT 15685",BANK-5182110973,2025-11-12,0,
C00110,Deborah Ward,DVC-ffec5233,"4268 Vaughn Route, Michaelbury, IN 18008",BANK-5161807235,2025-09-10,0,
C00182,Traci Garcia,DVC-83161bf5,"8564 Pena Ports, Johnsonview, MO 19356",BANK-4745927824,2025-12-28,0,
C00895,Teresa Mcdaniel MD,DVC-42ecb06d,"219 Mark Locks, Fischerton, OH 77916",BANK-3305069227,2025-10-23,0,
C00773,Aaron Michael,DVC-26188112,"357 Mark Villages, Amyfurt, NC 86601",BANK-7627266377,2026-06-02,0,
C00350,Heidi Castillo,DVC-3dabd1ed,"715 Megan Estates Apt. 257, West Frank, KY 47839",BANK-4530959836,2025-07-26,0,
C00196,Carmen Meadows,DVC-f3acee9e,"32309 David Station, South Nancyview, WI 70589",BANK-7161404428,2026-01-01,0,
C00578,Morgan Young,DVC-aaefc9b8,"PSC 2661, Box 0941, APO AE 98796",BANK-6276339732,2024-10-30,0,
C00600,Kimberly Martinez,DVC-c3449a29,"788 Stewart Fields, Rhondamouth, IA 47944",BANK-8570333548,2025-03-02,0,
C00571,Kayla Love,DVC-a1b34efb,"723 Kevin Inlet, Port Toddborough, DE 09301",BANK-3612617557,2024-09-04,0,
C00371,Rodney Lucas,DVC-7c3def4f,"3123 John Views, Stevenside, NE 55815",BANK-2950049698,2026-01-19,0,
C00222,Molly Lewis,DVC-ff46e184,"PSC 8222, Box 3943, APO AE 24271",BANK-8285786023,2026-02-07,0,
C00950,Craig Williams,DVC-09f055d8,"73510 Ward Pines, Travisborough, AS 53010",BANK-7581095906,2026-07-25,1,RING-EVASIVE
C00636,Alicia Jackson,DVC-976a8a04,"1343 Lance Light Suite 242, Robertborough, KY 26613",BANK-5604529187,2025-01-19,0,
C00474,Emily Lawrence,DVC-1381fe81,"5528 Daniel Branch Suite 524, South Erin, FL 79336",BANK-4403845222,2025-04-12,0,
C00459,Karen Gill,DVC-1ab92a49,"9828 Jonathan Mountain, Shawnfurt, OH 79933",BANK-9744120054,2025-09-12,0,
C00022,Michelle Harmon,DVC-01492962,"1595 Jennifer Hills Suite 656, Angelaborough, MT 87654",BANK-7887950851,2025-06-25,0,
C00766,Miss Carmen Vasquez,DVC-030da911,"319 Nicole Walk Apt. 900, Sarahport, NV 50494",BANK-4485356009,2026-03-24,0,
C00833,Catherine Lewis,DVC-7f5fc4c3,"44881 Escobar Shoals, Craigfurt, WV 05840",BANK-1596471620,2025-05-04,0,
C00429,Micheal Watkins,DVC-f8011aa6,"845 Olson River, Lopezberg, AS 06277",BANK-3367665472,2024-10-20,0,
C00918,John Boyd,DVC-56fbc365,"8660 Shields Prairie, Sparksmouth, ND 58461",BANK-3063511828,2026-07-29,1,RING-3
C00587,Jason Goodwin,DVC-14148a8f,"30102 White Cape, Michaelbury, LA 17503",BANK-8468071953,2025-12-18,0,
C00635,Jeremy Hill,DVC-0ab7bdda,"04485 Matthew Port Apt. 971, North Ianland, HI 42116",BANK-8757570742,2025-12-07,0,
C00415,Kimberly Mitchell,DVC-4c9771d2,"46209 White Station, West Petermouth, FL 54610",BANK-9279291478,2026-07-29,0,
C00228,Jack Smith,DVC-fc837136,"272 Ashley Port, Lake Jessica, MI 05798",BANK-4643576871,2025-02-20,0,
C00441,Paul Wells,DVC-bc79c727,"751 Singleton Meadow Suite 377, West Donberg, ME 97206",BANK-7750819485,2024-09-11,0,
C00447,Seth Hill,DVC-d106474c,"137 Riddle Plaza Apt. 511, Robertburgh, KS 27681",BANK-1158998032,2025-10-02,0,
C00034,Dana Marshall,DVC-2e557772,"0752 Lewis Union Suite 549, Angelahaven, ID 11722",BANK-2566942273,2025-03-10,0,
C00652,Kyle Daugherty,DVC-ab17ee29,"PSC 7672, Box 0191, APO AE 15274",BANK-3250402001,2025-09-08,0,
C00039,Wanda Torres,DVC-a844f83b,"34123 Andrea Estate, South Shannonfort, LA 04779",BANK-6924716023,2025-03-02,0,
C00417,David Mercado,DVC-1e32f8cf,"82496 Miller Roads, Port Tammy, MN 71337",BANK-1521521078,2025-01-12,0,
C00133,Christopher Hill,DVC-db464b8f,"4379 Stephen Dale, Adamfurt, MA 81790",BANK-9309500117,2025-06-26,0,
C00301,Steven Flores,DVC-e4cbcef6,"571 Hernandez Harbor Apt. 098, East Amyside, MD 36028",BANK-4037867512,2024-12-22,0,
C00952,Cristian Lambert,DVC-bad27ece,"627 Massey Lock, Morrowland, MI 77197",BANK-6551823759,2026-07-25,1,RING-EVASIVE
C00044,Lori Wolf,DVC-cd13794f,"7710 Jennifer Inlet, New Rickybury, MP 15372",BANK-2149938334,2025-08-28,0,
C00875,Breanna Williams,DVC-40708d35,"101 Hayes Square Apt. 908, Victoriashire, VT 08999",BANK-8991977937,2026-05-20,0,
C00525,Teresa Williams,DVC-b2745d1e,"39912 Davis Bridge Apt. 481, Davismouth, GA 39246",BANK-7706193636,2025-01-07,0,
C00492,James Wilson,DVC-38e032cc,"PSC 3814, Box 4744, APO AE 00793",BANK-8122042835,2026-03-31,0,
C00191,Kristin Gaines,DVC-2899776c,"USNV Pena, FPO AE 47068",BANK-6493800024,2025-02-24,0,
C00575,Lisa Williams,DVC-cf69526a,"PSC 2774, Box 0258, APO AP 28128",BANK-7895255573,2025-06-01,0,
C00946,Shelby Duncan,DVC-d0f323d6,"98832 Anthony Spring Apt. 256, New Jacobton, FM 06329",BANK-2000025413,2026-05-26,1,RING-6
C00860,Teresa Middleton,DVC-7240fa51,"40164 Pamela Pines, West Connieview, PR 84882",BANK-1121863227,2025-01-19,0,
C00067,Todd Carlson,DVC-bf92a16d,"90147 Tucker Mills, Nelsonhaven, DE 45743",BANK-4274958945,2025-08-03,0,
C00114,Randy Cannon,DVC-89a06cb2,"Unit 6567 Box 6618, DPO AE 86161",BANK-1251837136,2026-07-04,0,
C00400,Yvonne Howard,DVC-ad8a290a,"80156 Christina Crest, South Jonathan, MA 47063",BANK-6711463258,2026-04-24,0,
C00926,Joseph Wang,DVC-90aa24b8,"025 Samantha Heights, North Alicia, AS 23159",BANK-8139209752,2026-07-25,1,RING-4
C00032,Jaime David,DVC-e6ab09fd,"49190 Patel Shore, Caseymouth, AL 55558",BANK-5728765136,2026-06-04,0,
C00564,Rebecca Roberts,DVC-7ca02fd5,"Unit 7272 Box 8498, DPO AP 21814",BANK-9776185998,2025-04-27,0,
C00063,Jeffery Ortega,DVC-9326a8bc,"711 Christopher Court, Lisaside, AR 77370",BANK-2948728483,2025-11-14,0,
C00072,Joann Glass,DVC-fb54075d,"527 Taylor Roads Suite 490, Williamport, NH 59734",BANK-2320763135,2024-10-03,0,
C00407,Anthony Watson,DVC-ade0cc0a,"01749 Shawn Freeway Apt. 544, Lake Nicholas, WA 32958",BANK-5243939720,2024-11-24,0,
C00691,Michelle Campbell,DVC-b1d02dc5,"42457 Wolf Curve, Robertberg, OR 97023",BANK-2431779064,2026-06-26,0,
C00053,Sara Fuller,DVC-23c77d0a,"PSC 0470, Box 9521, APO AA 43324",BANK-1470939445,2026-04-07,0,
C00237,Deanna Smith,DVC-ad0e0ca0,"818 Nicholas Ford, Robertville, FL 56347",BANK-8033702319,2026-01-23,0,
C00049,Gina Schwartz,DVC-756a1f76,"865 Brennan Camp Apt. 343, South Tiffanyville, NV 22306",BANK-7805745017,2026-02-25,0,
C00478,Alexa Barber,DVC-9bbd5589,"6201 Mccann Fall, North Tinamouth, OR 57362",BANK-6329323383,2024-12-28,0,
C00282,Erin Daniels,DVC-8d366618,"832 Barker Pine, South Wendy, WI 19526",BANK-3875303857,2026-01-26,0,
C00384,Bonnie Stewart,DVC-6b7f794c,"1502 Savage Village, Juliechester, LA 35001",BANK-8300300577,2025-12-24,0,
C00684,Jessica Flowers,DVC-b319a520,"360 Gonzales Flat Apt. 691, East Williamshire, VA 68199",BANK-3567900251,2024-12-07,0,
C00501,Michael Vega,DVC-45dfc554,"5598 Allen Harbor, New Patrick, FM 14442",BANK-2893321208,2024-12-14,0,
C00438,Joshua Taylor,DVC-3f65afa7,"539 Steven Road Suite 677, Ortizfort, MD 36286",BANK-6777263354,2025-06-27,0,
C00517,Kristen Velazquez,DVC-495a3318,"02126 Heather Manors, Brianville, TN 76733",BANK-5354747485,2024-10-31,0,
C00016,William Roman,DVC-563fa9a2,"124 Pamela Summit Apt. 449, Lake Matthew, TX 83631",BANK-6756332150,2026-06-28,0,
C00090,Rita Ponce DVM,DVC-50d8c428,"844 Jennifer Squares, Port Michael, IN 16408",BANK-9894264595,2025-02-07,0,
C00563,Jamie Rodriguez,DVC-91b1f51f,"245 Myers Mall Suite 430, Maryville, NE 60142",BANK-3163970710,2025-11-18,0,
C00619,Allison Hill,DVC-ca92e74d,"976 Jordan Forges Suite 847, Rebeccaside, NY 32563",BANK-6463640105,2025-06-28,0,
C00607,Donna Hardin,DVC-873a2d71,"Unit 1342 Box 1388, DPO AE 04085",BANK-1026224160,2025-12-12,0,
C00347,William Sawyer,DVC-f5dc24c9,"674 Linda Manors Suite 299, East Jaredfort, VI 69353",BANK-7186766399,2025-05-22,0,
C00026,Tiffany Vance,DVC-a3b9be14,"727 Green Gateway Suite 873, Scottport, IA 36115",BANK-2625792787,2025-05-22,0,
C00263,Nicole Trujillo,DVC-21e2aba4,"65240 Mann Points, Amyfort, ID 74779",BANK-8055556030,2025-01-26,0,
C00203,Michael Roberson,DVC-04aad20a,"Unit 2771 Box 6701, DPO AA 86349",BANK-3880327491,2025-05-06,0,
C00183,Melissa Williams,DVC-1aff5584,"307 Prince Brooks Suite 444, Garrisonville, VI 30379",BANK-8982597239,2024-12-17,0,
C00854,Dean Dunn,DVC-1bed589b,"7323 April Road, Jonesside, CO 97198",BANK-2076341629,2026-04-17,0,
C00365,Brooke Brown,DVC-41698399,"545 Anthony Cape Apt. 559, Port Patriciamouth, MS 13260",BANK-1322401182,2025-08-02,0,
C00495,Randy Wright,DVC-bba8eb36,"5628 Rodriguez Mill Suite 225, Smithborough, DE 25347",BANK-2513206988,2025-04-13,0,
C00076,Kurt Hurley,DVC-a82c0213,"528 Debbie Manors Suite 054, East Matthew, WI 64237",BANK-4289233844,2025-01-31,0,
C00897,Stephen Morgan,DVC-1d53a09a,"145 Garrett Parkways, Riverston, UT 86331",BANK-2850820685,2025-08-12,0,
C00874,Amanda Allen,DVC-2b9feecb,"PSC 0873, Box 5437, APO AP 72628",BANK-8380312396,2026-03-30,0,
C00428,Crystal Greene,DVC-b0d9387a,"6769 Matthew Spring, South Zacharyshire, ID 14657",BANK-6341783555,2024-11-22,0,
C00111,Paul Obrien,DVC-c6d899aa,"339 Alicia Pines Suite 191, Port Amyhaven, ID 75566",BANK-4645120421,2025-10-25,0,
C00021,Ashley Waller,DVC-fdf13325,"19655 Obrien Pass Apt. 693, Bradleychester, AL 68647",BANK-8934927891,2026-05-23,0,
C00745,Christian Solis,DVC-ad315150,"05912 Welch Isle, New Davidberg, ID 98289",BANK-9182543558,2024-11-06,0,
C00357,April Swanson,DVC-11558e9d,"PSC 8759, Box 2712, APO AA 50257",BANK-7539399243,2025-07-30,0,
C00361,Denise Clarke,DVC-8a94deb7,"7967 Hernandez Motorway Apt. 147, Hallberg, AK 13556",BANK-4178659381,2026-03-31,0,
C00424,Rachael Lee,DVC-c3a3e39e,"870 Davidson Run Apt. 566, Davidhaven, NH 65456",BANK-8372755146,2025-06-11,0,
C00770,Whitney Williams,DVC-bdb1c6f8,"730 Cox Rapid Suite 778, West Donna, MN 95685",BANK-5474951950,2025-11-05,0,
C00806,Jessica George,DVC-d0e5db51,"71553 Weeks Expressway Apt. 128, Brianhaven, IL 83164",BANK-1288765093,2025-10-13,0,
C00414,Albert Buchanan,DVC-649ff14e,"Unit 2602 Box 2132, DPO AE 90519",BANK-3358880404,2024-12-02,0,
C00949,Tony Burns,DVC-e0bcba46,"081 West Drive, Port Jennifermouth, VT 08470",BANK-7743417981,2026-07-25,1,RING-EVASIVE
C00047,Phillip Bennett,DVC-7f2c772b,"USNS Pollard, FPO AE 75447",BANK-2970753705,2025-06-28,0,
C00728,Kelly Rodriguez,DVC-cc43e432,"87328 Taylor Coves, East Benjaminfurt, HI 11459",BANK-5271453859,2026-04-19,0,
C00437,Frank Brooks,DVC-b493ed78,"309 Gay Corner, Lake Brittney, CO 80284",BANK-7608153267,2026-06-20,0,
C00716,Jeffrey King,DVC-256b81f2,"3351 Hayes Court Suite 090, Lake Nathanielburgh, AL 69853",BANK-2073755632,2024-09-13,0,
C00542,Steven Keller,DVC-792eaff3,"55799 Eric Streets, Saraborough, PA 04374",BANK-2540492440,2025-10-25,0,
C00158,Denise Brown,DVC-69348597,"7850 Villarreal Expressway, Ericville, MH 75724",BANK-2188332531,2026-02-09,0,
C00813,Tiffany Bates,DVC-5adbaf06,"6626 Good Isle, Davidbury, NM 64970",BANK-4277422858,2025-07-08,0,
C00553,Russell Sanchez,DVC-4807b463,"117 Jason Skyway, South Lori, ID 64417",BANK-5358791907,2024-11-24,0,
C00395,Adrian Rodriguez,DVC-96e04715,"37236 Christopher Trail, Hernandezchester, AK 15765",BANK-5686850445,2025-01-11,0,
C00494,Luis Murphy,DVC-97ed5b89,"2650 Ryan Flat, New Willieberg, MT 16733",BANK-4431078106,2025-09-17,0,
C00590,Debra Chapman,DVC-3356ffc7,"49670 Cruz Cape, East Nicolas, TN 57004",BANK-5819946657,2025-10-22,0,
C00876,Kenneth Donovan,DVC-4cf2d74e,"9269 Wang Ports Suite 489, Davishaven, LA 19530",BANK-9484167278,2025-10-24,0,
C00547,Barbara Flores,DVC-84483e96,"79538 Paul Rapids Apt. 831, Jenniferland, OK 85208",BANK-8674224347,2025-07-28,0,
C00679,Mr. Joseph Durham,DVC-d86ad63a,"608 Tyler Overpass, Baileyland, WA 10403",BANK-5560712830,2025-11-17,0,
C00161,Nancy Sanchez,DVC-43a57b26,"83206 Jesse Key Apt. 506, Daltonhaven, IA 55527",BANK-2125089309,2025-09-21,0,
C00886,Shane Hardy,DVC-8732e731,"29914 Ray Pine Suite 133, South Jesse, DC 41683",BANK-7505693643,2025-06-08,0,
C00231,Billy Schneider,DVC-e9ae5e5b,"59136 Cortez Orchard, Mendozashire, GA 85338",BANK-7852415525,2026-06-13,0,
C00777,Olivia Miller,DVC-59799cf4,"31765 Cassandra Mountains, West Kylemouth, IL 80942",BANK-6720572969,2025-07-19,0,
C00109,Jennifer Patterson,DVC-517ddbad,"122 Morris Gateway Apt. 463, Molinamouth, ME 76845",BANK-4590711152,2026-03-19,0,
C00678,Andrea Hartman,DVC-f384d39a,"7325 Perez Lake Suite 344, East Davidchester, NE 52445",BANK-3799620568,2026-05-23,0,
C00112,Garrett Meyer,DVC-22127aee,"971 Stokes Motorway, New Robert, OK 08068",BANK-6009268066,2025-11-12,0,
C00140,Jeffery Murray,DVC-a051e20a,"66093 Vargas Loaf, Lake Jasonview, WV 92744",BANK-9904586976,2026-05-25,0,
C00848,Carly Rodgers,DVC-25ba6c41,"Unit 9043 Box 2230, DPO AP 24014",BANK-5150074940,2025-02-03,0,
C00812,Kristen Richard,DVC-6352409b,"2188 Gutierrez Locks, Knightport, CO 32285",BANK-6892752604,2025-01-08,0,
C00825,Brian Young,DVC-9d7f305d,"Unit 8528 Box 3061, DPO AA 85284",BANK-2941508568,2025-03-13,0,
C00637,Deanna Gonzales,DVC-6a5fe1dc,"558 Gallegos Spur Apt. 096, New Ashley, UT 57367",BANK-5476654128,2025-05-31,0,
C00464,Eric Jenkins,DVC-65bda189,"95243 Hale Avenue, Port Travis, CT 09655",BANK-4747699292,2026-04-27,0,
C00326,Nancy Morales,DVC-75381909,"3092 Brown Harbor, Port Robert, UT 48988",BANK-7792729530,2025-11-07,0,
C00676,Wesley Williams,DVC-7f6377c5,"49960 Brian Junctions Suite 857, Danielberg, FM 98782",BANK-7472806994,2024-10-31,0,
C00925,Christopher Robbins,DVC-90aa24b8,"231 James Divide, Lake Kevinland, AR 49935",BANK-7551874474,2026-08-05,1,RING-4
C00755,Anna Christensen,DVC-32babcf8,"779 Jones Loaf, Port Kayla, VT 19255",BANK-8025152555,2025-06-13,0,
C00268,Morgan Davenport,DVC-f7dd6560,"113 Lopez Pine, New Colleen, HI 73694",BANK-6698759353,2026-04-08,0,
C00574,Katherine Contreras,DVC-101a0f61,"6620 Bryant Port, Smithport, AZ 85056",BANK-7573691558,2026-01-22,0,
C00243,Christopher Hunter,DVC-b32d5a85,"1848 Benson Lane Suite 357, Mosleytown, NJ 15740",BANK-6461974809,2025-03-23,0,
C00869,Sara Warren,DVC-727c1ece,"99071 Simmons Ramp, South Jeremyberg, VI 37384",BANK-1257324536,2024-11-02,0,
C00446,Elizabeth Austin,DVC-9fd9239d,"3296 Cruz Shoals, Lake Ashley, MO 92073",BANK-5212581851,2024-10-07,0,
C00064,Meagan Jenkins,DVC-8b4e0614,"049 Bell Ports Apt. 273, West Meganstad, DE 37013",BANK-4919706735,2025-11-23,0,
C00077,Chad Jones,DVC-efbcb204,"880 Walter River, New Nicholas, GA 24204",BANK-3361388464,2026-06-11,0,
C00404,Terri Miller,DVC-89918cee,"0602 Tiffany Station, Robertside, VI 40389",BANK-2953462417,2026-03-18,0,
C00787,Eric Fry,DVC-0759a19b,"989 Taylor Course Suite 588, West Crystalview, VI 38373",BANK-5633956194,2025-12-09,0,
C00518,Kirk Moore,DVC-50e25524,"31096 Kathy Mountains, Lake Allison, ME 62129",BANK-3304560537,2025-07-20,0,
C00820,Samuel King,DVC-47d2e272,"6572 Mcgee Station Suite 592, Port Kristaview, MT 12719",BANK-3412365931,2025-09-17,0,
C00750,Emily Duarte,DVC-a959934d,"56775 Ford Mountain, Hernandezfurt, MT 03709",BANK-2789144223,2026-07-14,0,
C00891,Angela Flowers,DVC-9eaa11c2,"821 Jose Manor Apt. 985, Muellermouth, IN 99837",BANK-5151887478,2025-07-31,0,
C00594,Claudia Brown,DVC-8ef35f7d,"USNV Prince, FPO AP 41661",BANK-7873709012,2024-10-23,0,
C00423,Ashley Ramirez,DVC-152b3013,"399 Cameron Crossroad, East Jordanshire, PR 30380",BANK-4574027737,2026-07-20,0,
C00533,Jerry Wall,DVC-963390ba,"910 Julie Field Suite 829, Robinsonborough, ID 89581",BANK-5877639950,2025-11-26,0,
C00238,Deborah Herrera,DVC-ae14dd8c,"636 White Points Suite 449, Kimfurt, WA 18597",BANK-7533932947,2026-06-30,0,
C00045,Maria Moore,DVC-0ff2f029,"USNV Hicks, FPO AA 54960",BANK-2351531223,2026-06-14,0,
C00841,Jeffery Smith,DVC-3c92893e,"754 Shannon Spurs, Maryfurt, KY 21532",BANK-7552812957,2025-09-12,0,
C00287,Tonya Lee,DVC-4250244b,"7264 Hannah Divide Suite 718, East Kimberlyside, DC 52021",BANK-9438411468,2025-07-22,0,
C00923,Mark Alexander,DVC-ee3058fb,"8660 Shields Prairie, Sparksmouth, ND 58461",BANK-9810503338,2026-07-03,1,RING-3
C00927,Anita Bryant,DVC-90aa24b8,"231 James Divide, Lake Kevinland, AR 49935",BANK-8139209752,2026-06-12,1,RING-4
C00504,William Lee,DVC-e636899a,"881 Samuel Pass Suite 866, Jamietown, GA 75460",BANK-6562457052,2025-02-20,0,
C00603,Natalie Martinez,DVC-fa44cbea,"21288 Strong Knoll Apt. 683, Davidmouth, OR 80292",BANK-9702693937,2025-12-26,0,
C00244,Mark Gamble,DVC-ca31d6d7,"6588 Jaclyn Greens, West Christopher, TX 98646",BANK-3319936135,2026-06-03,0,
C00543,Jorge Hernandez,DVC-c5127e21,"05231 Joseph Orchard, North Michael, OH 85950",BANK-7004964045,2025-04-20,0,
C00738,Sheila Rivera,DVC-f5926f08,"23415 Silva Village Suite 752, Kevinside, GA 20426",BANK-2099184899,2025-01-08,0,
C00107,Jon Zuniga,DVC-ddad5841,"USNV Mcdowell, FPO AE 39611",BANK-3363629219,2025-11-19,0,
C00315,Wyatt Townsend II,DVC-29df0d75,"95041 Gary Locks, Turnerside, IN 50282",BANK-9633533290,2026-02-16,0,
C00386,Brian Woodard,DVC-16a9af2d,"8777 Meghan Way Apt. 151, Port Justin, MP 22559",BANK-7415801613,2026-04-09,0,
C00819,Nathan Campbell,DVC-8a0d7e1c,"376 Martinez Row Suite 370, Ericborough, MI 09159",BANK-4159699467,2024-10-11,0,
C00639,Michael Soto,DVC-9b77696c,"1202 Conrad Manors, West Christinafort, IN 73577",BANK-4956362540,2025-08-10,0,
C00809,Dawn Moon,DVC-8d79cc01,"04713 Herman Expressway, Wilsonmouth, AS 45424",BANK-3598862507,2025-12-27,0,
C00355,Mr. Craig Johnson,DVC-059b2a74,"1401 Contreras Throughway, Port Davidborough, OR 26718",BANK-5268845844,2025-01-25,0,
C00555,Eric Kane,DVC-5c0b1ae6,"1130 Lopez Burgs, Stanleymouth, MI 35310",BANK-6043349038,2024-12-04,0,
C00239,Barbara Hall,DVC-3b5885a3,"38658 Eugene Roads, Port Christopherberg, NJ 79176",BANK-3691864041,2025-08-08,0,
C00025,James Hernandez,DVC-2807a62d,"3287 Angela Vista, South Dennismouth, TN 70117",BANK-3303082117,2025-11-12,0,
C00420,Diana Reynolds,DVC-968fd164,"547 Sanchez Islands Suite 379, Allenberg, SD 00769",BANK-7666869046,2025-12-20,0,
C00007,Sherri Baker,DVC-b8721685,"148 Eric Track, New Stephanie, NC 00575",BANK-2812140441,2025-12-13,0,
C00155,Kevin Smith,DVC-880bc646,"8486 Miles Corner, West Christopher, CO 67518",BANK-7393195616,2025-02-08,0,
C00252,Julie Frye,DVC-fdf66e7c,"9961 Fernando Forks Suite 544, Nelsonmouth, WI 48101",BANK-2785736751,2026-04-07,0,
C00858,Dean Sanchez,DVC-67534c36,"58482 Gray Crossing Apt. 624, West Mike, AR 48500",BANK-7894019119,2025-05-02,0,
C00201,Peter Williams,DVC-a29f6206,"5794 Nathan Junctions, North Richard, NH 36130",BANK-8339176912,2026-06-15,0,
C00506,Wanda Clark,DVC-71e40528,"955 Stacey Plaza Suite 269, Markton, SC 01865",BANK-1754368373,2026-06-05,0,
C00576,Kelly Palmer,DVC-4cc59367,"9572 Glover Shoals, Sandraland, PW 85060",BANK-4014119648,2025-09-14,0,
C00476,Noah Leblanc,DVC-72ea248e,"642 Amy Junction Suite 756, Jonesport, LA 91776",BANK-9929101065,2025-02-02,0,
C00249,Jacqueline Dickerson,DVC-16ec76e8,"293 Jennifer Unions, New Ryan, MS 26199",BANK-5570828113,2024-12-26,0,
C00312,Kevin Nixon,DVC-69a98e52,"8189 John Roads Apt. 894, West Amandatown, NJ 60012",BANK-6206015111,2025-10-07,0,
C00299,James Johnson,DVC-b57c68e6,"8078 James Orchard, Kimberlyberg, WI 13379",BANK-9421518487,2026-06-04,0,
C00206,Mason Powell,DVC-ceee2487,"9717 Stewart Parks Apt. 166, New Andrealand, WY 79695",BANK-7049001493,2025-12-28,0,
C00903,Katherine Baker,DVC-80a7a7cf,"85725 Jackson Ports Apt. 693, West Alyssa, WY 90473",BANK-5489281916,2026-07-22,1,RING-1
C00928,Karen Flores,DVC-90aa24b8,"231 James Divide, Lake Kevinland, AR 49935",BANK-8139209752,2026-07-17,1,RING-4
C00851,Tara Nolan,DVC-cf7efa2b,"PSC 5729, Box 8937, APO AA 23063",BANK-4046558332,2025-12-22,0,
C00760,Brian Martin,DVC-a209595f,"5516 Potter Park, Gardnerhaven, MT 84625",BANK-3698343112,2026-05-10,0,
C00664,Spencer Elliott,DVC-0e2836d7,"294 Marquez Spring Suite 222, Micheleview, SC 30374",BANK-7977267911,2024-09-25,0,
C00900,Allen Kline,DVC-ca97497b,"9579 Anthony Crossing Apt. 482, Melissaview, KS 24428",BANK-8575707116,2025-10-15,0,
C00319,Cody Phillips,DVC-4e4d6c19,"746 Scott Tunnel, West Kimberlyfurt, MS 44102",BANK-4256292393,2024-10-20,0,
C00290,Eric Mack,DVC-d4b766e4,"23094 Stephen Walk, Stephenstown, PA 65180",BANK-9916336966,2025-03-07,0,
C00477,Kimberly Davis,DVC-d132c8bf,"472 Scott Orchard, Phyllisborough, IL 98592",BANK-9035194895,2025-02-02,0,
C00783,Dale Evans,DVC-48ae6c4f,"50801 Richards Branch Suite 253, Solisborough, TN 62728",BANK-7431813987,2025-09-10,0,
C00411,Drew White,DVC-8a8e4c0c,"85106 Berry Port, Mcculloughfurt, NJ 94877",BANK-7981077394,2026-06-13,0,
C00611,Ann Black,DVC-ddcb2e12,"61789 Jennifer Camp, Wattsfurt, SC 77033",BANK-6218955985,2025-03-05,0,
C00529,Zachary Tucker,DVC-3c41f4ff,"9366 Clark Bridge, South Debra, TN 40014",BANK-1600337712,2025-09-06,0,
C00229,Crystal Baker,DVC-585963e1,"567 Keith Canyon, Dakotahaven, SC 36348",BANK-2960488639,2026-06-14,0,
C00606,Tanya Mitchell,DVC-b3898127,"03684 Garcia Haven, North Keith, NM 58030",BANK-6754503097,2025-02-24,0,
C00832,Benjamin Schmidt,DVC-1b6ce556,"460 Tina Islands Apt. 128, West Danielview, WI 44250",BANK-3185089287,2025-05-09,0,
C00515,Francisco Coleman,DVC-2fac0a05,"523 Barnes Parks Suite 883, Millerchester, NC 76244",BANK-2570991899,2026-04-30,0,
C00655,Lawrence Atkinson,DVC-aaeda8f5,"19422 Pierce Knoll, South Rachel, KY 42365",BANK-3190227431,2026-04-25,0,
C00382,Judith Smith,DVC-41800498,"636 Fitzgerald Glens Apt. 180, West Sarahfort, PW 46940",BANK-5829062179,2025-12-18,0,
C00586,Jamie Sutton,DVC-f830b339,"66266 Darrell Crest Suite 535, Hullbury, IN 12558",BANK-5695387521,2025-12-05,0,
C00816,Brett Davies,DVC-0d9202b0,"032 Holloway Overpass, West Brittneyhaven, CA 80813",BANK-7004510516,2025-04-12,0,
C00278,Kelsey Scott,DVC-e0864718,"940 Pena Branch, South Donnastad, VI 14642",BANK-5078551333,2024-09-18,0,
C00328,Christopher Holt,DVC-e485f70c,"145 Smith Freeway Apt. 181, Michelleside, NY 29241",BANK-6715705115,2025-08-30,0,
C00427,Sydney Bennett,DVC-88a66d0c,"07049 Jones Springs, New Brettfurt, MO 13061",BANK-9505085936,2025-12-27,0,
C00796,Shaun Peterson,DVC-819c60b7,"9352 Carolyn Square Suite 263, West Michael, KY 33107",BANK-6804850108,2026-03-13,0,
C00931,Patricia Santiago,DVC-d62c0b93,"231 James Divide, Lake Kevinland, AR 49935",BANK-7551874474,2026-08-04,1,RING-4
C00230,Lauren Hudson,DVC-211803d1,"9184 Kaufman Fork Suite 557, Eatontown, NY 18715",BANK-8737025391,2025-08-11,0,
C00430,Kevin Palmer,DVC-e0608141,"9822 Parker Junctions Suite 508, North John, GU 73829",BANK-2647489402,2026-07-02,0,
C00759,Ronnie Brooks,DVC-a6a2a7a9,"562 Austin Trace Apt. 459, New Brianberg, NM 08873",BANK-2480915452,2024-10-26,0,
C00037,Angel Brown,DVC-bfda09cc,"710 Harrison Mill, Jackton, KS 63117",BANK-4131575764,2024-12-01,0,
C00184,Patrick Schroeder,DVC-6e289783,"137 Robin Lodge Suite 850, North Larry, NY 53373",BANK-1955345537,2024-12-18,0,
C00154,Tina Simpson,DVC-7c6ffe07,"918 Valerie Island Apt. 696, Amyburgh, WV 62237",BANK-8377088167,2026-04-25,0,
C00798,Jeremy Coleman,DVC-24d4432f,"45472 Jeffrey Prairie Apt. 065, Port Jeremyburgh, CO 81169",BANK-9581991473,2026-02-26,0,
C00373,Brian Navarro,DVC-bf3e726e,"USNV Crawford, FPO AE 31706",BANK-9263135031,2025-12-13,0,
C00484,Charles Chase,DVC-acfbd02f,"839 Ramirez Stream, Jonesview, KS 50541",BANK-7818568548,2026-01-21,0,
C00861,Kara Gilmore,DVC-3fd1d060,"3816 Allen Spring, East Heatherport, VA 22897",BANK-7772180882,2025-10-14,0,
C00834,Jennifer Barrett,DVC-15b98fa4,"11901 Williams Valleys, Richardville, KS 21316",BANK-8689593739,2025-12-06,0,
C00723,Eric Lopez,DVC-9014af69,"USS Colon, FPO AP 57360",BANK-2878930355,2026-03-31,0,
C00046,Mr. Jesus Thomas,DVC-00cca83b,"46584 Justin Hills, Grimesmouth, ND 63984",BANK-8110054933,2025-05-30,0,
C00898,Thomas Young,DVC-eb0c6560,"7382 Sarah Mission Suite 619, Lake Courtneymouth, NM 80511",BANK-9085085822,2025-10-22,0,
C00735,Tristan Ford,DVC-9f98fd74,"83333 Stacy Stream Suite 786, Dawnborough, MO 19025",BANK-8858766173,2025-09-04,0,
C00234,Deborah Ramsey,DVC-c0203222,"913 Cruz Coves Apt. 388, Serranoville, HI 62874",BANK-7648059419,2026-08-05,0,
C00731,Emily Rodriguez,DVC-ea26f689,"255 Douglas Cove, North Patrick, OK 08157",BANK-4997866845,2026-05-29,0,
C00588,Matthew Douglas,DVC-909e1cec,"5374 Deleon Highway, New Patricia, MD 91959",BANK-4486522557,2025-10-29,0,
C00794,Kevin Farmer,DVC-9df6340f,"89021 Pacheco Crossing Apt. 363, South Chelsea, MH 23247",BANK-2830154607,2025-02-22,0,
C00262,Luke Galvan,DVC-34822822,"Unit 0052 Box 8127, DPO AE 42016",BANK-1116402431,2025-11-11,0,
C00853,John Blankenship,DVC-1053720c,"82832 Rebecca Pass, East Amberland, MA 69323",BANK-4633257620,2025-10-26,0,
C00792,Jeffrey Holden,DVC-5dbdd4a5,"6512 David Trace Apt. 014, New Amandaberg, WY 13069",BANK-8133593748,2026-04-04,0,
C00645,Gerald Valdez,DVC-f9f576e1,"6704 White Locks Apt. 715, Lake Michelletown, GA 42316",BANK-2394868732,2024-12-12,0,
C00581,Susan May,DVC-e96c2630,"785 Montgomery Points, Port Carlos, NE 82482",BANK-7127904756,2025-06-23,0,
C00724,Sarah Hicks,DVC-dc13cd67,"17235 Jennifer Park, New Danielle, AL 06429",BANK-5409514899,2025-06-27,0,
C00658,Brenda Harvey,DVC-13288f10,"Unit 9960 Box 5932, DPO AP 82485",BANK-2014766981,2025-09-05,0,
C00369,Marisa Turner,DVC-934368e1,"853 Morales Road Suite 820, New Victor, TN 97783",BANK-6289150149,2025-09-01,0,
C00680,Justin Rodriguez,DVC-2c6f070e,"20190 Taylor Junctions, Randolphborough, RI 98382",BANK-4067961943,2024-10-30,0,
C00467,Allen Young,DVC-3a8582ff,"04090 Jason Turnpike, South Carrieview, NM 62528",BANK-4880176825,2026-04-14,0,
C00673,Erica Lee,DVC-6a553332,"92587 Chan Grove, West Thomas, PR 40296",BANK-8867077130,2025-06-19,0,
C00079,Michael Hudson,DVC-5a904f1a,"8862 Laurie Dam Suite 075, Lake Meghanville, LA 11494",BANK-8086172302,2026-04-19,0,
C00591,Eric Weaver,DVC-26edb801,"549 Katherine Junctions, Glennton, AS 14815",BANK-8517413631,2025-11-07,0,
C00270,Phillip Jordan,DVC-68435194,"836 Ward Mission, Moyertown, VA 05044",BANK-8868054898,2025-04-12,0,
C00066,Andrea Figueroa,DVC-b6beb6b2,"Unit 1836 Box 6752, DPO AA 41347",BANK-5951406973,2026-03-18,0,
C00537,Drew Hobbs,DVC-90ae85fb,"306 Alexis Drives Suite 895, Georgeshire, NE 32198",BANK-2591414076,2025-11-09,0,
C00279,Stephen Hughes,DVC-ab8bee97,"Unit 8157 Box 9812, DPO AE 66122",BANK-9677466102,2025-08-25,0,
C00756,Amy Wright,DVC-bcbea39d,"9782 Frye Oval Suite 983, New Cassie, LA 96631",BANK-9508499533,2024-10-21,0,
C00344,Brittany West,DVC-5834e430,"Unit 8410 Box 6727, DPO AA 20955",BANK-4748302739,2024-09-07,0,
C00031,Cameron Caldwell,DVC-ed001a5c,"4529 Kimberly Estates, Danieltown, ME 75971",BANK-9786748825,2026-02-12,0,
C00121,Dennis Hunt,DVC-e765d603,"753 Edwards Cape, Lake Dustin, KS 73024",BANK-5160575046,2025-12-01,0,
C00920,Joseph Jensen,DVC-bfa4ce6d,"82491 Lisa Meadow Suite 020, North Ericport, MN 84277",BANK-9810503338,2026-07-21,1,RING-3
C00938,Julian Obrien,DVC-060f61ad,"98832 Anthony Spring Apt. 256, New Jacobton, FM 06329",BANK-5725314249,2026-08-06,1,RING-6
C00836,Jason Maldonado,DVC-c1f29707,"8306 Christina Loaf, Port Allison, MI 18354",BANK-6879428703,2025-07-15,0,
C00171,Alicia Woods,DVC-07608e80,"52500 Brenda Divide, Port Aliciastad, CA 49468",BANK-9155819200,2026-03-05,0,
C00266,Brent Hopkins,DVC-08b677a4,"03173 Anthony Row, Barretthaven, RI 92423",BANK-6923206003,2025-12-06,0,
C00530,Daniel Johnson,DVC-ff06bf19,"929 Beck Course, Jamesview, SD 96828",BANK-5064162365,2024-11-14,0,
C00536,Renee Contreras,DVC-de1be4a0,"78613 Sampson Keys, Gutierrezfurt, AL 49606",BANK-9730449971,2026-05-04,0,
C00356,Alyssa Thomas,DVC-d2f122f7,"552 William Cliff Apt. 908, Lake James, LA 23015",BANK-8578226896,2026-08-05,0,
C00509,Catherine Campbell,DVC-a6ace797,"9312 Ronald Motorway, Garciahaven, DC 95759",BANK-4566852761,2026-04-09,0,
C00168,Dr. John Miller MD,DVC-5a3dafc8,"806 Castillo Tunnel, Coopershire, NY 42654",BANK-1547374338,2025-07-02,0,
C00012,Savannah Garcia,DVC-5b8c6e3a,"32677 Michelle Circle, South Aaron, MS 35261",BANK-6241752544,2026-05-06,0,
C00790,Kyle Schultz,DVC-f7b45224,"3674 Medina Drive Suite 914, South Lisafurt, AL 09223",BANK-2379592595,2025-01-28,0,
C00937,Julie Manning,DVC-a842d6a1,"160 Jennifer Crest, Thompsonmouth, TX 28690",BANK-4455798713,2026-08-11,1,RING-5
C00123,Maria Brown,DVC-fddca2a4,"006 Megan Fort, Lake Edwardborough, NY 60271",BANK-8507497883,2025-06-20,0,
C00180,Laura Young,DVC-84360e31,"089 David Throughway Suite 223, East Brad, CO 90039",BANK-2145921803,2025-08-08,0,
C00317,Devin Lang,DVC-adcf0ce0,"3938 Byrd Falls Suite 800, North Roberthaven, CT 90350",BANK-1367704871,2025-08-16,0,
C00057,Jasmine Watson,DVC-53611cc8,"USCGC Matthews, FPO AP 20754",BANK-7567496105,2026-07-23,0,
C00624,Brenda Sawyer,DVC-06b61c7a,"1644 Gilbert Landing, East Kelly, TX 27300",BANK-2846465000,2026-05-20,0,
C00627,David Weaver,DVC-7e4bd784,"213 White Port, East Laurashire, SD 50694",BANK-3574081104,2025-05-18,0,
C00465,Kelly Pena,DVC-46cfdc64,"52237 Wayne Creek, Bradleyborough, HI 26838",BANK-2905584866,2024-10-19,0,
C00119,Kristin Anderson,DVC-de34e5a1,"1751 Brett Lane, Port Charlesshire, VA 88509",BANK-1664847319,2025-11-12,0,
C00445,Laurie Shaw,DVC-78da8a57,"02716 Alicia Port Suite 779, Lake Christophermouth, MI 92292",BANK-8779941999,2026-06-20,0,
C00764,Marisa Hunt,DVC-0e419fa6,"06133 Whitaker Spring, New Lisa, MN 61289",BANK-8281641403,2024-10-16,0,
C00251,George Ward,DVC-e3d13843,"0615 Barbara Run Apt. 455, Hamptonmouth, FM 10778",BANK-7625464411,2025-06-26,0,
C00060,Ashley Delacruz,DVC-60735dec,"95024 David Manor Apt. 177, Williamville, NV 66540",BANK-8047877267,2025-02-23,0,
C00245,Justin White,DVC-5de845bf,"42114 Kristine Springs, Garrettberg, MA 01646",BANK-1594312071,2026-06-14,0,
C00448,Alexander Fowler,DVC-6cb678bd,"929 Beck Course, Jamesview, SD 96828",BANK-7829772942,2026-03-12,0,
C00682,Christina Underwood,DVC-14576e9b,"PSC 9232, Box 3421, APO AE 70417",BANK-5976777081,2025-12-15,0,
C00068,Michael Watkins,DVC-a42ab4f1,"36900 Kevin Forest Apt. 445, North Tylerchester, HI 17433",BANK-9592390865,2025-06-26,0,
C00659,Tiffany Johnson,DVC-d846a69f,"832 Wood Well Apt. 273, Davidland, MH 04549",BANK-5923940434,2025-02-11,0,
C00778,Michael Watkins,DVC-f2b28551,"718 Steven Square, Solisside, SD 95440",BANK-6875597607,2024-10-11,0,
C00650,James White,DVC-8faea7e8,"1394 Gilbert Plains, Lake Lauren, MN 75649",BANK-6340003593,2025-09-06,0,
C00601,Paul Wilson,DVC-c2459dcc,"PSC 7672, Box 0191, APO AE 15274",BANK-3465740756,2026-04-30,0,
C00401,Shawn Adams,DVC-7ba966bc,"077 Theresa Tunnel, Port Annahaven, CT 22396",BANK-8274273035,2026-01-06,0,
C00335,Samantha Chavez,DVC-45305939,"632 Phillips Rue, North Timothyport, GA 92684",BANK-6128695961,2025-08-26,0,
C00688,Catherine Koch,DVC-ee64a9a2,"73465 Howell Burgs, West Anthonyfort, AZ 96832",BANK-8208584394,2026-07-13,0,
C00160,Nathan Nelson,DVC-6b67da12,"80238 Stephanie Cliff Suite 445, New Stephenstad, ID 38720",BANK-4311931853,2025-11-15,0,
C00209,Peter Williams,DVC-e3c05dbe,"7982 Smith Street, New Savannahshire, NJ 67129",BANK-4877520294,2026-05-03,0,
C00524,Amanda Martin,DVC-e3dffaf1,"133 Kayla Estates, Sethberg, MA 38622",BANK-9697414638,2025-06-10,0,
C00081,Sara Santos,DVC-35388507,"47277 Rebecca Brook, Jasonberg, OH 95821",BANK-1519709079,2025-12-20,0,
C00318,Nicholas King,DVC-5dc36ffd,"93911 Melissa Curve, Douglasshire, AS 24718",BANK-8387664437,2026-07-31,0,
C00086,Tyler Morgan,DVC-68ebf34c,"8416 Ryan View Apt. 845, North Markport, ME 58948",BANK-3710566582,2025-12-16,0,
C00906,Cory Fuller,DVC-f0e039fd,"25942 Cynthia Dale Suite 633, West Richardview, CO 90215",BANK-5489281916,2026-05-31,1,RING-1
C00157,Casey Smith,DVC-3483e6aa,"75884 Nathan Summit, Jessicaville, WI 04348",BANK-9986353481,2025-05-22,0,
C00907,Ryan Warren,DVC-c0142e24,"64154 Rodriguez Views Suite 313, West Christine, IL 55483",BANK-1167134213,2026-06-23,1,RING-2
C00551,Rose Medina,DVC-3108c073,"0104 Joseph Spurs, Nelsonburgh, DC 76975",BANK-1749459431,2025-08-27,0,
C00550,Katherine Williams,DVC-090c3121,"1591 Jeffrey Views Apt. 215, Perezland, ID 95411",BANK-5307145891,2026-08-05,0,
C00656,Brian Dyer,DVC-f199d7ef,"USNV Shaw, FPO AP 51903",BANK-6795522649,2025-02-25,0,
C00837,Jennifer Lane,DVC-7500474a,"649 Smith Crescent, Garzaview, UT 17303",BANK-3369305560,2025-11-25,0,
C00412,Pamela Wagner,DVC-b797751a,"725 Lauren Shores Suite 636, Ambermouth, WA 36857",BANK-4264134512,2026-01-18,0,
C00434,Ryan Sanchez,DVC-9ad0cc69,"1026 Matthew Fords, Stephenstad, AS 49305",BANK-7475684019,2026-01-30,0,
C00426,Alyssa Reynolds,DVC-79d2a97e,"3173 Wall View Suite 831, Duranmouth, OR 16862",BANK-8880079328,2024-11-09,0,
C00514,Aaron Fitzpatrick,DVC-23da76fb,"2677 Daniel Meadow, Duanemouth, DC 24339",BANK-9503787171,2026-04-23,0,
C00911,James Moreno,DVC-c0142e24,"64154 Rodriguez Views Suite 313, West Christine, IL 55483",BANK-1172893522,2026-05-31,1,RING-2
C00294,Lori Benitez,DVC-d0600578,"9548 Ho Ridges Suite 877, New Jesse, LA 25870",BANK-2591589823,2024-09-05,0,
C00519,Jill Newman,DVC-2df684a7,"00928 Alex Village, Fraziermouth, OH 93746",BANK-7248258423,2026-06-10,0,
C00882,Laura Hooper,DVC-6ab67b7f,"46823 Atkinson Groves Apt. 027, North Adam, PR 67858",BANK-1415802902,2025-08-07,0,
C00062,Erika Vang,DVC-85619b2d,"961 Melissa Run Apt. 673, Morganmouth, MO 55025",BANK-2867302554,2026-03-24,0,
C00041,Laura Roberts,DVC-82f54874,"648 Kim Rapid Apt. 659, Anthonybury, TX 75893",BANK-8235363119,2025-12-04,0,
C00221,Rebecca Daniel,DVC-5f1fc34d,"821 Adam Ranch, Medinaland, ME 28033",BANK-5607762160,2026-04-08,0,
C00269,Nichole Miranda,DVC-30bfcf44,"612 Andrea Parkways Suite 289, Mahoneymouth, OH 43054",BANK-6923301988,2026-06-22,0,
C00015,James Powers,DVC-2e37a78c,"07991 Amanda Parkways Suite 251, West Justin, NV 71701",BANK-8293453178,2026-03-04,0,
C00070,Julia Norris,DVC-ede3ea7b,"36968 Randy Inlet Suite 352, New Cynthiahaven, NY 25916",BANK-1083651970,2026-04-29,0,
C00602,Megan Wade,DVC-e1af2414,"5116 Wagner Drive Suite 327, East Davidview, WV 73190",BANK-8761956684,2026-03-10,0,
C00018,Ashley Landry,DVC-49610082,"059 Russell Canyon, Michaelton, MH 47399",BANK-2445662585,2025-02-14,0,
C00075,Meghan Williams,DVC-be2c3572,"51864 Cummings Shoals Apt. 519, West Kyle, SD 92052",BANK-9957813353,2026-01-31,0,
C00483,Mary Wright,DVC-0d380bc4,"872 Neal Pike Suite 988, Lake Corey, GU 06364",BANK-1678500147,2025-03-07,0,
C00177,Joshua Henry,DVC-a4d7984c,"1497 Collin Ford, Lake Kelly, CO 62572",BANK-1106456634,2026-06-21,0,
C00700,Terry Hernandez,DVC-c972f8ea,"0184 Kelsey Rapid Suite 374, New Juliamouth, FL 09728",BANK-6214917780,2026-07-19,0,
C00560,Michael Castaneda,DVC-72e17ca2,"309 Gay Corner, Lake Brittney, CO 80284",BANK-7340428136,2025-04-28,0,
C00375,David Ramirez,DVC-e019009c,"7540 Mckenzie Shore, Lake Samanthabury, KS 72948",BANK-2825957977,2025-06-29,0,
C00431,Gregg Bray,DVC-0114192f,"53779 Christian Port, Christinachester, MA 21771",BANK-4776677517,2024-11-24,0,
C00583,Seth Donaldson,DVC-43be4439,"984 Montgomery Plains, New Thomasview, SD 04430",BANK-9259157845,2024-09-29,0,
C00397,Monique Duarte,DVC-86bb60b4,"8997 Jennifer Pines Apt. 695, West Patriciachester, FM 62542",BANK-6726515966,2024-12-03,0,
C00802,Richard Ford,DVC-a0bdc622,"329 Carlos Lane, North Justin, NC 64720",BANK-3918046336,2026-02-12,0,
C00325,Eric Leon,DVC-12ba34e1,"111 Larson Ridges, North Linda, NE 44717",BANK-3971203213,2026-05-27,0,
C00839,Daniel Rodriguez,DVC-2ee99752,"53722 Misty Islands Suite 684, Alvaradoberg, IL 51515",BANK-6623360831,2025-06-05,0,
C00013,Dominique Horton,DVC-3e83ea75,"34309 Julie Centers Apt. 978, North Susan, CO 24857",BANK-7825844140,2024-10-27,0,
C00541,Ryan Durham,DVC-ad0055e3,"0617 Jason Manor, Prestonmouth, AS 21617",BANK-8239941612,2025-01-21,0,
C00800,Tiffany David,DVC-ede8f868,"2303 Carlos Courts Suite 281, Transtad, VA 23952",BANK-9912233947,2024-12-31,0,
C00609,Sarah Wallace,DVC-54dedb1d,"24151 Jessica Islands Apt. 854, Mccoyhaven, TX 10211",BANK-2721355673,2026-03-06,0,
C00654,Jocelyn Mcdonald,DVC-af08c80e,"596 Forbes Brooks, Angelafort, IA 49690",BANK-1722124509,2025-10-26,0,
C00512,Jeffery Hernandez,DVC-17ee0263,"617 Vicki Fork, West Michaelmouth, DE 47751",BANK-5135595227,2024-11-08,0,
C00247,Phillip Dixon,DVC-2a6bc554,"86780 Long Spur, South Tiffany, UT 68423",BANK-3980491761,2025-08-27,0,
C00116,Robert Barnes,DVC-fbc201df,"31190 Harper Squares, East Joyfurt, NV 31216",BANK-9526836552,2025-10-28,0,
C00396,Nancy Wallace,DVC-f6239140,"97013 Wilson Harbor Apt. 658, Amberfurt, ME 17584",BANK-6789448659,2026-03-30,0,
C00877,Lauren Walsh,DVC-6de5318b,"9140 Hudson Turnpike, East Pamela, CT 24743",BANK-3412273600,2026-06-17,0,
C00246,Luke Moore,DVC-9e0c480e,"790 Melanie Landing, Travisshire, VI 36510",BANK-6288227800,2025-09-20,0,
C00056,Manuel Hahn,DVC-42c1c28e,"174 Wilson Cape, West Wendyville, CT 31276",BANK-9573276057,2026-07-25,0,
C00662,Lori Alexander,DVC-b3bea132,"49125 Douglas Divide, Port Timothy, KS 13231",BANK-3815389788,2025-05-18,0,
C00303,Henry Cook,DVC-a94244e8,"9217 Stanley Spur, Ruizbury, FL 81364",BANK-7371573279,2025-03-23,0,
C00402,Daniel Ward,DVC-37f7493e,"712 Cook Dam Apt. 376, East Maryfort, MA 38086",BANK-9354542654,2025-10-01,0,
C00194,Madeline Powell,DVC-69904df8,"Unit 6008 Box 3505, DPO AP 25480",BANK-9462806178,2024-09-17,0,
C00522,Nicole Parker,DVC-fa569980,"41990 Williams Island, West Alanstad, WV 37516",BANK-9333490239,2025-07-10,0,
C00622,Keith Russell,DVC-c161dd54,"787 Chung Freeway, Stevenfort, NY 73220",BANK-2173242669,2026-07-02,0,
C00531,Jessica Richmond,DVC-23d3f307,"6778 Tammy Mews, Ritashire, MS 01802",BANK-3115806625,2025-11-13,0,
C00211,Brenda Morrison,DVC-94693e47,"858 James Road Suite 522, Jenniferstad, OH 63464",BANK-5296710795,2025-11-30,0,
C00309,Ashley Campbell,DVC-2ab21d36,"965 Sullivan Mews Apt. 272, New Patrick, MN 55188",BANK-5418232833,2025-01-01,0,
C00675,Mitchell Phillips,DVC-e93e90c9,"6588 Lauren River Suite 411, East Mark, NJ 95038",BANK-4673457063,2025-12-08,0,
C00028,Spencer Johnston,DVC-01d0c330,"6688 Tracy Groves Suite 706, Elizabethfurt, VA 22133",BANK-8995970241,2026-06-18,0,
C00708,Eric Hunter,DVC-b3de2bd5,"826 James Course Suite 425, Randyfurt, CT 97007",BANK-7059591606,2026-05-29,0,
C00292,Erin Miller,DVC-24e62f4c,"49998 Tammy Summit, Sarahland, WI 39730",BANK-8612747444,2025-05-12,0,
C00623,Morgan Morse,DVC-1401fe4f,"2028 Gabriel Mill, North Nicolefort, GA 82573",BANK-5783809766,2026-05-20,0,
C00739,Joseph Montgomery,DVC-8adda794,"431 Regina Court Apt. 267, Woodstown, OR 90694",BANK-4586139213,2026-06-01,0,
C00615,Beverly Fernandez,DVC-a5e1f7df,"USS Lang, FPO AE 92871",BANK-8394198376,2025-05-20,0,
C00616,Pamela Tran,DVC-4d0d8fe4,"8328 Heath Forks, Lauriestad, MA 54685",BANK-1225953184,2025-02-18,0,
C00567,Erica Lane,DVC-4c1a2a3a,"2683 Torres Hills, Gardnerfurt, WY 57765",BANK-7019900273,2024-11-17,0,
C00255,Brandy Fry,DVC-c72b6bd3,"968 Stout Orchard Apt. 174, Robertberg, ME 01884",BANK-6928691380,2024-09-04,0,
C00087,Carol Wallace,DVC-9a34365e,"640 Emily Lodge Suite 820, Port Cathy, WY 57933",BANK-1983297492,2024-10-01,0,
C00661,Andrea Butler,DVC-0a5fb854,"980 Castillo Stream, West Lisaton, MN 52855",BANK-3587283948,2026-03-14,0,
C00943,Donald Turner,DVC-060f61ad,"1205 Elizabeth Ranch, Wolffort, VA 15248",BANK-5725314249,2026-07-22,1,RING-6
C00929,Deborah Taylor,DVC-90aa24b8,"231 James Divide, Lake Kevinland, AR 49935",BANK-7551874474,2026-06-07,1,RING-4
C00762,James Walters,DVC-093d3960,"0681 James Camp Apt. 397, West Jacquelineshire, FM 48750",BANK-5485387618,2025-10-04,0,
C00323,Tracy Guerrero,DVC-43f37160,"57173 Austin Burg Apt. 761, Victormouth, AK 05356",BANK-5694628398,2025-05-25,0,
C00824,Joann Sanders,DVC-82fbe970,"309 Gay Corner, Lake Brittney, CO 80284",BANK-4662861038,2025-11-07,0,
C00775,Tiffany Lee,DVC-6e075451,"32114 Tapia Manors Suite 609, Matthewstad, IL 40318",BANK-6115750294,2025-08-02,0,
C00394,Jessica Smith,DVC-2cad6fab,"77697 Montgomery Ridges, Hannahfurt, AS 40170",BANK-7808938880,2024-11-11,0,
C00748,Russell Phillips,DVC-43085b94,"64538 Diana Springs Suite 421, North Troyton, RI 99545",BANK-2843567009,2026-06-01,0,
C00604,Nathan Jones,DVC-9ae342bc,"PSC 7676, Box 4722, APO AP 77775",BANK-2148679234,2026-06-02,0,
C00127,William Dickson,DVC-9cff36d5,"PSC 0339, Box 7401, APO AP 37250",BANK-1798112150,2026-08-03,0,
C00144,Justin Delgado,DVC-e523bf9b,"7721 Laura Forges Suite 043, Garymouth, OK 97824",BANK-4776436931,2026-04-27,0,
C00103,Julia Patel,DVC-bcbcc01b,"733 Grant Fork Suite 437, Timothyside, WY 95090",BANK-2926780541,2025-04-04,0,
C00089,Brian Fitzgerald,DVC-71d19296,"144 Lewis Ridge Suite 731, Port Charles, HI 94003",BANK-8987073217,2025-08-15,0,
C00223,Sarah York,DVC-e9f7d6aa,"USCGC Newman, FPO AE 38597",BANK-7418301077,2026-02-07,0,
C00454,Megan Compton,DVC-2312dd19,"57150 Reyes Route Apt. 890, North Christina, MH 16761",BANK-9457665185,2025-05-01,0,
C00704,Rebecca Finley,DVC-670dc5da,"59966 Michael Turnpike, Phelpsshire, VI 69020",BANK-9752058817,2024-10-02,0,
C00631,Marissa Thompson,DVC-b8390b43,"563 Patrick Fall Apt. 375, North Brenda, MA 12835",BANK-5328166990,2025-06-17,0,
C00944,Robin Wyatt,DVC-d0f323d6,"3095 Grimes Ports Suite 912, Munozshire, NV 00853",BANK-2000025413,2026-08-27,1,RING-6
C00156,Brittney Murphy,DVC-f6e2b92f,"6303 Sandy Crescent, Salazarton, ME 87805",BANK-4633987776,2026-04-03,0,
C00767,Caitlin Brown,DVC-c7dc9700,"5146 Kenneth Bypass, West Donaldmouth, FM 27326",BANK-9860949331,2024-12-06,0,
C00644,Alyssa Blackwell,DVC-7ca9c975,"5580 Melendez Rue, East Vincent, AZ 28187",BANK-5789633176,2025-04-26,0,
C00818,Matthew Briggs,DVC-1eb52871,"5337 Jacqueline Camp, North Brianaville, FL 14614",BANK-1487258103,2025-08-18,0,
C00740,Jeremy Armstrong,DVC-afc7d106,"9551 Jones Dale, Ericaberg, DE 88175",BANK-7561728644,2025-02-04,0,
C00360,Matthew Miller,DVC-88814893,"912 Michael Flat Suite 396, East Maryfort, KY 94020",BANK-3667292043,2026-04-21,0,
C00451,Alan Johnson,DVC-ca561ec6,"131 Jennifer Cape, Huntmouth, MD 74170",BANK-2962491159,2026-01-03,0,
C00169,Alexander Harper,DVC-9ba1dcf4,"78593 Craig Shoals Apt. 480, New Meghan, AS 51412",BANK-6618926823,2025-06-06,0,
C00953,David Taylor,DVC-185171c5,"04666 Lance Isle, Port Carlosville, AR 59081",BANK-7754847890,2026-07-25,1,RING-EVASIVE
C00625,Michelle Stone,DVC-0f7c1801,"29462 Mary Ramp Apt. 556, Port Judytown, AS 28631",BANK-8160279830,2025-10-26,0,
C00866,Michael Brown,DVC-33dbd388,"33538 Matthews Station, South Jessicaberg, AS 13893",BANK-8236980551,2024-11-12,0,
C00577,John Hopkins,DVC-47076db0,"59959 Jones Burgs Apt. 311, Villafort, MD 30848",BANK-6218484323,2026-04-26,0,
C00544,Robert Graham,DVC-08053a11,"USNS Wright, FPO AE 90554",BANK-2952996248,2026-06-23,0,
C00071,Nicholas Fuentes,DVC-d5b76daa,"24329 Kathleen Shoal, East Stephaniefort, NH 99387",BANK-9285415473,2025-11-15,0,
C00147,Victor Floyd,DVC-044e96f9,"PSC 4223, Box 2536, APO AA 19135",BANK-8316648259,2025-11-26,0,
C00694,Jacob May,DVC-2f34ea65,"Unit 2137 Box 1184, DPO AE 46064",BANK-5028688786,2025-04-30,0,
C00657,Kathleen Marshall,DVC-18357fd8,"26408 Hines Shoal Apt. 169, Mccannchester, ID 83917",BANK-4500557310,2024-09-26,0,
C00137,David Ortega,DVC-5f730823,"656 Alex Green, New Julie, OH 76590",BANK-6583444930,2026-02-20,0,
C00772,Joshua Becker,DVC-43f05ece,"295 Melissa Ports Apt. 361, Gilmorehaven, ND 06003",BANK-7508522951,2025-10-12,0,
C00392,Carl Leach,DVC-78fe631b,"9081 William Pass Suite 617, Michaelshire, CO 66488",BANK-8093179263,2024-09-16,0,
C00141,Laura Lloyd,DVC-5f4ae447,"3714 Rose Route Suite 969, Matthewsstad, MI 60513",BANK-2139027119,2025-12-27,0,
C00307,Ann Montoya,DVC-276286df,"27846 Gonzalez Springs, Kevinport, PW 57481",BANK-9081544414,2026-03-15,0,
C00377,Sydney Welch,DVC-9ecd0a40,"41776 Love Wells Apt. 248, West Robertside, WA 43331",BANK-3781569954,2025-08-22,0,
C00321,Andrew Jones,DVC-83943b1b,"72006 Hernandez Isle Suite 908, Mendozafurt, PR 95890",BANK-7403028869,2026-05-03,0,
C00106,Vincent Spence,DVC-e7622353,"1202 Conrad Manors, West Christinafort, IN 73577",BANK-4965395580,2026-06-15,0,
C00105,Cindy Clayton,DVC-536dcde1,"19933 Elizabeth Pines Apt. 301, Riverafort, CT 89786",BANK-6491309593,2026-04-25,0,
C00892,Crystal Carson,DVC-4b774e1c,"285 Johnson Forks, Moyertown, NM 92620",BANK-2515672889,2025-12-05,0,
C00092,Bethany Calderon,DVC-93bab4d6,"68018 Kevin Estates, Sarahbury, MI 68513",BANK-8168204967,2026-07-31,0,
C00393,Matthew White,DVC-96ec3811,"16459 Todd Mission Suite 523, North Julie, PA 34490",BANK-9229469952,2026-07-13,0,
C00235,Amanda Bowers,DVC-a8108506,"72980 Boyd Land, Lake Alyssabury, AS 63693",BANK-4853479481,2026-05-10,0,
C00073,Ronald Jones,DVC-8b369bbb,"986 Carpenter Turnpike, South Reginashire, SD 25173",BANK-1248786714,2025-05-11,0,
C00490,Timothy Stokes,DVC-50d6e32c,"827 Robertson Springs Apt. 609, Port Julie, VT 56203",BANK-7763765757,2026-03-03,0,
C00884,Jaime Brown,DVC-754bf029,"9150 Russell Fall, Port Brandi, NV 84658",BANK-2343100352,2025-07-20,0,
C00711,Stacy Werner,DVC-f1610ba4,"6553 Fernandez Club Apt. 538, North Tina, WY 67013",BANK-4586784711,2026-03-08,0,
C00433,Adriana Smith,DVC-e344cec9,"47395 Theresa Flat, West Grant, FM 34841",BANK-7077131430,2026-03-16,0,
C00124,Mark Peck,DVC-66328ec4,"PSC 7008, Box 8600, APO AP 95160",BANK-1245522987,2025-04-05,0,
C00865,Alison Perez,DVC-c87139ea,"882 Rivera Dale, Bishopton, TX 90712",BANK-3074232200,2025-05-26,0,
C00713,Amy Bailey,DVC-d2d7861f,"51494 Jennifer Overpass, Padillaberg, MO 28708",BANK-7560389844,2026-01-31,0,
C00009,Nicole Vaughn,DVC-b7737686,"578 Martinez Fork Apt. 509, New Jeffrey, CA 93279",BANK-1939042955,2026-01-07,0,
C00010,Austin Johnson,DVC-c3dd3c4e,"7382 Sanchez Mountains, Leeville, TN 56999",BANK-9703905715,2025-06-06,0,
C00456,Donald Schneider,DVC-59f6043e,"403 Cooper Ford Apt. 339, Boydburgh, NV 83047",BANK-3791027186,2024-09-08,0,
C00697,Michelle Fernandez,DVC-a7b65e9e,"USCGC Garrison, FPO AA 06912",BANK-3260842187,2025-07-12,0,
C00532,Linda Miller,DVC-1cd63518,"5027 Victor Island, Port Tarachester, KS 68749",BANK-1417436465,2026-03-19,0,
C00232,David Anderson,DVC-a85a9900,"809 Brian Green, New Susan, PA 74373",BANK-9123612497,2026-01-12,0,
C00608,Toni Fernandez,DVC-7f1fa62b,"0534 Dennis Pike, Port Shawn, PW 14868",BANK-4736031885,2026-03-14,0,
C00846,Andrew Smith,DVC-67b00e2c,"9731 Mclean Ridge, North Lindaside, WA 82959",BANK-7227593033,2026-04-18,0,
C00080,Jerry Palmer,DVC-9d2c586c,"75060 Shaw Freeway, Vangstad, IN 04195",BANK-7517938612,2025-05-09,0,
C00489,Catherine Andersen,DVC-dbaa1a76,"6834 Stacey Lodge Suite 111, North Frederick, AR 11587",BANK-7751356568,2026-04-04,0,
C00219,David Hughes,DVC-0f17a946,"0618 Darlene River Apt. 901, Sarahville, LA 90400",BANK-1855256552,2025-04-26,0,
C00002,Meredith Barnes,DVC-17ac8c4d,"26542 Susan Junction Apt. 161, Melanieview, AS 06196",BANK-9697354961,2026-03-24,0,
C00948,Robert Murray,DVC-149899ce,"018 Benjamin Burg, Spencerville, NV 52751",BANK-4459340599,2026-07-25,1,RING-EVASIVE
C00721,Nicole Day,DVC-f0557cf8,"3466 Bennett Overpass, South Damonside, NJ 80410",BANK-4277561834,2025-07-02,0,
C00094,Martin Vargas,DVC-8e6d21c7,"995 Marcia Burgs, North Stacyshire, KS 85845",BANK-8664882079,2025-02-14,0,
C00939,Katie Carroll,DVC-9e00bda1,"98832 Anthony Spring Apt. 256, New Jacobton, FM 06329",BANK-2000025413,2026-07-14,1,RING-6
C00880,Jason Alvarado,DVC-ca3fa459,"Unit 9965 Box 0826, DPO AP 47519",BANK-6443749394,2025-10-31,0,
C00240,Dennis Wood,DVC-daee57bc,"9849 Sonya Viaduct Apt. 770, Port Diane, AS 68416",BANK-6474354351,2025-04-14,0,
C00774,Kenneth Brady,DVC-7a5918ae,"72308 Tyler Cliffs, Johnfurt, ME 27927",BANK-2087974350,2025-10-29,0,
C00717,James Johnson,DVC-daa6588b,"PSC 9512, Box 3972, APO AP 29123",BANK-8048810275,2025-05-30,0,
C00744,Debra Brooks,DVC-f0f22111,"5254 Tracy Grove Apt. 715, North Lisaville, IA 10254",BANK-2963288053,2025-01-19,0,
C00313,Laura Rivera,DVC-d852de7d,"2094 Brown Mountains Apt. 904, West Toddberg, NY 10575",BANK-8721631198,2026-06-27,0,
C00641,Jose Nielsen,DVC-b33d1fed,"225 Tara Inlet, Port Michael, MO 22172",BANK-7767834064,2025-08-27,0,
C00406,Neil Singh,DVC-a5873951,"18848 Sherman Estate Apt. 089, Johnport, VA 55911",BANK-2388450337,2025-10-01,0,
C00054,Curtis Buchanan,DVC-41c6f09b,"842 Sloan Orchard Suite 517, East Karenbury, VI 89148",BANK-3694860228,2026-03-20,0,
C00170,Wendy Thompson,DVC-51437cff,"590 Meza Port Apt. 937, Gregoryton, CO 07863",BANK-4696689457,2025-03-03,0,
C00665,Lauren Hernandez,DVC-ceed659d,"886 Montgomery Extension Suite 298, Alexandrafurt, VI 64103",BANK-7988845536,2026-01-20,0,
C00889,Joshua Bray,DVC-43bb8738,"71844 Watkins Stream, Port Beth, AR 18962",BANK-9354711271,2026-07-07,0,
C00381,Janet Reynolds,DVC-8ee744ba,"3626 Anthony Greens, New Shannon, IA 48950",BANK-6534540349,2025-11-30,0,
C00085,Rick Blackwell,DVC-f1e7d8e3,"687 Johnson Rue Apt. 450, Joshuastad, NE 52932",BANK-9894847574,2026-04-04,0,
C00257,Justin Foster,DVC-c74a2960,"3416 Zachary Union Suite 484, Lopezland, HI 18408",BANK-8531118333,2025-04-16,0,
C00370,Mark Lamb,DVC-694d9c05,"083 Ford Garden Apt. 466, Michelleland, SC 27181",BANK-8331319481,2026-06-23,0,
C00671,John Campbell,DVC-b8ed5bc0,"354 Garrett Creek Apt. 705, Simpsonburgh, CA 57126",BANK-2940955281,2026-02-08,0,
C00893,Mallory Powell,DVC-c91cfe8e,"PSC 1770, Box 6736, APO AP 19708",BANK-5512036684,2026-07-04,0,
C00281,William Mason,DVC-1e7a324f,"Unit 2602 Box 2132, DPO AE 90519",BANK-5837082260,2025-05-04,0,
C00163,Cynthia Green,DVC-3132c1be,"557 Hall Flats Apt. 912, East Shannonmouth, MT 16326",BANK-1041531046,2025-10-25,0,
C00310,Shane Martinez,DVC-15697626,"76212 Dalton Turnpike, Hansonmouth, NY 56091",BANK-8949781901,2025-11-06,0,
C00666,Joseph Thompson,DVC-2bacd3e2,"PSC 0153, Box 4332, APO AA 80276",BANK-5943324387,2026-05-01,0,
C00935,Savannah Fernandez,DVC-a842d6a1,"920 White Drives, Lake Robert, GA 13714",BANK-4455798713,2026-07-09,1,RING-5
C00706,Vincent Hill,DVC-2d8f08d7,"929 Beck Course, Jamesview, SD 96828",BANK-1696846464,2025-05-07,0,
C00208,Rebecca Kelley,DVC-3c973967,"27261 Carr Field, Port Philipmouth, GU 25480",BANK-9333798503,2026-03-14,0,
C00439,Jeremy Baker,DVC-6f0271cd,"8881 House Courts, North Michaelside, ID 44247",BANK-7628981661,2025-02-03,0,
C00001,Allison Hill,DVC-bad4c9bf,"819 Johnson Course, East William, AK 74064",BANK-3746317213,2025-02-05,0,
C00468,Jeffrey Wood,DVC-30117810,"56690 Marks Valley Apt. 076, North Carolyn, VI 70051",BANK-5492496998,2025-04-09,0,
C00452,Daniel Weaver,DVC-280e17ef,"USS Hall, FPO AE 47238",BANK-4102872611,2025-05-13,0,
C00162,Valerie Thomas,DVC-9bf35d70,"86571 William Route, Jonesshire, AR 57515",BANK-8478529823,2026-01-31,0,
C00128,Mary White,DVC-913d1930,"92614 Anne Port, Rhodesside, MA 50812",BANK-3555656321,2026-04-13,0,
C00017,John Whitehead,DVC-8157f312,"640 Matthew Curve, Evanmouth, OH 92994",BANK-1667779376,2025-08-02,0,
C00471,Tina Olson,DVC-77d3b00e,"21160 Sarah Islands, Mirandabury, VA 34268",BANK-6904897514,2026-02-03,0,
C00857,Lindsay Ray,DVC-d3cab746,"122 Mason Turnpike Apt. 567, New Ryantown, AZ 79040",BANK-1662259333,2024-10-11,0,
C00803,Krista Barber,DVC-abb06bf3,"859 Walton Pine Suite 287, Port Benjamin, CA 79117",BANK-5092199300,2025-06-16,0,
C00642,Charles Andrade,DVC-1ce75500,"33613 Gail Vista, Adamburgh, MI 13596",BANK-7757700186,2025-09-04,0,
C00102,Travis Rodriguez,DVC-e929025e,"2636 Salas Street Apt. 283, Whitneyfort, NC 49892",BANK-2067970820,2025-05-05,0,
C00048,Reginald Williams,DVC-b5d3db47,"2702 Kane Well Suite 187, Lake Douglasberg, CA 62038",BANK-2137651678,2026-05-04,0,
C00050,Allen Nguyen,DVC-3380adec,"6238 Knight Turnpike Apt. 221, Harveybury, NM 76936",BANK-7010379415,2024-12-24,0,
C00781,Jacob Hale,DVC-4323c93f,"816 Johnson Mews Suite 111, Nataliestad, NJ 53103",BANK-6955593943,2025-10-02,0,
C00699,Lisa Chung,DVC-c3e9c94d,"27236 Debbie Lock Apt. 351, West Donald, MO 16684",BANK-6852312425,2026-03-21,0,
C00352,Anne Carpenter,DVC-84da848e,"84576 Mccall Estates, East Ericbury, MP 25197",BANK-9908115095,2026-05-14,0,
C00808,Jamie Guerrero,DVC-908ac8b2,"23196 Foster Canyon Apt. 402, South Ashley, MT 20377",BANK-3436297208,2025-08-01,0,
C00497,Paul Deleon,DVC-9ef59c5d,"11022 Porter Trafficway Apt. 056, South Timothyport, NM 11329",BANK-7961674558,2026-04-18,0,
C00580,Joseph Tyler,DVC-26e850de,"130 Patricia Lake, Carrollland, MA 24789",BANK-5703357871,2026-02-16,0,
C00134,Erin Cook,DVC-da701fb2,"5937 Thompson Locks, Kellyfort, OK 32276",BANK-8370987661,2025-05-15,0,
C00951,Michael Johnson,DVC-e591c1b2,"8857 Warner Ranch, Tylerborough, DE 74066",BANK-6018142572,2026-07-25,1,RING-EVASIVE
C00561,Gabriela Henry,DVC-e1aeb10c,"745 Smith Knoll Suite 589, Rodriguezhaven, VA 84360",BANK-8636525027,2024-09-20,0,
C00346,Lee Lee,DVC-bd078b66,"01871 Lee Island Apt. 562, Woodstad, AL 37810",BANK-7311011808,2025-05-29,0,
C00291,Matthew Chavez,DVC-4b710627,"84983 Jack Centers, Benjaminton, TN 76272",BANK-3693985578,2026-06-16,0,
C00930,Terri Nguyen,DVC-90aa24b8,"231 James Divide, Lake Kevinland, AR 49935",BANK-7551874474,2026-05-25,1,RING-4
C00331,Michael Nguyen,DVC-fd5267bf,"13636 Charles Prairie Suite 062, New Spencer, MS 49454",BANK-2079770569,2024-12-18,0,
C00275,Bianca Taylor,DVC-e307237c,"9389 John Grove Suite 591, Lake Robertstad, MI 25468",BANK-3792347639,2025-05-11,0,
C00507,Nicholas Ramirez,DVC-73793727,"916 Berg Roads, Port Scott, MD 35732",BANK-9467483275,2025-02-09,0,
C00217,Thomas Landry,DVC-39341515,"85887 Williams Run Apt. 581, East Teresaside, ND 01461",BANK-4226113732,2026-01-03,0,
C00845,Tyler Smith,DVC-4608d3b7,"99071 Simmons Ramp, South Jeremyberg, VI 37384",BANK-3758823240,2025-02-20,0,
C00440,Danielle Mcgee,DVC-8b983d59,"92840 Campbell Key Suite 690, Valdezberg, VI 52602",BANK-3995732958,2025-02-27,0,
C00224,Brett Swanson,DVC-71451d01,"2314 Rachel Island Suite 759, Heatherberg, OK 74800",BANK-2047905204,2025-06-14,0,
C00408,Kevin Carson,DVC-2f3fb31f,"66110 Beasley Mountains, South Christian, TX 69478",BANK-7625389037,2025-07-13,0,
C00548,Jessica Li,DVC-6594dc35,"7046 David Extension, Brittanybury, OK 03288",BANK-3424843951,2025-04-13,0,
C00815,Brandon Cordova PhD,DVC-ec8ae615,"72024 Shelton Views, Elizabethland, AZ 22156",BANK-7568980185,2026-07-29,0,
C00065,Jeffrey Hoffman,DVC-7848dfd9,"402 Park Inlet, Michaelburgh, VI 19277",BANK-3615507143,2025-11-17,0,
C00871,Donald Morgan,DVC-6a086157,"42886 Maria Roads Apt. 537, Pattersonton, NC 91423",BANK-7374810067,2024-11-17,0,
C00367,Alex Harrison,DVC-d3576695,"9366 Clark Bridge, South Debra, TN 40014",BANK-7845366946,2025-02-07,0,
C00715,Cassie White,DVC-745d8b51,"151 Sophia Ports Suite 667, Port Matthew, CT 41290",BANK-4508521152,2025-06-06,0,
C00681,Kenneth Gibson,DVC-41f667dd,"69409 Smith Fork Suite 624, New Emily, MD 70279",BANK-1741134891,2025-08-25,0,
C00651,Timothy Hill,DVC-0b03d785,"8096 Erika Groves, South Jamiechester, TN 17509",BANK-7824150224,2025-04-05,0,
C00470,Dr. Susan Navarro,DVC-469b9cb7,"289 David Underpass, West Marisaside, VI 61685",BANK-6554972315,2025-01-12,0,
C00749,Michael Roach,DVC-e3a82c88,"9591 Acosta Island, Howardfort, MN 65997",BANK-7935554354,2025-04-25,0,
C00910,Randy Miller,DVC-c0142e24,"64154 Rodriguez Views Suite 313, West Christine, IL 55483",BANK-1167134213,2026-07-15,1,RING-2
C00751,Eugene Fritz,DVC-7f1d6bb0,"0622 Jay Brook Suite 724, Jamesfort, MO 21251",BANK-9957643727,2025-04-27,0,
C00868,Mrs. Jennifer Johnson MD,DVC-a5706def,"6178 Maxwell Stravenue Apt. 023, Port Anthonyville, MA 54898",BANK-9903351330,2024-11-30,0,
C00793,Christine Vance,DVC-56f50215,"59446 Jerry River, Sarahstad, MP 31481",BANK-6611356986,2024-12-30,0,
C00890,Jordan Dudley,DVC-573da269,"0373 Collier Locks Suite 812, Figueroafort, TN 67792",BANK-7465834732,2025-01-14,0,
C00003,Calvin Nielsen,DVC-4c5044fc,"959 Janet Cape Apt. 413, South Joshuastad, GA 49021",BANK-2181241943,2025-06-06,0,
C00596,Alexis Kirk,DVC-b67cd0e2,"351 William Creek, East Jamesshire, MN 89763",BANK-1913706213,2025-07-24,0,
C00336,Nicole Johnson,DVC-bd49d7cf,"625 Padilla Alley, South Patriciamouth, NC 04788",BANK-6272000062,2025-04-22,0,
C00500,Tommy Dawson,DVC-732b1646,"00053 Kennedy Rest, South Jackfort, MN 44316",BANK-3776011793,2025-04-28,0,
C00466,Rhonda Lee,DVC-c7fff2a0,"Unit 6791 Box 2141, DPO AA 16843",BANK-8275679594,2025-04-06,0,
C00378,Pamela Davidson,DVC-0dbed314,"206 Courtney Island Apt. 123, Port Brooke, MT 42365",BANK-9196564761,2025-08-20,0,
C00899,Joshua Vincent MD,DVC-e1458a99,"225 Troy Summit Apt. 858, South Dawnbury, MN 07299",BANK-8419590655,2026-02-26,0,
C00712,Erik Aguirre,DVC-a09040d8,"837 Andrews Center Suite 977, Brownburgh, AK 73895",BANK-9523104008,2025-08-18,0,
C00285,James Wells,DVC-fe9539d9,"60463 Katherine Circles, South Michelle, NM 90660",BANK-8588769565,2025-05-14,0,
C00768,Natasha Maldonado,DVC-2bbe10c2,"01137 Nelson Squares Suite 123, South Ericatown, AZ 65699",BANK-2965718821,2025-08-05,0,
C00528,John Day,DVC-29b08c5b,"PSC 7112, Box 1663, APO AA 43587",BANK-2753617371,2024-10-24,0,
C00413,Christopher Johnson,DVC-c8bf400f,"181 Stephanie Plains Apt. 983, Shawtown, DE 86779",BANK-6169243284,2025-10-22,0,
C00096,Emma Travis,DVC-f7f74641,"58815 Steven Grove Suite 321, West Soniachester, IA 21433",BANK-1817804383,2026-05-28,0,
C00788,Emily Bullock,DVC-100c4854,"PSC 9354, Box 3586, APO AA 35092",BANK-4531928910,2025-12-12,0,
C00902,Michael Wood,DVC-80a7a7cf,"25942 Cynthia Dale Suite 633, West Richardview, CO 90215",BANK-5489281916,2026-05-12,1,RING-1
C00814,Jennifer Atkinson,DVC-3f11551b,"2959 Castaneda Courts, North Lauratown, FL 71328",BANK-3464975279,2025-08-02,0,
C00649,Mackenzie Jordan,DVC-52fbb466,"938 Williams Islands Suite 029, South Williamland, MA 83959",BANK-4627032705,2026-04-08,0,
C00078,Lori Orr,DVC-4e021d96,"5379 Goodwin Tunnel, Youngbury, ME 61975",BANK-6633778586,2026-06-14,0,
C00463,Jennifer Willis,DVC-842c75b4,"PSC 8362, Box 6448, APO AP 86810",BANK-4207337120,2026-07-24,0,
C00385,Tammy Black,DVC-a314012b,"7287 Jacob Center, East Barry, KS 21938",BANK-9343730920,2026-03-06,0,
C00425,Amanda Griffith,DVC-b03d3193,"750 Lee Common Apt. 361, East Frank, ME 08738",BANK-6469318275,2026-01-03,0,
C00643,Jennifer Lewis,DVC-c04da727,"5420 Jacqueline Way, Antonioton, DE 02710",BANK-7088949191,2026-04-02,0,
C00276,Matthew Carrillo,DVC-1c750961,"792 Williams Viaduct Apt. 352, North Jodibury, RI 19857",BANK-3799264931,2026-07-10,0,
C00648,Pamela Johnson,DVC-fc529d00,"6075 Fields Ranch Apt. 508, Wrightland, ND 12896",BANK-5673482258,2024-12-10,0,
C00592,Nathan Gregory,DVC-b0bb1620,"9984 Susan Mountain Apt. 204, Christopherbury, WI 71647",BANK-4096932037,2025-04-21,0,
C00146,Christine Rojas,DVC-3837c72f,"92330 Patel Ranch Apt. 544, Stephaniehaven, MH 89538",BANK-5972484792,2026-05-30,0,
C00502,Lindsay Williams,DVC-3d921f3b,"Unit 3371 Box 1895, DPO AA 95574",BANK-7784217828,2025-09-07,0,
C00403,Derek Espinoza,DVC-381d2d49,"86326 Hardin Mount, Sherrymouth, FL 01804",BANK-3362646960,2026-03-15,0,
C00693,Laura Hayes,DVC-d6707ad8,"714 Rogers Ferry Suite 578, Alvaradomouth, WV 68536",BANK-2683446724,2025-03-27,0,
C00864,Michelle Wood,DVC-ced941a1,"3017 Parker Turnpike, Michellehaven, OK 70015",BANK-9403748506,2025-10-01,0,
C00780,Cassandra Bennett,DVC-410ef141,"9737 Craig Dam, Lake Tiffany, PA 74264",BANK-8487449580,2024-09-22,0,
C00254,Angela Baker,DVC-0635a625,"3347 David Villages Apt. 005, Michellemouth, VI 71356",BANK-3987248494,2025-04-03,0,
C00849,Christina Phillips,DVC-3f7e62b6,"92013 Burton Trace Suite 621, South Nicholas, GA 49592",BANK-5952163720,2024-10-01,0,
C00330,Stefanie Chavez,DVC-39d0a271,"220 Robertson Cliffs, Lake Sean, OR 43226",BANK-6458544482,2025-07-26,0,
C00729,Andrea Graham,DVC-1c963581,"9083 Jenny Cape, East Matthewview, PW 23507",BANK-2610237679,2025-06-02,0,
C00150,Jessica Forbes DVM,DVC-def18c60,"41541 Beck Run Apt. 064, South Diana, VT 12976",BANK-5871743247,2024-09-04,0,
C00256,Olivia Taylor,DVC-48119e3e,"774 Katie Union, Carlatown, OH 49475",BANK-6805759868,2025-01-28,0,
C00136,Rebecca Ortiz,DVC-30c3c975,"42661 Ewing Neck Suite 886, Port Tanyaside, PA 84148",BANK-2699887270,2024-11-09,0,
C00887,Carolyn Cooper,DVC-da617da5,"USS Mcdonald, FPO AE 61351",BANK-6620138568,2024-09-12,0,
C00719,Joseph Mccullough,DVC-5a856206,"578 Bowers Crescent, West Johnberg, IA 64826",BANK-4655730355,2025-01-28,0,
C00130,Mary Miller,DVC-e7b248c0,"114 Norman Tunnel, Lake Peter, MN 14466",BANK-3553440342,2024-11-14,0,
C00672,Timothy Ramos,DVC-4f872265,"13348 Flores Pines, Garciaport, RI 28064",BANK-5539308214,2025-11-21,0,
C00888,Zachary Velez,DVC-3fb71d71,"206 Jeffery Manors, Port William, TN 42149",BANK-1099541460,2024-12-15,0,
C00284,William Jensen,DVC-9457cad6,"330 Miller Tunnel, Andersonfort, VT 85641",BANK-8299146480,2025-06-21,0,
C00061,Amanda Logan,DVC-bab19814,"0076 Parks Overpass Suite 115, North David, RI 83479",BANK-5774080233,2025-12-02,0,
C00941,Heather Young,DVC-060f61ad,"98832 Anthony Spring Apt. 256, New Jacobton, FM 06329",BANK-5725314249,2026-08-19,1,RING-6
C00422,Jill Walker,DVC-a4b5c412,"531 Stokes Forges Apt. 750, Trevorborough, AL 26202",BANK-4921003983,2026-06-03,0,
C00805,James Marquez,DVC-1bf35f47,"2603 Penny Courts, Nathanielstad, NH 51167",BANK-1149460439,2026-07-24,0,
C00769,Jennifer Dudley,DVC-afb0ae36,"144 Harris Grove, Lake Josephborough, IA 90898",BANK-2260326267,2025-08-17,0,
C00139,Daniel Webb,DVC-b419550a,"751 Williams Station Apt. 051, Lake John, HI 72840",BANK-5278201677,2025-01-06,0,
C00098,Megan Mitchell,DVC-76ae19ca,"2456 Williams Center, West Angela, CA 51140",BANK-7114223633,2025-09-30,0,
C00835,Stephanie Wright,DVC-bf162fcf,"910 Robinson Station, East Joann, GU 89950",BANK-5407856339,2025-10-04,0,
C00696,Kyle Hernandez,DVC-d4859870,"583 Nicholas Courts, Lake Cynthia, RI 30157",BANK-4492602049,2026-06-20,0,
C00922,Melissa Zuniga,DVC-ee3058fb,"82491 Lisa Meadow Suite 020, North Ericport, MN 84277",BANK-9810503338,2026-07-29,1,RING-3
C00527,Tiffany Brooks,DVC-e8a7bc8d,"0903 Eric Cove Suite 629, Nashbury, MS 61092",BANK-8833399096,2026-02-05,0,
C00879,Emily Hahn,DVC-f9215b1b,"9538 Diane Points, Port Loriport, GU 00903",BANK-3003484425,2026-08-01,0,
