order_id,customer_id,order_date,amount,category,returned
O000001,C00702,2026-07-01,7421.57,grocery,0
O000002,C00702,2026-06-11,12368.96,grocery,0
O000003,C00702,2026-07-16,1264.57,grocery,0
O000004,C00702,2026-06-07,11773.59,grocery,0
O000005,C00702,2026-04-02,725.54,apparel,0
O000006,C00736,2026-09-02,3967.51,beauty,0
O000007,C00736,2026-04-26,5597.51,apparel,1
O000008,C00736,2026-03-16,12405.54,grocery,0
O000009,C00736,2026-03-12,13869.18,electronics,0
O000010,C00736,2026-08-01,7485.17,beauty,0
O000011,C00261,2026-07-14,5360.46,home,0
O000012,C00261,2026-04-29,10426.1,home,0
O000013,C00261,2026-06-30,1029.87,grocery,1
O000014,C00261,2026-04-23,3450.48,apparel,0
O000015,C00308,2026-06-22,3338.95,beauty,0
O000016,C00308,2026-08-05,13010.06,electronics,0
O000017,C00308,2026-06-24,2245.02,apparel,0
O000018,C00308,2026-03-22,424.42,home,0
O000019,C00308,2026-08-15,14162.17,home,0
O000020,C00308,2026-07-25,5834.19,home,0
O000021,C00308,2026-06-26,3507.67,home,0
O000022,C00308,2026-08-03,12417.37,beauty,0
O000023,C00308,2026-07-22,408.01,home,0
O000024,C00308,2026-08-22,9028.46,home,0
O000025,C00308,2026-07-24,1889.14,electronics,0
O000026,C00308,2026-07-09,4364.3,home,0
O000027,C00811,2026-07-22,4692.23,apparel,0
O000028,C00811,2026-04-30,3832.44,electronics,0
O000029,C00811,2026-06-28,12094.75,grocery,0
O000030,C00811,2026-03-09,4997.91,apparel,0
O000031,C00811,2026-05-09,9934.39,home,0
O000032,C00811,2026-04-26,6452.92,beauty,0
O000033,C00193,2026-07-16,14922.88,apparel,0
O000034,C00193,2026-07-24,10786.53,grocery,0
O000035,C00785,2026-03-21,7757.53,apparel,0
O000036,C00785,2026-05-09,13184.47,apparel,0
O000037,C00785,2026-08-08,7220.48,home,0
O000038,C00785,2026-04-11,8517.77,apparel,0
O000039,C00785,2026-03-17,13523.99,electronics,0
O000040,C00785,2026-04-27,3582.92,home,0
O000041,C00785,2026-07-05,13336.6,home,0
O000042,C00785,2026-07-05,4622.55,electronics,0
O000043,C00785,2026-06-14,13035.98,grocery,0
O000044,C00785,2026-03-16,9423.62,beauty,0
O000045,C00785,2026-08-12,7657.02,beauty,0
O000046,C00785,2026-07-01,6372.68,apparel,0
O000047,C00320,2026-05-05,5337.25,grocery,0
O000048,C00320,2026-07-12,14803.74,apparel,0
O000049,C00320,2026-08-17,10820.33,electronics,0
O000050,C00320,2026-07-03,9576.18,apparel,0
O000051,C00174,2026-08-15,11489.54,apparel,0
O000052,C00174,2026-06-13,2629.0,electronics,0
O000053,C00174,2026-09-02,6675.56,beauty,0
O000054,C00174,2026-05-24,14490.32,beauty,0
O000055,C00174,2026-08-08,8146.6,home,1
O000056,C00174,2026-07-04,13412.49,grocery,0
O000057,C00174,2026-06-19,10248.2,apparel,0
O000058,C00033,2026-06-12,5361.94,apparel,0
O000059,C00033,2026-07-11,7699.05,home,0
O000060,C00033,2026-04-21,12410.5,home,0
O000061,C00033,2026-07-12,7002.12,grocery,0
O000062,C00033,2026-03-21,5266.18,apparel,0
O000063,C00004,2026-04-16,2723.79,beauty,0
O000064,C00004,2026-06-06,3597.52,apparel,1
O000065,C00004,2026-07-01,622.13,grocery,0
O000066,C00004,2026-06-02,5688.89,electronics,0
O000067,C00004,2026-07-20,9712.72,grocery,0
O000068,C00004,2026-04-01,9030.68,electronics,0
O000069,C00004,2026-08-13,9907.44,electronics,0
O000070,C00842,2026-05-28,6426.6,beauty,0
O000071,C00842,2026-05-22,4015.25,apparel,0
O000072,C00410,2026-07-04,10026.47,grocery,0
O000073,C00410,2026-06-25,9202.82,apparel,0
O000074,C00410,2026-08-01,13509.74,grocery,0
O000075,C00410,2026-05-04,2030.7,electronics,0
O000076,C00410,2026-03-28,7616.76,grocery,0
O000077,C00799,2026-05-27,12523.03,apparel,0
O000078,C00799,2026-09-01,6323.42,apparel,0
O000079,C00799,2026-05-22,7596.41,apparel,0
O000080,C00799,2026-03-28,7365.76,apparel,0
O000081,C00799,2026-04-06,10173.01,electronics,1
O000082,C00626,2026-04-19,7822.07,electronics,0
O000083,C00626,2026-06-11,9771.75,beauty,0
O000084,C00626,2026-05-03,4651.53,beauty,0
O000085,C00626,2026-03-18,12253.72,electronics,1
O000086,C00626,2026-06-11,5595.16,home,0
O000087,C00626,2026-06-10,2003.75,electronics,0
O000088,C00626,2026-06-27,2334.4,apparel,1
O000089,C00626,2026-04-29,13449.56,grocery,0
O000090,C00626,2026-04-26,11076.1,home,0
O000091,C00626,2026-04-23,2988.18,beauty,0
O000092,C00626,2026-08-17,7011.12,beauty,0
O000093,C00125,2026-04-11,9838.04,apparel,0
O000094,C00125,2026-08-04,10533.7,electronics,0
O000095,C00125,2026-05-10,12711.94,electronics,0
O000096,C00125,2026-06-01,8984.03,grocery,0
O000097,C00125,2026-04-13,2964.53,beauty,0
O000098,C00125,2026-04-18,9286.97,apparel,0
O000099,C00125,2026-07-30,7475.4,beauty,0
O000100,C00125,2026-07-20,1231.04,home,0
O000101,C00125,2026-06-17,13064.48,grocery,1
O000102,C00340,2026-07-17,13135.21,grocery,0
O000103,C00340,2026-07-01,10598.53,electronics,0
O000104,C00340,2026-07-02,10981.78,beauty,0
O000105,C00340,2026-05-04,10241.54,beauty,0
O000106,C00340,2026-06-30,12448.64,grocery,0
O000107,C00340,2026-06-27,9757.96,apparel,1
O000108,C00340,2026-09-02,7198.55,beauty,0
O000109,C00340,2026-03-31,1400.52,beauty,0
O000110,C00340,2026-07-05,5164.15,home,0
O000111,C00340,2026-06-03,3573.79,beauty,1
O000112,C00340,2026-08-12,3754.5,beauty,0
O000113,C00569,2026-03-11,6887.05,beauty,0
O000114,C00569,2026-03-22,2044.99,beauty,0
O000115,C00569,2026-07-25,561.21,beauty,0
O000116,C00569,2026-08-15,8489.83,electronics,0
O000117,C00569,2026-09-01,11939.21,grocery,0
O000118,C00569,2026-04-29,13384.63,grocery,0
O000119,C00569,2026-04-10,10170.67,home,0
O000120,C00569,2026-08-27,1097.85,apparel,0
O000121,C00569,2026-05-31,5180.0,grocery,0
O000122,C00354,2026-08-20,1976.14,apparel,0
O000123,C00354,2026-07-15,5520.54,home,1
O000124,C00354,2026-04-05,5796.19,electronics,0
O000125,C00354,2026-03-14,2713.08,apparel,0
O000126,C00354,2026-04-19,11214.91,beauty,0
O000127,C00354,2026-06-07,9279.52,apparel,0
O000128,C00354,2026-03-18,12827.26,apparel,0
O000129,C00354,2026-06-17,11786.88,home,0
O000130,C00354,2026-06-06,6392.71,grocery,0
O000131,C00354,2026-08-15,13408.79,beauty,0
O000132,C00354,2026-08-31,14356.0,apparel,0
O000133,C00618,2026-06-21,11122.34,grocery,1
O000134,C00618,2026-08-19,12630.6,beauty,0
O000135,C00618,2026-04-11,11781.9,apparel,0
O000136,C00618,2026-03-29,2852.66,apparel,0
O000137,C00618,2026-03-26,9965.57,grocery,0
O000138,C00618,2026-05-27,7710.42,beauty,0
O000139,C00618,2026-03-19,9252.21,apparel,0
O000140,C00618,2026-08-19,14464.83,home,0
O000141,C00618,2026-04-08,2260.57,beauty,0
O000142,C00421,2026-07-15,10611.97,home,0
O000143,C00421,2026-07-16,14052.03,apparel,0
O000144,C00421,2026-07-15,9475.26,home,0
O000145,C00421,2026-03-14,13841.52,apparel,0
O000146,C00421,2026-07-09,9856.27,apparel,0
O000147,C00421,2026-08-11,10506.39,home,0
O000148,C00421,2026-07-15,11483.39,grocery,0
O000149,C00421,2026-07-08,8688.38,beauty,0
O000150,C00421,2026-04-28,13439.83,grocery,0
O000151,C00421,2026-03-27,12755.33,electronics,0
O000152,C00421,2026-08-20,671.5,apparel,0
O000153,C00933,2026-08-31,3238.57,apparel,0
O000154,C00933,2026-06-22,10345.84,apparel,0
O000155,C00856,2026-08-11,774.9,beauty,0
O000156,C00856,2026-03-25,13060.12,grocery,0
O000157,C00225,2026-04-23,8550.68,apparel,0
O000158,C00225,2026-05-19,12013.45,home,0
O000159,C00225,2026-07-19,990.6,beauty,0
O000160,C00225,2026-07-23,14363.52,home,0
O000161,C00225,2026-08-01,1090.89,home,0
O000162,C00546,2026-07-06,12500.76,home,0
O000163,C00546,2026-06-27,8335.24,grocery,0
O000164,C00546,2026-06-16,10956.24,apparel,0
O000165,C00546,2026-07-02,2908.16,electronics,0
O000166,C00546,2026-06-14,2854.79,grocery,0
O000167,C00612,2026-08-27,6599.06,grocery,0
O000168,C00612,2026-08-07,2665.65,home,0
O000169,C00612,2026-06-30,7155.07,apparel,1
O000170,C00117,2026-06-04,14006.01,grocery,1
O000171,C00117,2026-08-30,4726.98,grocery,0
O000172,C00341,2026-04-06,11825.26,home,0
O000173,C00341,2026-08-30,14367.72,grocery,0
O000174,C00341,2026-03-30,7725.56,beauty,1
O000175,C00341,2026-03-25,6230.23,home,0
O000176,C00341,2026-06-03,3436.3,home,0
O000177,C00341,2026-03-13,4615.54,grocery,0
O000178,C00341,2026-07-28,14950.48,electronics,0
O000179,C00341,2026-08-18,5386.31,apparel,1
O000180,C00341,2026-06-21,9321.41,grocery,0
O000181,C00341,2026-06-14,886.2,home,0
O000182,C00084,2026-07-08,8241.49,home,0
O000183,C00084,2026-07-01,7897.96,home,1
O000184,C00084,2026-05-04,7778.41,beauty,0
O000185,C00084,2026-07-15,13504.74,apparel,1
O000186,C00084,2026-06-15,1510.48,electronics,0
O000187,C00084,2026-03-14,14357.26,grocery,1
O000188,C00084,2026-08-14,9515.92,apparel,0
O000189,C00084,2026-08-15,11671.66,beauty,0
O000190,C00689,2026-08-21,12482.61,beauty,0
O000191,C00689,2026-03-22,14114.34,apparel,0
O000192,C00689,2026-06-23,10837.96,electronics,0
O000193,C00582,2026-05-25,1335.5,apparel,0
O000194,C00582,2026-08-29,6292.2,beauty,0
O000195,C00582,2026-04-28,6665.47,electronics,0
O000196,C00915,2026-05-07,8162.07,grocery,1
O000197,C00915,2026-06-20,11265.48,electronics,1
O000198,C00915,2026-04-04,1367.06,grocery,1
O000199,C00915,2026-04-09,11867.31,home,1
O000200,C00915,2026-08-03,4438.31,beauty,1
O000201,C00915,2026-04-01,12385.2,electronics,1
O000202,C00915,2026-06-04,8141.98,apparel,1
O000203,C00915,2026-08-26,12012.53,grocery,1
O000204,C00722,2026-08-27,13738.28,home,0
O000205,C00722,2026-05-17,463.91,grocery,0
O000206,C00722,2026-06-18,914.07,grocery,0
O000207,C00722,2026-06-16,8196.14,electronics,0
O000208,C00722,2026-07-30,11299.96,home,0
O000209,C00722,2026-04-23,13612.73,grocery,0
O000210,C00828,2026-06-27,3545.58,home,0
O000211,C00828,2026-06-02,2965.96,grocery,0
O000212,C00828,2026-06-15,12815.4,grocery,0
O000213,C00828,2026-05-20,8380.07,home,0
O000214,C00510,2026-06-01,7461.7,home,0
O000215,C00510,2026-03-11,10168.04,apparel,0
O000216,C00510,2026-06-21,9406.88,apparel,1
O000217,C00510,2026-04-11,6924.5,grocery,0
O000218,C00510,2026-03-20,10493.83,apparel,0
O000219,C00510,2026-08-13,5658.05,home,0
O000220,C00510,2026-03-13,2779.0,home,0
O000221,C00510,2026-04-28,3556.43,beauty,0
O000222,C00510,2026-06-21,5584.44,home,0
O000223,C00510,2026-03-18,7103.87,home,0
O000224,C00510,2026-05-29,7458.48,electronics,0
O000225,C00510,2026-06-09,9217.43,home,0
O000226,C00214,2026-05-10,3187.55,electronics,0
O000227,C00214,2026-06-08,13413.95,grocery,0
O000228,C00214,2026-07-16,12245.84,grocery,0
O000229,C00214,2026-03-27,8973.53,electronics,0
O000230,C00747,2026-08-16,9912.45,apparel,0
O000231,C00747,2026-08-19,3582.61,grocery,0
O000232,C00747,2026-04-12,4577.69,beauty,0
O000233,C00747,2026-08-19,1631.14,home,0
O000234,C00747,2026-04-14,10041.37,grocery,0
O000235,C00747,2026-05-21,11430.93,apparel,0
O000236,C00747,2026-06-26,2933.43,grocery,0
O000237,C00747,2026-03-25,14525.71,beauty,0
O000238,C00747,2026-05-06,894.17,beauty,0
O000239,C00747,2026-07-02,4186.05,apparel,0
O000240,C00743,2026-05-26,7912.91,home,0
O000241,C00743,2026-03-26,13793.16,electronics,0
O000242,C00746,2026-08-04,7964.18,home,0
O000243,C00746,2026-07-12,4170.75,grocery,0
O000244,C00924,2026-07-16,9909.03,home,1
O000245,C00924,2026-03-25,13503.93,electronics,1
O000246,C00924,2026-04-08,5832.03,apparel,1
O000247,C00924,2026-06-16,5487.6,home,1
O000248,C00924,2026-08-29,7387.02,grocery,1
O000249,C00924,2026-06-14,13265.9,beauty,1
O000250,C00924,2026-07-17,1433.2,home,1
O000251,C00924,2026-08-14,3047.51,home,1
O000252,C00924,2026-07-01,12309.24,apparel,1
O000253,C00924,2026-04-30,5154.3,electronics,1
O000254,C00924,2026-08-09,7338.58,apparel,1
O000255,C00271,2026-04-10,934.22,grocery,1
O000256,C00271,2026-07-03,2280.44,grocery,0
O000257,C00271,2026-07-17,8712.36,electronics,1
O000258,C00271,2026-05-30,13859.97,grocery,0
O000259,C00271,2026-06-25,9110.56,grocery,0
O000260,C00271,2026-08-31,13214.08,home,0
O000261,C00271,2026-06-15,3483.92,grocery,0
O000262,C00271,2026-04-07,13049.35,apparel,0
O000263,C00271,2026-06-06,6338.27,apparel,0
O000264,C00271,2026-07-28,12360.66,apparel,0
O000265,C00271,2026-08-02,7808.83,apparel,0
O000266,C00359,2026-05-24,6966.01,grocery,0
O000267,C00359,2026-06-29,5859.71,apparel,1
O000268,C00359,2026-07-17,3274.52,grocery,1
O000269,C00359,2026-08-20,12449.76,grocery,0
O000270,C00359,2026-06-09,7295.28,grocery,1
O000271,C00359,2026-07-16,13202.96,grocery,0
O000272,C00359,2026-07-10,2027.49,beauty,0
O000273,C00359,2026-03-18,13559.18,grocery,0
O000274,C00359,2026-04-29,13485.44,beauty,0
O000275,C00359,2026-03-17,5744.55,electronics,0
O000276,C00359,2026-07-01,6605.66,beauty,0
O000277,C00359,2026-05-16,5904.18,grocery,0
O000278,C00390,2026-04-22,3717.94,electronics,0
O000279,C00390,2026-07-25,13188.46,beauty,0
O000280,C00390,2026-03-31,380.4,electronics,0
O000281,C00390,2026-04-28,2032.08,electronics,0
O000282,C00390,2026-08-31,3319.65,home,0
O000283,C00390,2026-08-09,1866.77,beauty,0
O000284,C00390,2026-03-26,4028.4,grocery,0
O000285,C00390,2026-08-09,5674.97,home,0
O000286,C00390,2026-06-29,6142.58,apparel,0
O000287,C00390,2026-05-30,11821.69,beauty,0
O000288,C00390,2026-03-30,8518.68,beauty,0
O000289,C00914,2026-05-16,8791.47,beauty,0
O000290,C00914,2026-05-30,12868.48,electronics,1
O000291,C00914,2026-03-17,6864.94,apparel,1
O000292,C00914,2026-06-12,7772.65,home,1
O000293,C00914,2026-08-30,9326.17,electronics,1
O000294,C00914,2026-06-24,14479.18,electronics,1
O000295,C00807,2026-07-11,1595.67,home,0
O000296,C00807,2026-04-26,1476.58,electronics,0
O000297,C00807,2026-04-12,13981.07,beauty,0
O000298,C00831,2026-06-11,4511.1,grocery,0
O000299,C00831,2026-05-03,11672.04,apparel,0
O000300,C00831,2026-07-17,6752.89,apparel,0
O000301,C00831,2026-08-29,13982.15,grocery,0
O000302,C00831,2026-08-12,794.06,grocery,0
O000303,C00831,2026-07-21,10567.21,grocery,0
O000304,C00831,2026-06-24,830.1,apparel,0
O000305,C00831,2026-06-25,14641.99,electronics,0
O000306,C00831,2026-04-21,11761.19,home,0
O000307,C00831,2026-05-12,6260.13,apparel,0
O000308,C00831,2026-07-27,11132.81,electronics,0
O000309,C00540,2026-05-21,8869.11,home,0
O000310,C00540,2026-05-16,4364.67,grocery,0
O000311,C00540,2026-03-29,6984.96,beauty,0
O000312,C00277,2026-08-07,2873.01,grocery,1
O000313,C00277,2026-06-06,1364.07,home,0
O000314,C00277,2026-06-29,2020.03,grocery,0
O000315,C00277,2026-08-10,13178.86,grocery,0
O000316,C00277,2026-08-22,6808.7,beauty,0
O000317,C00277,2026-08-12,11618.52,home,0
O000318,C00277,2026-07-14,7045.07,beauty,0
O000319,C00277,2026-07-17,12971.74,beauty,0
O000320,C00277,2026-07-11,1293.05,apparel,0
O000321,C00277,2026-05-25,3679.97,home,0
O000322,C00277,2026-04-13,5490.52,grocery,0
O000323,C00035,2026-05-04,6164.28,home,0
O000324,C00035,2026-07-11,13991.52,beauty,0
O000325,C00145,2026-03-17,13446.45,home,0
O000326,C00145,2026-08-27,11268.5,apparel,0
O000327,C00145,2026-07-04,3235.1,apparel,0
O000328,C00145,2026-09-04,3339.65,apparel,0
O000329,C00145,2026-05-29,12594.12,home,0
O000330,C00145,2026-07-23,1868.33,electronics,0
O000331,C00145,2026-07-11,10052.33,grocery,0
O000332,C00523,2026-05-02,7389.69,grocery,1
O000333,C00523,2026-08-18,13502.38,grocery,0
O000334,C00663,2026-07-05,14770.6,grocery,0
O000335,C00663,2026-05-21,3564.76,grocery,0
O000336,C00663,2026-05-22,8028.31,beauty,0
O000337,C00663,2026-06-23,8249.29,grocery,0
O000338,C00663,2026-04-26,12947.88,apparel,0
O000339,C00663,2026-07-26,2069.41,grocery,0
O000340,C00149,2026-04-29,5877.59,electronics,0
O000341,C00149,2026-07-05,9307.84,home,0
O000342,C00149,2026-05-31,4163.88,home,0
O000343,C00149,2026-03-13,9312.34,home,0
O000344,C00149,2026-04-29,6531.96,beauty,0
O000345,C00149,2026-06-04,5772.95,beauty,0
O000346,C00149,2026-06-16,2944.37,apparel,0
O000347,C00149,2026-05-08,10384.38,electronics,0
O000348,C00149,2026-04-07,12120.09,grocery,0
O000349,C00823,2026-03-21,3182.13,apparel,0
O000350,C00823,2026-06-03,443.21,beauty,0
O000351,C00823,2026-03-11,14934.76,grocery,0
O000352,C00823,2026-04-07,4941.19,beauty,0
O000353,C00823,2026-06-25,8563.44,grocery,0
O000354,C00823,2026-05-13,1754.93,apparel,1
O000355,C00823,2026-03-28,12263.13,beauty,1
O000356,C00823,2026-05-22,1715.64,home,0
O000357,C00083,2026-04-05,4088.41,electronics,0
O000358,C00083,2026-04-09,5461.03,grocery,0
O000359,C00083,2026-05-17,8765.65,grocery,0
O000360,C00083,2026-06-29,11770.54,home,0
O000361,C00083,2026-08-03,7803.53,beauty,0
O000362,C00083,2026-04-25,5901.74,home,0
O000363,C00200,2026-08-16,2429.27,apparel,0
O000364,C00200,2026-07-09,13949.93,beauty,0
O000365,C00200,2026-05-26,8703.07,electronics,0
O000366,C00200,2026-05-01,5351.29,home,1
O000367,C00200,2026-06-22,4582.94,home,0
O000368,C00200,2026-06-23,6113.19,beauty,0
O000369,C00200,2026-04-02,14099.92,grocery,0
O000370,C00200,2026-03-09,6919.24,apparel,0
O000371,C00200,2026-06-14,639.59,apparel,0
O000372,C00186,2026-06-28,3395.4,beauty,0
O000373,C00186,2026-08-09,1237.75,beauty,0
O000374,C00186,2026-08-07,687.56,beauty,0
O000375,C00186,2026-04-21,14941.4,electronics,0
O000376,C00186,2026-04-29,2582.53,beauty,0
O000377,C00186,2026-06-20,3936.73,home,0
O000378,C00186,2026-05-25,2158.25,grocery,0
O000379,C00186,2026-06-20,720.0,home,0
O000380,C00186,2026-07-22,5080.46,beauty,0
O000381,C00186,2026-06-14,13102.2,home,0
O000382,C00186,2026-04-22,2286.19,grocery,0
O000383,C00186,2026-07-06,9084.49,grocery,0
O000384,C00867,2026-03-16,9701.07,home,0
O000385,C00867,2026-08-26,7380.28,apparel,0
O000386,C00867,2026-06-01,6795.35,home,0
O000387,C00867,2026-04-04,2589.05,electronics,0
O000388,C00867,2026-04-28,12286.08,apparel,1
O000389,C00867,2026-05-24,7197.21,electronics,0
O000390,C00867,2026-06-10,7531.4,beauty,0
O000391,C00867,2026-04-07,11558.28,home,0
O000392,C00297,2026-08-02,6352.52,grocery,0
O000393,C00297,2026-06-19,3973.47,beauty,0
O000394,C00297,2026-06-03,3542.71,electronics,0
O000395,C00297,2026-07-03,3821.56,grocery,0
O000396,C00297,2026-06-28,10364.21,home,0
O000397,C00297,2026-03-22,8119.58,home,0
O000398,C00297,2026-05-30,12846.19,apparel,0
O000399,C00297,2026-03-13,1922.24,beauty,0
O000400,C00297,2026-07-08,4300.37,grocery,0
O000401,C00297,2026-08-17,5013.46,apparel,0
O000402,C00297,2026-03-21,8164.07,apparel,1
O000403,C00605,2026-03-26,2138.08,beauty,0
O000404,C00605,2026-05-06,3722.31,apparel,0
O000405,C00605,2026-03-23,3492.66,beauty,1
O000406,C00496,2026-04-19,10544.94,electronics,0
O000407,C00496,2026-08-17,12700.13,apparel,0
O000408,C00496,2026-03-30,11702.1,electronics,1
O000409,C00496,2026-06-30,2969.57,home,0
O000410,C00496,2026-08-29,12475.31,electronics,0
O000411,C00496,2026-08-02,10805.83,beauty,0
O000412,C00570,2026-07-27,14919.67,apparel,0
O000413,C00570,2026-04-26,11633.64,grocery,0
O000414,C00570,2026-05-17,3364.17,beauty,0
O000415,C00570,2026-07-15,4888.01,home,0
O000416,C00570,2026-08-02,11005.09,grocery,0
O000417,C00570,2026-07-03,4023.7,home,0
O000418,C00570,2026-07-11,13346.54,apparel,0
O000419,C00570,2026-08-14,3768.7,beauty,0
O000420,C00570,2026-04-09,2760.2,home,0
O000421,C00212,2026-08-15,917.3,beauty,1
O000422,C00212,2026-08-25,2578.38,electronics,0
O000423,C00212,2026-04-17,7648.81,grocery,0
O000424,C00212,2026-07-25,14553.88,electronics,0
O000425,C00212,2026-05-27,9775.25,grocery,1
O000426,C00212,2026-03-29,2149.66,apparel,0
O000427,C00212,2026-04-23,8507.75,home,0
O000428,C00212,2026-04-19,6749.17,apparel,0
O000429,C00212,2026-06-09,5853.2,apparel,1
O000430,C00212,2026-07-26,880.48,beauty,0
O000431,C00212,2026-05-27,8278.19,beauty,0
O000432,C00333,2026-08-29,8291.22,home,0
O000433,C00333,2026-03-09,4347.27,grocery,0
O000434,C00333,2026-05-14,8451.45,electronics,0
O000435,C00333,2026-04-14,6905.95,home,0
O000436,C00333,2026-04-26,6974.96,grocery,0
O000437,C00296,2026-03-17,5651.91,grocery,0
O000438,C00296,2026-09-03,10898.75,grocery,0
O000439,C00296,2026-04-27,3091.08,beauty,0
O000440,C00296,2026-05-10,2565.73,home,0
O000441,C00296,2026-06-25,9721.29,electronics,0
O000442,C00296,2026-06-16,9985.7,electronics,0
O000443,C00296,2026-03-27,2207.68,electronics,0
O000444,C00296,2026-05-25,7434.94,electronics,0
O000445,C00556,2026-05-12,12593.6,beauty,0
O000446,C00556,2026-08-07,10609.32,home,0
O000447,C00059,2026-08-17,13974.1,apparel,0
O000448,C00059,2026-07-22,13947.53,electronics,0
O000449,C00260,2026-03-13,1192.29,grocery,0
O000450,C00260,2026-09-01,13389.33,home,0
O000451,C00260,2026-04-10,1157.01,grocery,0
O000452,C00260,2026-05-17,897.6,electronics,0
O000453,C00260,2026-09-01,1445.65,apparel,0
O000454,C00260,2026-05-02,1727.65,apparel,0
O000455,C00260,2026-08-01,3085.07,grocery,0
O000456,C00260,2026-05-06,8679.41,apparel,0
O000457,C00260,2026-06-13,8504.68,electronics,0
O000458,C00036,2026-04-06,6578.0,electronics,0
O000459,C00036,2026-04-28,2951.83,beauty,0
O000460,C00036,2026-04-02,9965.72,grocery,0
O000461,C00036,2026-07-06,6812.28,home,0
O000462,C00036,2026-03-27,8386.2,home,0
O000463,C00036,2026-05-31,6361.45,beauty,0
O000464,C00036,2026-05-09,5054.73,apparel,0
O000465,C00036,2026-07-13,3444.74,grocery,0
O000466,C00036,2026-03-15,4035.11,beauty,0
O000467,C00036,2026-08-25,6137.23,electronics,0
O000468,C00036,2026-04-15,9057.71,grocery,0
O000469,C00036,2026-07-22,13387.77,electronics,0
O000470,C00207,2026-05-04,3457.9,home,0
O000471,C00207,2026-05-01,12382.52,home,1
O000472,C00207,2026-03-14,7815.69,grocery,0
O000473,C00207,2026-08-08,2574.31,electronics,0
O000474,C00207,2026-06-27,2594.77,home,0
O000475,C00207,2026-05-28,8857.69,apparel,0
O000476,C00118,2026-05-26,13792.86,electronics,0
O000477,C00118,2026-08-20,11955.69,apparel,0
O000478,C00118,2026-03-21,13515.65,grocery,0
O000479,C00118,2026-06-08,1701.85,home,0
O000480,C00118,2026-08-02,12182.62,beauty,1
O000481,C00118,2026-07-30,1122.06,home,1
O000482,C00916,2026-06-11,6684.27,electronics,0
O000483,C00916,2026-08-30,3632.75,grocery,0
O000484,C00916,2026-09-02,9618.14,beauty,0
O000485,C00916,2026-08-01,8008.44,home,1
O000486,C00916,2026-03-21,2498.83,grocery,1
O000487,C00916,2026-08-05,2552.0,beauty,0
O000488,C00916,2026-06-17,11366.75,grocery,0
O000489,C00455,2026-04-02,2475.78,home,0
O000490,C00455,2026-07-22,8700.18,electronics,1
O000491,C00455,2026-04-28,4159.6,beauty,0
O000492,C00455,2026-07-02,11675.23,apparel,0
O000493,C00455,2026-06-21,7369.56,apparel,0
O000494,C00455,2026-06-28,9888.05,apparel,0
O000495,C00455,2026-08-02,14957.06,grocery,0
O000496,C00455,2026-06-23,1353.17,beauty,0
O000497,C00455,2026-07-09,13884.83,electronics,0
O000498,C00455,2026-03-17,6379.66,home,1
O000499,C00138,2026-06-23,5364.52,electronics,0
O000500,C00138,2026-06-22,2788.05,home,0
O000501,C00138,2026-09-01,14855.34,beauty,0
O000502,C00138,2026-07-28,6774.81,apparel,0
O000503,C00138,2026-03-09,5795.17,electronics,0
O000504,C00138,2026-08-24,1101.71,grocery,0
O000505,C00138,2026-05-25,13070.66,home,0
O000506,C00473,2026-06-06,7226.5,home,0
O000507,C00473,2026-08-17,8208.68,apparel,0
O000508,C00218,2026-06-24,4102.27,beauty,0
O000509,C00218,2026-04-06,14886.84,electronics,0
O000510,C00218,2026-03-27,13618.79,grocery,0
O000511,C00218,2026-04-30,2803.7,home,1
O000512,C00218,2026-03-24,10538.94,home,0
O000513,C00218,2026-06-02,9924.94,electronics,1
O000514,C00218,2026-04-30,10007.48,home,1
O000515,C00218,2026-05-28,580.45,beauty,0
O000516,C00218,2026-06-17,5896.31,electronics,0
O000517,C00218,2026-08-20,7424.53,grocery,0
O000518,C00444,2026-03-29,8542.11,electronics,0
O000519,C00444,2026-08-08,13857.37,home,1
O000520,C00444,2026-04-21,6082.98,apparel,0
O000521,C00444,2026-08-19,10359.38,home,1
O000522,C00444,2026-05-11,3772.21,grocery,0
O000523,C00444,2026-07-07,1211.54,home,0
O000524,C00444,2026-04-13,13388.91,electronics,0
O000525,C00444,2026-09-03,14252.01,apparel,0
O000526,C00444,2026-05-24,13488.48,apparel,0
O000527,C00444,2026-07-08,5918.44,grocery,1
O000528,C00804,2026-05-21,6434.8,grocery,0
O000529,C00804,2026-04-29,14566.9,grocery,0
O000530,C00804,2026-06-23,8270.84,apparel,0
O000531,C00804,2026-05-29,8841.15,apparel,0
O000532,C00804,2026-07-06,4842.28,grocery,0
O000533,C00804,2026-07-15,6621.95,apparel,0
O000534,C00804,2026-06-21,8603.21,apparel,0
O000535,C00804,2026-07-06,8492.9,electronics,0
O000536,C00804,2026-08-12,12640.98,apparel,0
O000537,C00804,2026-09-02,11551.89,beauty,0
O000538,C00804,2026-04-26,4759.22,home,0
O000539,C00804,2026-07-22,3062.62,apparel,0
O000540,C00753,2026-06-29,9202.39,grocery,0
O000541,C00753,2026-05-24,3713.08,electronics,0
O000542,C00753,2026-07-22,10415.68,beauty,0
O000543,C00753,2026-07-07,12738.23,beauty,1
O000544,C00273,2026-06-23,12826.3,beauty,0
O000545,C00273,2026-06-02,2707.66,apparel,0
O000546,C00273,2026-05-08,11538.72,electronics,1
O000547,C00273,2026-06-15,14267.91,apparel,0
O000548,C00273,2026-05-22,14827.18,apparel,0
O000549,C00273,2026-06-27,13928.42,beauty,1
O000550,C00273,2026-05-08,7502.16,home,0
O000551,C00273,2026-07-20,13347.53,beauty,0
O000552,C00273,2026-08-29,914.85,beauty,0
O000553,C00273,2026-08-24,6094.02,grocery,0
O000554,C00273,2026-03-26,8020.89,electronics,0
O000555,C00273,2026-05-11,6938.66,electronics,0
O000556,C00598,2026-05-14,8498.2,grocery,0
O000557,C00598,2026-07-01,14450.11,apparel,0
O000558,C00598,2026-04-28,6151.19,home,0
O000559,C00598,2026-05-08,4502.94,apparel,0
O000560,C00598,2026-08-12,9313.07,electronics,0
O000561,C00189,2026-07-15,7114.61,beauty,0
O000562,C00189,2026-03-18,7659.67,apparel,0
O000563,C00189,2026-03-30,14086.28,grocery,0
O000564,C00189,2026-04-02,6379.32,beauty,0
O000565,C00189,2026-07-06,6969.11,apparel,1
O000566,C00189,2026-04-04,1625.64,home,0
O000567,C00189,2026-07-27,13635.29,apparel,0
O000568,C00189,2026-07-03,2116.1,electronics,0
O000569,C00189,2026-07-18,9620.86,electronics,0
O000570,C00189,2026-04-13,5946.08,grocery,0
O000571,C00730,2026-03-20,11593.43,home,0
O000572,C00730,2026-08-20,9995.1,apparel,0
O000573,C00730,2026-07-20,2425.73,electronics,0
O000574,C00730,2026-08-07,4849.92,beauty,0
O000575,C00730,2026-06-09,2956.23,apparel,0
O000576,C00730,2026-05-18,351.93,home,0
O000577,C00730,2026-04-25,7615.13,beauty,1
O000578,C00730,2026-07-22,384.53,beauty,0
O000579,C00730,2026-05-22,8956.28,beauty,0
O000580,C00730,2026-08-28,6795.57,grocery,0
O000581,C00730,2026-07-21,3897.28,grocery,0
O000582,C00342,2026-03-17,8495.97,apparel,0
O000583,C00342,2026-05-16,2479.37,home,1
O000584,C00342,2026-03-31,12851.29,grocery,1
O000585,C00342,2026-03-22,4687.09,electronics,0
O000586,C00342,2026-06-09,6429.27,apparel,1
O000587,C00342,2026-03-24,4480.39,grocery,0
O000588,C00055,2026-05-30,8810.8,electronics,0
O000589,C00055,2026-07-19,4699.63,home,0
O000590,C00055,2026-07-28,12357.89,beauty,0
O000591,C00055,2026-03-21,1254.41,beauty,0
O000592,C00055,2026-04-22,10510.91,home,0
O000593,C00055,2026-08-17,6382.24,apparel,0
O000594,C00055,2026-07-02,9297.19,electronics,0
O000595,C00055,2026-06-21,14696.44,grocery,0
O000596,C00055,2026-08-02,7409.85,grocery,0
O000597,C00055,2026-08-05,14798.29,home,0
O000598,C00055,2026-06-24,12762.63,home,0
O000599,C00917,2026-08-12,9461.69,apparel,1
O000600,C00917,2026-05-24,7597.03,beauty,1
O000601,C00917,2026-04-18,2944.64,grocery,1
O000602,C00917,2026-05-29,4570.17,apparel,1
O000603,C00917,2026-05-09,652.61,electronics,1
O000604,C00917,2026-04-26,3347.76,grocery,0
O000605,C00917,2026-05-27,6386.4,home,0
O000606,C00917,2026-07-24,12148.84,apparel,1
O000607,C00917,2026-07-12,3257.45,home,1
O000608,C00917,2026-04-02,1297.19,home,1
O000609,C00872,2026-03-28,5199.26,beauty,0
O000610,C00872,2026-06-16,9355.1,electronics,0
O000611,C00872,2026-06-29,3152.03,home,0
O000612,C00872,2026-04-28,7342.89,beauty,0
O000613,C00872,2026-05-11,9791.09,beauty,0
O000614,C00872,2026-05-20,7071.08,grocery,0
O000615,C00872,2026-07-03,7098.31,beauty,0
O000616,C00872,2026-03-19,1123.53,grocery,0
O000617,C00872,2026-05-21,10956.97,home,0
O000618,C00872,2026-06-11,575.16,grocery,0
O000619,C00695,2026-03-10,13767.94,home,0
O000620,C00695,2026-03-18,2494.78,electronics,0
O000621,C00695,2026-03-13,5816.04,grocery,0
O000622,C00695,2026-07-02,8693.43,beauty,0
O000623,C00695,2026-07-14,2017.62,home,0
O000624,C00695,2026-07-13,4923.14,electronics,0
O000625,C00695,2026-06-28,1575.93,apparel,0
O000626,C00695,2026-05-06,12493.02,home,0
O000627,C00695,2026-08-12,4744.08,electronics,0
O000628,C00695,2026-04-04,849.71,apparel,0
O000629,C00695,2026-05-06,6823.48,electronics,0
O000630,C00695,2026-06-19,13602.85,apparel,0
O000631,C00372,2026-06-29,4862.27,home,0
O000632,C00372,2026-04-26,13115.45,grocery,0
O000633,C00372,2026-04-12,2250.94,electronics,0
O000634,C00372,2026-03-18,10791.06,grocery,0
O000635,C00372,2026-05-04,4871.43,electronics,0
O000636,C00647,2026-09-03,13116.56,home,0
O000637,C00647,2026-05-21,978.25,grocery,0
O000638,C00647,2026-05-20,11259.65,electronics,0
O000639,C00647,2026-07-19,4888.5,apparel,0
O000640,C00647,2026-08-24,3130.42,home,0
O000641,C00647,2026-05-01,11659.97,electronics,0
O000642,C00647,2026-08-08,2615.19,electronics,0
O000643,C00647,2026-08-31,9457.29,grocery,1
O000644,C00647,2026-07-30,8275.17,grocery,1
O000645,C00647,2026-08-23,2380.89,home,0
O000646,C00647,2026-06-25,2817.74,home,0
O000647,C00647,2026-07-06,5279.46,beauty,0
O000648,C00368,2026-06-01,1857.13,electronics,0
O000649,C00368,2026-05-31,6061.18,grocery,1
O000650,C00132,2026-06-13,10444.84,beauty,0
O000651,C00132,2026-05-27,4892.88,apparel,0
O000652,C00132,2026-03-18,10161.79,grocery,0
O000653,C00132,2026-05-11,13864.92,beauty,1
O000654,C00132,2026-08-09,1665.87,beauty,0
O000655,C00132,2026-06-01,4862.76,beauty,1
O000656,C00132,2026-04-28,14227.49,apparel,0
O000657,C00132,2026-04-09,9369.05,home,0
O000658,C00132,2026-03-11,10584.33,home,0
O000659,C00132,2026-08-15,13271.34,beauty,0
O000660,C00132,2026-08-09,1260.87,electronics,0
O000661,C00919,2026-05-08,5424.65,grocery,1
O000662,C00919,2026-05-09,1813.1,electronics,1
O000663,C00919,2026-05-30,9846.94,home,1
O000664,C00919,2026-08-24,6192.0,beauty,0
O000665,C00919,2026-05-18,3882.26,apparel,1
O000666,C00919,2026-06-12,5942.1,home,0
O000667,C00919,2026-08-02,10502.68,beauty,1
O000668,C00913,2026-06-03,5330.35,apparel,1
O000669,C00913,2026-05-14,10143.2,grocery,1
O000670,C00913,2026-06-21,1980.55,grocery,0
O000671,C00913,2026-08-29,8459.79,beauty,1
O000672,C00913,2026-03-14,14351.49,electronics,1
O000673,C00913,2026-06-27,10376.98,grocery,1
O000674,C00913,2026-06-04,5869.99,beauty,1
O000675,C00913,2026-08-07,1203.79,apparel,1
O000676,C00904,2026-05-07,302.71,apparel,1
O000677,C00904,2026-08-05,6958.72,home,1
O000678,C00904,2026-05-09,8795.59,apparel,1
O000679,C00904,2026-04-20,13198.15,home,1
O000680,C00259,2026-04-15,10289.52,beauty,0
O000681,C00259,2026-08-07,13752.23,electronics,0
O000682,C00259,2026-06-15,9288.91,grocery,0
O000683,C00259,2026-08-12,2175.07,home,0
O000684,C00259,2026-07-05,13545.81,electronics,0
O000685,C00259,2026-03-14,8532.44,home,1
O000686,C00259,2026-05-30,4448.48,electronics,0
O000687,C00259,2026-04-03,10622.66,beauty,0
O000688,C00259,2026-04-25,10763.07,beauty,0
O000689,C00259,2026-08-22,8313.25,apparel,0
O000690,C00259,2026-08-07,3066.93,beauty,0
O000691,C00829,2026-05-19,10149.97,apparel,0
O000692,C00829,2026-04-28,9831.32,apparel,1
O000693,C00829,2026-08-11,7454.51,beauty,0
O000694,C00829,2026-05-26,2295.9,apparel,0
O000695,C00829,2026-08-26,6413.08,beauty,0
O000696,C00829,2026-05-22,10522.24,beauty,0
O000697,C00829,2026-08-08,6979.6,beauty,0
O000698,C00135,2026-04-03,5955.31,apparel,0
O000699,C00135,2026-08-21,9187.23,grocery,0
O000700,C00135,2026-07-10,11044.43,grocery,0
O000701,C00135,2026-04-13,13920.5,grocery,0
O000702,C00135,2026-08-05,14680.03,grocery,0
O000703,C00135,2026-05-29,5718.11,grocery,0
O000704,C00135,2026-05-13,10450.31,apparel,0
O000705,C00135,2026-07-23,8038.2,home,0
O000706,C00135,2026-05-04,1450.05,grocery,0
O000707,C00135,2026-03-19,7245.04,electronics,0
O000708,C00701,2026-03-30,1075.78,home,0
O000709,C00701,2026-05-24,458.52,beauty,0
O000710,C00701,2026-07-09,7197.72,home,0
O000711,C00701,2026-05-12,14420.55,home,0
O000712,C00701,2026-07-04,819.3,grocery,0
O000713,C00701,2026-07-05,10986.48,grocery,0
O000714,C00701,2026-05-15,9550.71,grocery,0
O000715,C00701,2026-04-22,1058.81,home,0
O000716,C00701,2026-09-04,9477.46,home,0
O000717,C00701,2026-03-19,2164.27,electronics,0
O000718,C00701,2026-03-10,4384.38,apparel,0
O000719,C00701,2026-07-21,4345.69,home,0
O000720,C00885,2026-07-18,9176.18,grocery,0
O000721,C00885,2026-05-30,9989.59,home,0
O000722,C00005,2026-04-09,12050.77,electronics,0
O000723,C00005,2026-08-22,1540.7,apparel,0
O000724,C00005,2026-04-14,12379.34,beauty,0
O000725,C00005,2026-03-31,6370.33,beauty,0
O000726,C00797,2026-04-11,10972.19,apparel,0
O000727,C00797,2026-04-07,11095.11,home,0
O000728,C00797,2026-05-05,4186.61,electronics,1
O000729,C00797,2026-04-13,7121.02,beauty,1
O000730,C00797,2026-08-03,11268.41,grocery,0
O000731,C00051,2026-08-10,2433.7,beauty,0
O000732,C00051,2026-06-04,13930.17,beauty,1
O000733,C00051,2026-05-31,4940.62,grocery,0
O000734,C00051,2026-08-27,902.96,grocery,0
O000735,C00051,2026-06-09,14355.9,beauty,0
O000736,C00499,2026-07-21,12917.83,home,0
O000737,C00499,2026-07-14,12094.05,home,0
O000738,C00499,2026-06-09,6049.96,apparel,0
O000739,C00499,2026-05-08,8954.25,apparel,0
O000740,C00499,2026-05-25,10262.46,apparel,0
O000741,C00499,2026-04-04,455.5,electronics,0
O000742,C00499,2026-08-04,475.83,electronics,0
O000743,C00499,2026-05-09,10376.84,home,0
O000744,C00499,2026-07-06,4464.47,apparel,0
O000745,C00499,2026-03-22,9405.14,electronics,1
O000746,C00499,2026-05-23,9952.1,apparel,0
O000747,C00129,2026-03-14,12889.68,apparel,0
O000748,C00129,2026-03-29,11528.71,grocery,0
O000749,C00129,2026-03-24,3016.1,electronics,0
O000750,C00129,2026-04-12,4024.04,beauty,0
O000751,C00129,2026-05-02,1413.0,beauty,0
O000752,C00129,2026-07-24,4362.84,beauty,0
O000753,C00129,2026-03-28,10113.41,home,0
O000754,C00129,2026-03-26,11776.75,home,0
O000755,C00129,2026-05-20,5927.15,home,0
O000756,C00129,2026-09-01,4096.11,home,0
O000757,C00129,2026-08-21,1320.16,apparel,0
O000758,C00513,2026-06-14,9788.6,electronics,0
O000759,C00513,2026-08-14,11600.0,apparel,0
O000760,C00513,2026-04-26,1861.87,beauty,0
O000761,C00513,2026-06-20,1818.32,electronics,0
O000762,C00513,2026-08-10,10994.91,beauty,0
O000763,C00513,2026-06-17,7616.21,electronics,1
O000764,C00513,2026-07-11,10069.71,home,0
O000765,C00513,2026-05-23,5148.51,beauty,0
O000766,C00513,2026-03-20,7876.13,beauty,0
O000767,C00513,2026-03-10,6237.52,electronics,0
O000768,C00513,2026-08-03,348.62,beauty,0
O000769,C00305,2026-08-31,10322.99,beauty,0
O000770,C00305,2026-06-21,14956.13,electronics,0
O000771,C00305,2026-03-11,12844.13,home,0
O000772,C00074,2026-03-30,11478.66,home,0
O000773,C00074,2026-06-09,2896.29,electronics,0
O000774,C00074,2026-07-01,10012.79,home,0
O000775,C00416,2026-06-17,1547.48,beauty,0
O000776,C00416,2026-05-24,2357.16,apparel,0
O000777,C00416,2026-06-10,14946.84,apparel,1
O000778,C00416,2026-07-25,1225.99,grocery,0
O000779,C00416,2026-06-13,7645.36,beauty,0
O000780,C00416,2026-06-25,541.35,home,0
O000781,C00416,2026-04-02,11880.34,electronics,1
O000782,C00416,2026-04-16,3411.67,grocery,0
O000783,C00210,2026-08-25,13091.94,grocery,0
O000784,C00210,2026-03-24,8816.38,electronics,0
O000785,C00210,2026-04-11,2381.38,electronics,1
O000786,C00210,2026-06-29,13794.88,electronics,0
O000787,C00210,2026-07-02,9837.16,electronics,0
O000788,C00210,2026-08-27,1034.38,home,0
O000789,C00210,2026-05-17,1730.2,grocery,0
O000790,C00210,2026-06-03,8988.32,electronics,0
O000791,C00210,2026-08-08,9046.17,grocery,0
O000792,C00131,2026-08-30,12587.67,beauty,0
O000793,C00131,2026-03-11,14645.04,grocery,0
O000794,C00131,2026-08-11,5027.37,apparel,0
O000795,C00131,2026-05-01,9018.35,home,0
O000796,C00131,2026-06-03,4326.23,beauty,1
O000797,C00742,2026-04-04,8435.09,beauty,0
O000798,C00742,2026-07-26,8855.19,apparel,0
O000799,C00742,2026-05-27,12756.29,grocery,0
O000800,C00742,2026-08-09,2618.98,beauty,0
O000801,C00511,2026-04-29,9880.81,home,1
O000802,C00511,2026-08-21,12168.95,beauty,0
O000803,C00511,2026-04-09,3330.56,home,0
O000804,C00248,2026-07-11,3817.03,apparel,0
O000805,C00248,2026-08-13,853.03,apparel,0
O000806,C00248,2026-05-30,9297.13,electronics,0
O000807,C00248,2026-03-23,11803.97,home,0
O000808,C00248,2026-04-06,8498.34,apparel,0
O000809,C00248,2026-07-28,8093.93,electronics,0
O000810,C00248,2026-03-30,12982.15,grocery,0
O000811,C00248,2026-09-03,7123.98,apparel,0
O000812,C00248,2026-04-09,3147.67,apparel,0
O000813,C00248,2026-03-19,14538.04,beauty,0
O000814,C00862,2026-04-17,9779.45,home,1
O000815,C00862,2026-06-19,3995.31,grocery,0
O000816,C00862,2026-04-26,11448.6,electronics,0
O000817,C00862,2026-04-22,1071.11,grocery,1
O000818,C00862,2026-07-29,11846.73,beauty,0
O000819,C00862,2026-08-03,1341.63,apparel,0
O000820,C00862,2026-08-27,9012.79,home,0
O000821,C00862,2026-06-09,11282.18,home,0
O000822,C00862,2026-05-14,1918.95,apparel,0
O000823,C00488,2026-04-22,6365.15,apparel,0
O000824,C00488,2026-05-31,3543.74,beauty,0
O000825,C00488,2026-05-15,1098.79,beauty,0
O000826,C00387,2026-07-22,5790.23,beauty,0
O000827,C00387,2026-07-01,9590.71,home,0
O000828,C00387,2026-07-28,2170.01,grocery,0
O000829,C00387,2026-05-22,2306.57,beauty,1
O000830,C00579,2026-08-24,11476.99,apparel,0
O000831,C00579,2026-08-02,9173.45,grocery,0
O000832,C00579,2026-06-20,8798.39,grocery,0
O000833,C00579,2026-03-18,1571.17,grocery,0
O000834,C00579,2026-06-06,14936.27,grocery,0
O000835,C00579,2026-06-24,7102.61,electronics,0
O000836,C00579,2026-05-16,11121.83,apparel,0
O000837,C00579,2026-08-15,6683.46,apparel,0
O000838,C00579,2026-07-10,8999.04,apparel,0
O000839,C00503,2026-04-10,14871.72,grocery,1
O000840,C00503,2026-05-19,8107.49,beauty,1
O000841,C00503,2026-04-29,10540.81,electronics,0
O000842,C00503,2026-06-16,3835.52,grocery,0
O000843,C00503,2026-04-11,10489.45,beauty,0
O000844,C00503,2026-05-08,2250.87,home,0
O000845,C00503,2026-04-02,14984.59,electronics,0
O000846,C00503,2026-04-01,4781.1,beauty,0
O000847,C00503,2026-07-17,11285.11,electronics,0
O000848,C00503,2026-06-25,7117.28,apparel,0
O000849,C00503,2026-07-21,6258.8,home,0
O000850,C00475,2026-08-01,9611.01,electronics,0
O000851,C00475,2026-04-23,10454.03,grocery,0
O000852,C00475,2026-06-14,6560.76,home,1
O000853,C00475,2026-05-10,9303.77,grocery,0
O000854,C00475,2026-08-26,11879.07,electronics,0
O000855,C00475,2026-04-27,5234.71,electronics,0
O000856,C00475,2026-05-18,13677.06,home,0
O000857,C00475,2026-08-10,1931.21,home,0
O000858,C00475,2026-08-02,900.85,home,0
O000859,C00475,2026-04-30,8514.22,electronics,0
O000860,C00475,2026-03-18,11671.56,apparel,0
O000861,C00475,2026-03-15,3807.9,electronics,0
O000862,C00630,2026-07-18,14398.82,apparel,0
O000863,C00630,2026-05-31,11485.02,home,0
O000864,C00630,2026-04-27,4230.16,beauty,0
O000865,C00630,2026-05-07,1231.53,home,0
O000866,C00630,2026-07-13,7671.32,electronics,0
O000867,C00630,2026-05-19,8119.0,grocery,0
O000868,C00630,2026-05-03,6944.08,home,0
O000869,C00630,2026-07-13,14196.87,electronics,0
O000870,C00630,2026-06-07,13294.49,electronics,0
O000871,C00630,2026-05-13,13499.8,home,0
O000872,C00630,2026-07-30,1431.13,apparel,0
O000873,C00630,2026-04-06,10547.11,beauty,0
O000874,C00685,2026-08-24,7954.11,electronics,0
O000875,C00685,2026-04-16,14552.75,grocery,0
O000876,C00685,2026-08-20,7266.4,beauty,0
O000877,C00685,2026-08-26,9776.86,home,0
O000878,C00718,2026-03-23,14227.5,home,0
O000879,C00718,2026-03-30,5339.05,home,0
O000880,C00718,2026-04-05,10088.07,grocery,0
O000881,C00718,2026-04-15,6845.27,home,0
O000882,C00718,2026-04-07,13504.74,home,0
O000883,C00844,2026-07-25,3633.69,home,0
O000884,C00844,2026-06-03,11615.32,electronics,0
O000885,C00844,2026-05-03,4480.42,apparel,0
O000886,C00844,2026-08-05,2663.61,grocery,0
O000887,C00389,2026-06-21,13599.25,apparel,0
O000888,C00389,2026-07-06,2018.68,home,0
O000889,C00389,2026-08-04,6781.06,home,0
O000890,C00389,2026-07-30,8568.56,electronics,0
O000891,C00389,2026-07-28,14676.93,apparel,0
O000892,C00389,2026-06-12,8236.04,apparel,0
O000893,C00621,2026-07-19,13830.38,beauty,0
O000894,C00621,2026-07-07,11597.22,beauty,0
O000895,C00621,2026-07-29,2593.98,grocery,0
O000896,C00621,2026-08-14,5169.83,home,0
O000897,C00621,2026-03-25,4560.46,grocery,0
O000898,C00621,2026-06-04,12053.77,beauty,0
O000899,C00621,2026-06-02,1951.04,beauty,0
O000900,C00621,2026-08-30,2349.52,grocery,0
O000901,C00621,2026-08-06,664.5,grocery,0
O000902,C00621,2026-05-25,6855.8,electronics,0
O000903,C00450,2026-08-04,3565.51,home,0
O000904,C00450,2026-04-18,1528.77,beauty,0
O000905,C00450,2026-04-25,14377.07,grocery,0
O000906,C00450,2026-07-16,7509.84,grocery,0
O000907,C00450,2026-05-04,14168.01,home,0
O000908,C00450,2026-07-12,10824.67,beauty,0
O000909,C00450,2026-07-11,5780.62,home,0
O000910,C00324,2026-07-18,14669.6,grocery,0
O000911,C00324,2026-07-31,10999.44,beauty,1
O000912,C00324,2026-04-10,6409.46,beauty,0
O000913,C00324,2026-06-12,12143.39,beauty,0
O000914,C00324,2026-04-10,6388.65,grocery,0
O000915,C00324,2026-03-14,2411.5,home,0
O000916,C00324,2026-04-15,13052.63,home,0
O000917,C00435,2026-08-24,397.3,home,0
O000918,C00435,2026-08-17,8470.46,grocery,0
O000919,C00435,2026-06-24,2312.83,apparel,0
O000920,C00757,2026-06-21,7511.61,home,0
O000921,C00757,2026-05-21,4767.54,grocery,0
O000922,C00757,2026-07-20,3600.45,electronics,0
O000923,C00757,2026-04-10,4712.49,beauty,0
O000924,C00757,2026-08-15,10088.93,home,0
O000925,C00757,2026-03-23,7530.73,apparel,0
O000926,C00757,2026-08-30,11541.36,beauty,1
O000927,C00757,2026-06-09,1280.85,home,0
O000928,C00069,2026-05-16,10382.92,electronics,0
O000929,C00069,2026-07-25,11074.47,electronics,0
O000930,C00069,2026-03-11,2693.85,electronics,0
O000931,C00069,2026-07-14,7077.35,apparel,0
O000932,C00069,2026-06-22,1077.46,home,0
O000933,C00069,2026-03-20,13707.94,home,0
O000934,C00069,2026-08-11,4587.46,electronics,0
O000935,C00069,2026-08-20,11566.7,apparel,0
O000936,C00069,2026-03-22,9101.81,apparel,0
O000937,C00069,2026-07-04,13124.91,home,0
O000938,C00069,2026-08-08,10560.12,home,0
O000939,C00765,2026-05-23,5468.95,apparel,0
O000940,C00765,2026-04-25,7917.11,home,1
O000941,C00765,2026-08-16,6356.32,apparel,0
O000942,C00838,2026-03-17,11988.07,grocery,0
O000943,C00838,2026-04-27,12521.82,grocery,0
O000944,C00838,2026-05-11,10774.44,electronics,0
O000945,C00399,2026-07-25,1423.08,apparel,0
O000946,C00399,2026-07-10,7348.92,home,0
O000947,C00399,2026-04-15,2343.51,beauty,0
O000948,C00399,2026-03-15,9085.43,home,0
O000949,C00399,2026-05-23,4778.86,electronics,0
O000950,C00399,2026-07-05,12895.18,apparel,0
O000951,C00399,2026-08-09,4819.2,apparel,0
O000952,C00399,2026-04-22,1455.49,electronics,1
O000953,C00677,2026-05-11,3186.36,electronics,0
O000954,C00677,2026-07-26,7848.14,electronics,0
O000955,C00677,2026-06-22,13655.38,electronics,0
O000956,C00293,2026-06-14,451.0,electronics,0
O000957,C00293,2026-08-17,13825.44,apparel,0
O000958,C00293,2026-04-06,3240.36,home,0
O000959,C00349,2026-04-29,14247.24,home,0
O000960,C00349,2026-07-08,12870.53,grocery,0
O000961,C00283,2026-08-29,1304.55,grocery,0
O000962,C00283,2026-04-22,8073.93,apparel,0
O000963,C00283,2026-05-12,2825.07,grocery,0
O000964,C00283,2026-08-20,10962.64,apparel,1
O000965,C00283,2026-04-22,12814.06,beauty,0
O000966,C00143,2026-08-27,1877.67,home,0
O000967,C00143,2026-05-07,6534.15,grocery,0
O000968,C00143,2026-03-11,1958.83,home,0
O000969,C00143,2026-03-15,1921.65,apparel,0
O000970,C00143,2026-08-22,5610.38,home,0
O000971,C00143,2026-09-03,896.95,home,0
O000972,C00143,2026-08-23,5956.28,beauty,0
O000973,C00752,2026-07-22,10399.58,beauty,0
O000974,C00752,2026-08-08,6287.05,beauty,0
O000975,C00752,2026-07-10,1323.25,beauty,0
O000976,C00752,2026-07-30,5701.39,electronics,0
O000977,C00752,2026-03-29,7527.23,electronics,0
O000978,C00752,2026-06-16,7983.14,electronics,0
O000979,C00752,2026-03-22,6103.73,grocery,0
O000980,C00752,2026-07-25,11199.05,apparel,0
O000981,C00752,2026-08-25,14635.55,home,0
O000982,C00752,2026-05-24,12707.23,beauty,0
O000983,C00752,2026-06-02,12620.2,beauty,0
O000984,C00921,2026-06-09,11417.65,beauty,1
O000985,C00921,2026-06-15,10100.15,beauty,1
O000986,C00921,2026-05-03,7817.79,apparel,0
O000987,C00921,2026-06-16,1888.14,home,1
O000988,C00921,2026-08-31,3693.08,apparel,1
O000989,C00921,2026-03-22,11145.64,electronics,1
O000990,C00095,2026-08-19,14589.47,beauty,0
O000991,C00095,2026-05-30,5106.25,home,0
O000992,C00095,2026-05-15,1716.1,electronics,0
O000993,C00095,2026-04-11,7943.25,beauty,0
O000994,C00095,2026-05-02,3268.4,beauty,0
O000995,C00095,2026-04-27,4146.48,home,0
O000996,C00095,2026-04-27,8245.78,electronics,0
O000997,C00095,2026-09-03,764.5,beauty,0
O000998,C00095,2026-07-17,2051.27,beauty,0
O000999,C00599,2026-05-17,2899.98,home,1
O001000,C00599,2026-04-28,2712.92,beauty,0
O001001,C00599,2026-04-28,10821.13,beauty,0
O001002,C00599,2026-05-31,8662.17,beauty,0
O001003,C00599,2026-03-19,10375.0,grocery,0
O001004,C00599,2026-08-16,8565.15,apparel,0
O001005,C00599,2026-06-20,6053.36,beauty,0
O001006,C00100,2026-04-18,9369.01,home,0
O001007,C00100,2026-08-15,4481.23,electronics,0
O001008,C00100,2026-06-20,963.24,home,1
O001009,C00100,2026-08-26,11208.24,electronics,0
O001010,C00100,2026-05-18,9489.75,beauty,0
O001011,C00100,2026-07-20,5373.6,home,0
O001012,C00100,2026-03-21,1129.8,apparel,0
O001013,C00100,2026-06-09,9826.82,grocery,0
O001014,C00100,2026-07-04,10413.47,home,0
O001015,C00100,2026-07-07,2795.75,grocery,0
O001016,C00100,2026-04-20,7075.37,beauty,0
O001017,C00617,2026-06-04,7204.59,electronics,1
O001018,C00617,2026-07-23,5852.74,beauty,0
O001019,C00617,2026-08-08,1736.57,beauty,0
O001020,C00617,2026-06-24,10224.14,home,0
O001021,C00617,2026-03-29,12228.42,home,0
O001022,C00617,2026-03-12,4702.96,beauty,0
O001023,C00617,2026-07-11,9641.03,electronics,0
O001024,C00617,2026-07-20,8176.76,home,0
O001025,C00617,2026-07-13,4670.61,grocery,0
O001026,C00617,2026-08-02,3620.52,electronics,0
O001027,C00617,2026-09-01,8799.44,grocery,0
O001028,C00343,2026-08-11,8626.5,grocery,0
O001029,C00343,2026-07-27,3383.17,electronics,0
O001030,C00343,2026-07-17,4737.15,home,0
O001031,C00343,2026-05-10,8237.23,apparel,0
O001032,C00343,2026-04-24,3993.59,grocery,0
O001033,C00343,2026-07-11,11522.6,apparel,0
O001034,C00343,2026-07-02,9529.31,grocery,0
O001035,C00198,2026-04-01,11210.46,beauty,0
O001036,C00198,2026-04-06,9677.52,grocery,0
O001037,C00198,2026-06-21,13630.49,grocery,0
O001038,C00198,2026-06-05,1180.26,apparel,0
O001039,C00840,2026-06-14,3833.5,home,0
O001040,C00840,2026-06-16,6330.83,electronics,0
O001041,C00840,2026-07-15,12735.71,home,0
O001042,C00840,2026-04-27,9796.83,home,0
O001043,C00840,2026-08-25,3771.11,apparel,0
O001044,C00840,2026-06-21,3121.17,apparel,0
O001045,C00840,2026-07-29,4864.95,beauty,0
O001046,C00830,2026-05-22,3269.26,home,0
O001047,C00830,2026-08-12,4098.43,home,0
O001048,C00830,2026-07-07,2886.98,electronics,0
O001049,C00830,2026-06-27,7441.88,electronics,0
O001050,C00830,2026-06-29,13478.63,home,1
O001051,C00830,2026-05-30,13047.43,beauty,0
O001052,C00830,2026-06-30,10173.58,electronics,0
O001053,C00830,2026-06-19,12645.21,apparel,0
O001054,C00830,2026-06-16,8693.31,grocery,0
O001055,C00830,2026-08-06,7972.78,grocery,0
O001056,C00432,2026-04-08,13303.1,apparel,0
O001057,C00432,2026-08-27,11665.91,home,0
O001058,C00432,2026-08-28,8889.6,beauty,0
O001059,C00432,2026-08-04,11236.2,beauty,0
O001060,C00432,2026-07-21,1870.17,apparel,0
O001061,C00432,2026-07-03,6760.29,home,0
O001062,C00432,2026-03-20,1122.1,grocery,0
O001063,C00432,2026-05-07,14246.05,home,0
O001064,C00432,2026-05-09,7280.36,apparel,0
O001065,C00432,2026-06-10,13227.67,apparel,0
O001066,C00632,2026-06-29,9787.34,grocery,0
O001067,C00632,2026-07-23,11169.91,electronics,0
O001068,C00632,2026-04-03,11895.4,apparel,0
O001069,C00632,2026-08-18,5954.95,home,0
O001070,C00632,2026-06-10,10373.15,grocery,0
O001071,C00632,2026-03-29,12907.41,beauty,0
O001072,C00632,2026-05-01,14423.0,home,1
O001073,C00358,2026-08-19,12393.8,apparel,0
O001074,C00358,2026-06-04,12933.43,apparel,0
O001075,C00358,2026-07-19,9580.88,beauty,0
O001076,C00358,2026-04-04,4328.34,electronics,0
O001077,C00358,2026-04-27,14125.28,beauty,0
O001078,C00358,2026-05-21,13919.51,home,0
O001079,C00265,2026-04-23,10567.69,grocery,0
O001080,C00265,2026-03-16,6486.8,grocery,1
O001081,C00265,2026-08-13,6962.95,electronics,0
O001082,C00265,2026-03-26,9728.18,apparel,0
O001083,C00265,2026-08-23,11927.98,apparel,0
O001084,C00265,2026-07-28,3241.11,home,1
O001085,C00265,2026-07-03,1508.81,apparel,0
O001086,C00265,2026-06-21,10789.39,apparel,0
O001087,C00486,2026-08-01,11951.84,home,0
O001088,C00486,2026-05-22,13140.54,apparel,0
O001089,C00486,2026-07-24,10405.76,home,0
O001090,C00486,2026-04-27,3220.36,beauty,0
O001091,C00486,2026-04-11,6084.36,beauty,0
O001092,C00486,2026-04-30,13299.82,apparel,0
O001093,C00486,2026-04-03,637.66,grocery,0
O001094,C00486,2026-08-31,9511.42,electronics,0
O001095,C00486,2026-04-17,3214.51,apparel,0
O001096,C00486,2026-08-17,9384.66,grocery,0
O001097,C00486,2026-06-25,1609.2,home,0
O001098,C00707,2026-07-12,6696.83,beauty,0
O001099,C00707,2026-04-21,7563.99,apparel,0
O001100,C00707,2026-07-02,3101.0,home,0
O001101,C00707,2026-06-04,7564.27,apparel,0
O001102,C00508,2026-04-09,9121.22,home,0
O001103,C00508,2026-06-18,3083.64,apparel,0
O001104,C00508,2026-04-23,2445.36,home,0
O001105,C00508,2026-04-24,3761.64,beauty,0
O001106,C00508,2026-06-27,5733.67,beauty,0
O001107,C00508,2026-08-09,7192.56,home,0
O001108,C00508,2026-03-29,6144.05,apparel,0
O001109,C00508,2026-04-07,10714.26,grocery,0
O001110,C00298,2026-03-30,13986.65,beauty,1
O001111,C00298,2026-07-12,14952.07,grocery,0
O001112,C00298,2026-07-15,12204.84,electronics,0
O001113,C00298,2026-06-23,9408.97,home,0
O001114,C00298,2026-06-14,10167.55,apparel,0
O001115,C00298,2026-03-14,8525.54,grocery,0
O001116,C00453,2026-05-24,7705.08,home,0
O001117,C00453,2026-09-03,2239.22,home,0
O001118,C00453,2026-08-14,6664.07,home,0
O001119,C00453,2026-04-08,949.18,apparel,0
O001120,C00288,2026-08-27,13915.68,home,0
O001121,C00288,2026-06-27,4169.28,home,0
O001122,C00288,2026-04-18,6705.9,apparel,0
O001123,C00288,2026-04-11,14920.11,apparel,0
O001124,C00288,2026-06-17,13865.94,beauty,0
O001125,C00288,2026-08-24,2484.73,apparel,1
O001126,C00288,2026-06-16,7212.64,apparel,0
O001127,C00288,2026-09-04,6715.52,beauty,0
O001128,C00288,2026-03-18,5540.85,grocery,1
O001129,C00418,2026-07-25,1953.62,apparel,0
O001130,C00418,2026-06-29,1675.59,home,0
O001131,C00418,2026-06-25,2773.94,grocery,0
O001132,C00418,2026-09-04,8579.74,grocery,0
O001133,C00418,2026-04-19,14970.67,electronics,0
O001134,C00418,2026-04-10,8690.58,beauty,0
O001135,C00418,2026-04-06,3918.51,beauty,0
O001136,C00418,2026-04-01,13344.31,electronics,0
O001137,C00418,2026-03-17,14725.62,electronics,0
O001138,C00705,2026-08-14,5056.01,electronics,0
O001139,C00705,2026-03-31,12511.28,beauty,0
O001140,C00705,2026-03-11,14341.46,grocery,0
O001141,C00705,2026-04-13,5142.58,electronics,0
O001142,C00705,2026-04-22,14278.17,home,0
O001143,C00705,2026-04-12,14997.37,grocery,0
O001144,C00705,2026-08-28,12990.2,home,0
O001145,C00705,2026-03-09,1116.36,electronics,0
O001146,C00472,2026-03-12,5906.45,beauty,0
O001147,C00472,2026-03-21,3829.18,beauty,0
O001148,C00472,2026-07-21,12829.48,apparel,1
O001149,C00472,2026-06-18,6215.22,apparel,0
O001150,C00472,2026-05-22,7515.42,beauty,1
O001151,C00472,2026-06-06,13848.99,grocery,0
O001152,C00472,2026-06-01,10083.15,home,1
O001153,C00472,2026-05-21,7497.46,beauty,0
O001154,C00472,2026-03-31,8576.94,beauty,0
O001155,C00472,2026-03-17,6511.28,home,1
O001156,C00686,2026-09-01,7846.12,beauty,1
O001157,C00686,2026-03-14,9819.88,apparel,0
O001158,C00686,2026-06-15,8051.0,grocery,0
O001159,C00686,2026-08-19,7182.82,electronics,1
O001160,C00686,2026-07-09,7320.89,apparel,0
O001161,C00686,2026-07-02,10359.41,home,0
O001162,C00686,2026-07-17,7989.45,home,0
O001163,C00686,2026-08-24,8399.62,electronics,0
O001164,C00686,2026-06-25,7806.58,beauty,0
O001165,C00686,2026-09-03,10014.57,grocery,1
O001166,C00686,2026-08-11,5525.23,grocery,0
O001167,C00216,2026-07-18,539.15,beauty,0
O001168,C00216,2026-06-10,2978.46,beauty,0
O001169,C00216,2026-07-25,6418.9,home,1
O001170,C00023,2026-05-22,9470.01,home,0
O001171,C00023,2026-04-01,13796.25,apparel,0
O001172,C00023,2026-03-11,1449.84,grocery,0
O001173,C00023,2026-06-23,10199.11,beauty,0
O001174,C00023,2026-03-25,385.95,electronics,0
O001175,C00023,2026-08-14,9940.27,beauty,1
O001176,C00023,2026-05-05,13071.07,grocery,0
O001177,C00810,2026-04-14,12253.05,grocery,0
O001178,C00810,2026-05-20,10204.91,beauty,0
O001179,C00810,2026-05-22,1588.24,apparel,0
O001180,C00810,2026-08-10,1945.11,electronics,1
O001181,C00810,2026-03-27,3066.85,electronics,0
O001182,C00810,2026-05-04,9834.76,apparel,0
O001183,C00810,2026-03-20,9503.07,grocery,0
O001184,C00810,2026-09-03,4723.49,beauty,0
O001185,C00810,2026-07-27,6501.62,electronics,0
O001186,C00725,2026-04-23,7430.19,electronics,0
O001187,C00725,2026-08-30,8902.83,apparel,0
O001188,C00725,2026-06-24,12492.93,beauty,0
O001189,C00725,2026-05-04,415.75,beauty,1
O001190,C00479,2026-05-10,11135.05,grocery,0
O001191,C00479,2026-07-13,14985.69,electronics,0
O001192,C00479,2026-04-25,7445.68,grocery,0
O001193,C00479,2026-07-11,14048.63,beauty,0
O001194,C00479,2026-03-25,1192.36,electronics,0
O001195,C00479,2026-07-01,4943.0,electronics,0
O001196,C00479,2026-06-16,9830.01,beauty,0
O001197,C00479,2026-08-02,9453.64,home,0
O001198,C00190,2026-03-18,3125.36,home,0
O001199,C00190,2026-08-08,7762.25,grocery,0
O001200,C00190,2026-06-10,5285.55,grocery,0
O001201,C00190,2026-05-01,10813.43,beauty,0
O001202,C00190,2026-05-29,4612.89,beauty,0
O001203,C00190,2026-08-08,12546.29,home,0
O001204,C00190,2026-08-01,12056.4,apparel,0
O001205,C00190,2026-08-04,4452.12,electronics,0
O001206,C00190,2026-08-22,2197.72,apparel,0
O001207,C00646,2026-06-23,1783.28,beauty,0
O001208,C00646,2026-07-11,7557.76,apparel,0
O001209,C00646,2026-04-04,991.63,electronics,0
O001210,C00646,2026-04-15,4133.88,apparel,0
O001211,C00940,2026-05-09,1235.88,beauty,1
O001212,C00940,2026-05-08,3632.35,grocery,1
O001213,C00940,2026-05-27,4089.99,home,1
O001214,C00940,2026-08-24,11609.8,grocery,1
O001215,C00204,2026-07-01,12845.1,grocery,0
O001216,C00204,2026-05-09,1830.89,electronics,0
O001217,C00204,2026-08-17,6736.05,beauty,0
O001218,C00204,2026-07-18,11409.74,electronics,0
O001219,C00204,2026-08-09,9261.94,electronics,0
O001220,C00204,2026-03-27,916.95,electronics,0
O001221,C00784,2026-03-15,2608.38,home,0
O001222,C00784,2026-03-09,11500.88,beauty,0
O001223,C00784,2026-04-16,1759.63,home,0
O001224,C00784,2026-07-29,2325.26,apparel,0
O001225,C00101,2026-08-06,11607.52,electronics,0
O001226,C00101,2026-03-12,12194.43,home,0
O001227,C00101,2026-06-05,2817.55,home,0
O001228,C00101,2026-08-18,11396.22,home,0
O001229,C00101,2026-08-01,3908.13,grocery,0
O001230,C00101,2026-05-26,3654.28,beauty,0
O001231,C00101,2026-09-02,6316.85,beauty,0
O001232,C00101,2026-04-13,7887.48,home,0
O001233,C00101,2026-03-09,6805.91,electronics,0
O001234,C00374,2026-05-19,14734.59,apparel,0
O001235,C00374,2026-08-14,6081.01,electronics,0
O001236,C00374,2026-08-14,9729.55,grocery,0
O001237,C00374,2026-05-02,9584.63,grocery,1
O001238,C00374,2026-05-11,6463.79,grocery,0
O001239,C00374,2026-07-31,10906.8,home,0
O001240,C00374,2026-07-01,416.16,home,0
O001241,C00374,2026-05-21,9272.9,apparel,0
O001242,C00374,2026-06-01,6858.98,apparel,0
O001243,C00374,2026-08-17,9478.09,grocery,0
O001244,C00562,2026-03-23,5375.18,beauty,0
O001245,C00562,2026-05-12,13250.33,electronics,0
O001246,C00562,2026-03-12,5217.05,apparel,1
O001247,C00562,2026-08-31,8249.62,apparel,0
O001248,C00562,2026-07-20,8411.25,grocery,0
O001249,C00562,2026-03-17,9644.58,electronics,0
O001250,C00562,2026-06-01,12010.0,grocery,1
O001251,C00562,2026-06-01,12533.77,home,0
O001252,C00562,2026-08-30,14808.23,electronics,0
O001253,C00562,2026-07-16,12671.28,home,0
O001254,C00562,2026-05-23,5510.76,electronics,0
O001255,C00562,2026-05-29,14137.74,beauty,0
O001256,C00942,2026-04-30,3770.63,grocery,1
O001257,C00942,2026-03-26,13446.78,grocery,1
O001258,C00942,2026-03-23,3737.42,home,0
O001259,C00942,2026-03-11,11836.4,grocery,1
O001260,C00942,2026-08-31,10800.96,grocery,1
O001261,C00942,2026-07-12,1846.84,grocery,0
O001262,C00733,2026-05-24,11744.68,beauty,0
O001263,C00733,2026-09-02,10761.11,beauty,0
O001264,C00733,2026-05-20,1214.25,apparel,0
O001265,C00733,2026-05-06,6858.61,home,0
O001266,C00733,2026-08-24,6220.48,grocery,0
O001267,C00733,2026-03-25,6103.3,home,0
O001268,C00733,2026-07-24,9655.98,beauty,0
O001269,C00733,2026-03-26,14232.95,beauty,0
O001270,C00733,2026-07-23,2421.89,apparel,0
O001271,C00733,2026-08-19,7028.38,grocery,0
O001272,C00733,2026-08-29,2035.45,apparel,0
O001273,C00526,2026-04-21,5729.18,electronics,0
O001274,C00526,2026-05-02,6306.71,electronics,0
O001275,C00526,2026-03-09,4556.98,grocery,0
O001276,C00526,2026-08-12,5760.57,home,0
O001277,C00526,2026-06-03,7443.11,apparel,0
O001278,C00526,2026-06-22,8967.48,electronics,0
O001279,C00526,2026-05-10,4785.91,home,0
O001280,C00526,2026-03-28,12341.14,beauty,0
O001281,C00526,2026-05-25,8348.8,electronics,0
O001282,C00267,2026-07-06,8723.97,grocery,0
O001283,C00267,2026-08-14,5266.0,beauty,0
O001284,C00670,2026-09-04,2336.28,beauty,0
O001285,C00670,2026-09-02,10108.14,apparel,0
O001286,C00670,2026-07-01,5080.68,grocery,0
O001287,C00670,2026-04-30,6321.54,apparel,0
O001288,C00670,2026-08-05,5283.27,electronics,0
O001289,C00670,2026-07-07,13383.63,home,0
O001290,C00670,2026-06-08,13029.52,electronics,0
O001291,C00670,2026-03-17,12003.53,home,0
O001292,C00670,2026-06-18,2119.59,grocery,0
O001293,C00376,2026-07-06,9394.95,grocery,0
O001294,C00376,2026-03-11,14372.2,grocery,0
O001295,C00376,2026-05-19,7294.78,electronics,0
O001296,C00142,2026-08-06,4341.95,apparel,0
O001297,C00142,2026-06-26,10672.58,grocery,0
O001298,C00142,2026-08-03,12161.74,grocery,0
O001299,C00179,2026-04-15,961.26,electronics,0
O001300,C00179,2026-05-31,2953.47,electronics,0
O001301,C00179,2026-05-29,4965.52,home,0
O001302,C00179,2026-06-23,14702.86,grocery,0
O001303,C00179,2026-04-17,2417.3,home,0
O001304,C00179,2026-05-05,2567.14,beauty,0
O001305,C00179,2026-06-24,1166.03,home,0
O001306,C00795,2026-04-05,5004.61,beauty,0
O001307,C00795,2026-05-21,4091.63,electronics,0
O001308,C00795,2026-06-20,3822.46,grocery,1
O001309,C00795,2026-07-27,7546.8,grocery,0
O001310,C00460,2026-06-27,4258.53,home,0
O001311,C00460,2026-06-26,6284.02,beauty,0
O001312,C00460,2026-07-07,9613.06,electronics,1
O001313,C00460,2026-05-26,14463.08,electronics,0
O001314,C00460,2026-04-08,8454.2,apparel,0
O001315,C00460,2026-05-23,6279.17,electronics,0
O001316,C00460,2026-07-04,7656.36,apparel,0
O001317,C00460,2026-06-06,14784.04,apparel,0
O001318,C00458,2026-08-08,914.34,beauty,0
O001319,C00458,2026-03-11,9424.73,apparel,0
O001320,C00458,2026-06-19,14022.55,beauty,1
O001321,C00458,2026-04-23,3988.07,beauty,0
O001322,C00458,2026-06-21,12683.85,apparel,0
O001323,C00458,2026-06-01,7801.83,electronics,0
O001324,C00458,2026-06-25,8151.11,electronics,1
O001325,C00458,2026-06-24,6110.98,electronics,0
O001326,C00458,2026-06-17,10958.58,home,0
O001327,C00458,2026-08-30,3399.5,grocery,0
O001328,C00690,2026-07-10,14197.5,home,0
O001329,C00690,2026-06-26,10703.99,home,0
O001330,C00690,2026-03-31,14750.42,home,0
O001331,C00690,2026-06-08,14397.19,home,0
O001332,C00690,2026-06-19,10470.12,electronics,1
O001333,C00690,2026-07-19,362.9,electronics,0
O001334,C00690,2026-07-15,6373.5,beauty,0
O001335,C00894,2026-07-11,1439.59,electronics,0
O001336,C00894,2026-06-11,12296.03,beauty,0
O001337,C00894,2026-08-07,5489.02,beauty,0
O001338,C00894,2026-07-06,5562.1,apparel,0
O001339,C00894,2026-03-23,12234.48,electronics,0
O001340,C00894,2026-05-18,5746.07,apparel,0
O001341,C00894,2026-03-14,3556.36,electronics,0
O001342,C00894,2026-05-20,10304.15,home,0
O001343,C00364,2026-08-11,9317.61,home,0
O001344,C00364,2026-07-01,3550.87,beauty,0
O001345,C00364,2026-05-31,840.9,beauty,0
O001346,C00364,2026-04-13,10692.43,apparel,0
O001347,C00364,2026-05-18,14768.67,beauty,1
O001348,C00710,2026-06-05,8411.24,grocery,0
O001349,C00710,2026-08-19,9163.7,apparel,0
O001350,C00710,2026-03-24,2185.22,electronics,1
O001351,C00870,2026-06-27,8677.58,apparel,0
O001352,C00870,2026-06-05,11014.81,home,0
O001353,C00870,2026-08-30,10266.29,grocery,0
O001354,C00870,2026-05-21,10306.0,beauty,0
O001355,C00491,2026-03-13,1062.38,home,0
O001356,C00491,2026-07-21,14928.07,home,0
O001357,C00241,2026-07-02,7158.82,home,0
O001358,C00241,2026-04-23,938.93,apparel,0
O001359,C00241,2026-04-02,13800.35,grocery,1
O001360,C00482,2026-03-13,13237.45,electronics,0
O001361,C00482,2026-03-25,3616.73,beauty,0
O001362,C00482,2026-04-03,13779.83,apparel,0
O001363,C00482,2026-05-31,4868.85,electronics,0
O001364,C00482,2026-08-27,6649.65,electronics,1
O001365,C00482,2026-07-23,9506.57,home,0
O001366,C00482,2026-08-04,3933.16,beauty,0
O001367,C00482,2026-05-17,5309.79,electronics,0
O001368,C00482,2026-06-05,7939.22,apparel,0
O001369,C00485,2026-08-20,9407.63,electronics,0
O001370,C00485,2026-07-09,8810.34,electronics,0
O001371,C00485,2026-06-18,13775.7,beauty,0
O001372,C00008,2026-06-29,1211.43,beauty,0
O001373,C00008,2026-06-25,9277.86,beauty,1
O001374,C00008,2026-08-17,10260.2,grocery,1
O001375,C00008,2026-08-25,12793.96,beauty,1
O001376,C00008,2026-04-14,11353.86,apparel,1
O001377,C00008,2026-05-21,11875.88,grocery,0
O001378,C00008,2026-03-11,5943.62,beauty,1
O001379,C00727,2026-05-06,5292.36,electronics,0
O001380,C00727,2026-03-24,5124.45,apparel,0
O001381,C00727,2026-06-24,480.64,electronics,0
O001382,C00727,2026-08-21,12659.46,grocery,0
O001383,C00727,2026-03-10,7780.8,home,0
O001384,C00727,2026-08-03,10951.96,beauty,0
O001385,C00727,2026-08-30,2323.79,electronics,0
O001386,C00727,2026-06-28,4881.5,beauty,0
O001387,C00727,2026-05-19,9880.06,home,0
O001388,C00727,2026-04-05,13312.76,apparel,0
O001389,C00727,2026-03-23,4837.51,home,0
O001390,C00348,2026-08-08,10271.02,electronics,0
O001391,C00348,2026-06-06,12342.0,grocery,0
O001392,C00348,2026-05-18,6504.3,apparel,0
O001393,C00348,2026-05-13,9716.16,apparel,0
O001394,C00348,2026-06-16,5320.81,beauty,0
O001395,C00348,2026-05-09,14734.27,grocery,0
O001396,C00280,2026-03-31,8621.62,home,0
O001397,C00280,2026-06-06,6454.82,apparel,0
O001398,C00280,2026-06-11,13178.75,electronics,0
O001399,C00280,2026-06-05,13823.32,apparel,0
O001400,C00280,2026-05-04,7158.09,apparel,0
O001401,C00280,2026-07-24,11098.42,home,0
O001402,C00280,2026-03-26,5825.9,beauty,0
O001403,C00153,2026-07-17,5560.93,grocery,1
O001404,C00153,2026-08-01,4571.47,apparel,0
O001405,C00153,2026-04-04,13716.82,home,0
O001406,C00153,2026-06-11,736.38,apparel,1
O001407,C00419,2026-05-05,13315.12,apparel,0
O001408,C00419,2026-05-22,8451.22,apparel,0
O001409,C00419,2026-07-03,2888.34,home,0
O001410,C00419,2026-04-13,608.61,apparel,0
O001411,C00419,2026-08-08,11874.99,electronics,0
O001412,C00419,2026-03-23,3390.49,beauty,0
O001413,C00024,2026-03-27,8045.82,grocery,0
O001414,C00024,2026-06-22,13212.3,electronics,0
O001415,C00024,2026-07-17,13276.03,apparel,0
O001416,C00024,2026-08-10,3117.71,beauty,0
O001417,C00024,2026-08-18,4973.89,beauty,0
O001418,C00405,2026-07-12,979.07,grocery,0
O001419,C00405,2026-06-24,12860.2,home,0
O001420,C00405,2026-04-06,5116.9,electronics,0
O001421,C00405,2026-05-02,4417.08,apparel,0
O001422,C00405,2026-03-26,14535.25,beauty,0
O001423,C00405,2026-07-05,1496.69,beauty,0
O001424,C00405,2026-07-25,9338.83,apparel,0
O001425,C00405,2026-07-01,11344.23,grocery,0
O001426,C00405,2026-05-26,7927.72,apparel,0
O001427,C00405,2026-04-04,5796.02,beauty,0
O001428,C00405,2026-06-01,7573.44,home,0
O001429,C00405,2026-04-29,9680.15,grocery,0
O001430,C00896,2026-04-12,12988.57,beauty,0
O001431,C00896,2026-04-09,6547.84,beauty,0
O001432,C00896,2026-04-05,14051.83,home,0
O001433,C00896,2026-07-04,1545.96,electronics,0
O001434,C00896,2026-06-09,7926.66,apparel,0
O001435,C00896,2026-05-12,7139.22,grocery,0
O001436,C00896,2026-06-16,6931.92,beauty,0
O001437,C00896,2026-07-01,12126.22,home,0
O001438,C00896,2026-03-23,663.36,beauty,0
O001439,C00896,2026-06-04,9786.72,home,0
O001440,C00896,2026-03-19,4629.41,grocery,0
O001441,C00896,2026-08-13,9761.72,home,0
O001442,C00908,2026-07-24,1348.83,electronics,1
O001443,C00908,2026-08-27,5206.24,home,1
O001444,C00908,2026-09-02,11254.61,home,1
O001445,C00908,2026-08-27,9179.3,apparel,1
O001446,C00908,2026-04-29,11360.04,grocery,0
O001447,C00549,2026-07-27,11811.99,beauty,0
O001448,C00549,2026-07-29,12381.36,electronics,0
O001449,C00549,2026-05-19,7835.91,apparel,0
O001450,C00549,2026-04-29,3645.4,apparel,0
O001451,C00549,2026-09-02,7882.63,grocery,0
O001452,C00549,2026-04-03,10920.9,beauty,0
O001453,C00233,2026-03-29,4902.2,apparel,0
O001454,C00233,2026-08-15,14146.37,beauty,0
O001455,C00233,2026-06-24,6914.59,grocery,0
O001456,C00233,2026-05-15,2342.57,apparel,1
O001457,C00233,2026-07-19,11145.73,beauty,0
O001458,C00233,2026-05-05,12564.19,home,0
O001459,C00233,2026-05-20,6558.07,beauty,0
O001460,C00638,2026-06-11,773.47,apparel,0
O001461,C00638,2026-08-17,14303.77,home,0
O001462,C00638,2026-08-18,12047.44,grocery,0
O001463,C00638,2026-03-17,6046.02,beauty,0
O001464,C00638,2026-05-09,6042.35,grocery,0
O001465,C00638,2026-06-01,7279.23,home,0
O001466,C00638,2026-08-07,6937.57,home,0
O001467,C00638,2026-06-15,1833.4,grocery,0
O001468,C00638,2026-04-02,12449.18,grocery,0
O001469,C00638,2026-03-09,3044.37,electronics,0
O001470,C00088,2026-08-20,3725.68,grocery,0
O001471,C00088,2026-06-29,1144.56,grocery,1
O001472,C00088,2026-04-05,5103.55,beauty,1
O001473,C00088,2026-04-02,14847.05,apparel,0
O001474,C00088,2026-08-19,7330.29,electronics,0
O001475,C00088,2026-08-24,13582.74,apparel,0
O001476,C00088,2026-05-19,3323.45,beauty,1
O001477,C00088,2026-06-13,10072.45,apparel,0
O001478,C00220,2026-08-17,10836.55,beauty,0
O001479,C00220,2026-03-09,409.42,apparel,0
O001480,C00220,2026-07-24,12421.36,grocery,0
O001481,C00220,2026-06-28,8030.09,grocery,0
O001482,C00220,2026-03-12,7065.01,grocery,0
O001483,C00220,2026-07-29,1639.21,beauty,1
O001484,C00220,2026-03-18,12686.8,home,0
O001485,C00220,2026-03-21,12404.42,apparel,0
O001486,C00220,2026-07-09,2939.8,grocery,0
O001487,C00220,2026-05-25,7030.07,apparel,0
O001488,C00220,2026-04-20,1704.35,electronics,0
O001489,C00027,2026-09-04,2621.6,grocery,0
O001490,C00027,2026-07-23,13769.56,apparel,0
O001491,C00027,2026-08-30,6345.79,grocery,0
O001492,C00027,2026-05-14,5720.36,electronics,0
O001493,C00027,2026-05-27,11758.81,beauty,0
O001494,C00786,2026-05-01,692.75,beauty,1
O001495,C00786,2026-03-19,11265.57,apparel,0
O001496,C00786,2026-06-06,457.84,electronics,0
O001497,C00786,2026-04-11,2306.26,beauty,0
O001498,C00786,2026-04-19,1303.09,grocery,0
O001499,C00786,2026-08-16,10789.65,beauty,0
O001500,C00786,2026-04-04,12360.27,apparel,0
O001501,C00786,2026-05-02,565.57,electronics,0
O001502,C00786,2026-08-20,2125.03,beauty,0
O001503,C00443,2026-08-23,11524.76,home,1
O001504,C00443,2026-06-08,5563.88,apparel,0
O001505,C00443,2026-04-12,13422.51,grocery,0
O001506,C00443,2026-06-14,10542.11,grocery,0
O001507,C00628,2026-04-09,10448.1,beauty,0
O001508,C00628,2026-09-03,368.59,beauty,0
O001509,C00628,2026-06-25,13953.66,home,0
O001510,C00628,2026-07-05,3239.79,electronics,0
O001511,C00628,2026-05-11,14842.57,home,0
O001512,C00628,2026-08-28,10295.41,electronics,0
O001513,C00628,2026-07-27,13269.61,apparel,0
O001514,C00628,2026-08-27,946.98,grocery,0
O001515,C00628,2026-08-08,5108.98,grocery,0
O001516,C00628,2026-05-02,9482.7,grocery,0
O001517,C00628,2026-03-09,6589.84,apparel,0
O001518,C00628,2026-03-20,5541.67,apparel,0
O001519,C00334,2026-03-26,4948.73,beauty,0
O001520,C00334,2026-06-11,3535.41,home,0
O001521,C00863,2026-06-18,6343.12,grocery,0
O001522,C00863,2026-07-13,14859.97,grocery,0
O001523,C00863,2026-09-02,13856.69,grocery,0
O001524,C00863,2026-08-14,14397.81,grocery,0
O001525,C00863,2026-06-17,9573.85,beauty,0
O001526,C00863,2026-04-13,14593.79,apparel,0
O001527,C00863,2026-04-09,9639.7,home,0
O001528,C00863,2026-07-20,10095.65,electronics,0
O001529,C00863,2026-04-28,9245.44,grocery,0
O001530,C00863,2026-07-26,7812.08,apparel,0
O001531,C00863,2026-06-04,10658.05,electronics,0
O001532,C00863,2026-04-24,9360.33,electronics,0
O001533,C00878,2026-03-26,6598.92,apparel,0
O001534,C00878,2026-04-04,1180.87,home,0
O001535,C00878,2026-05-29,3269.57,beauty,0
O001536,C00878,2026-03-23,857.23,grocery,0
O001537,C00878,2026-05-23,6822.78,home,0
O001538,C00878,2026-06-22,4967.82,electronics,0
O001539,C00205,2026-09-04,11333.1,apparel,0
O001540,C00205,2026-08-10,5169.67,apparel,0
O001541,C00205,2026-08-05,1094.89,apparel,0
O001542,C00205,2026-05-20,10535.29,apparel,0
O001543,C00205,2026-03-10,5907.84,home,0
O001544,C00205,2026-06-10,9557.8,electronics,0
O001545,C00205,2026-03-21,1328.78,apparel,0
O001546,C00205,2026-03-20,14882.58,apparel,1
O001547,C00205,2026-08-08,2853.03,grocery,0
O001548,C00205,2026-05-16,13997.65,apparel,0
O001549,C00019,2026-06-26,10957.34,home,0
O001550,C00019,2026-07-11,3203.78,beauty,0
O001551,C00019,2026-07-22,3959.85,home,0
O001552,C00019,2026-08-02,14525.57,apparel,0
O001553,C00019,2026-03-20,11784.95,electronics,0
O001554,C00019,2026-03-26,5585.85,beauty,0
O001555,C00019,2026-03-31,6788.23,grocery,0
O001556,C00019,2026-06-28,6671.43,apparel,0
O001557,C00019,2026-05-20,11965.31,electronics,0
O001558,C00019,2026-03-09,6582.74,electronics,0
O001559,C00726,2026-07-05,4082.19,beauty,0
O001560,C00726,2026-04-12,4463.42,grocery,0
O001561,C00726,2026-08-19,1357.51,apparel,0
O001562,C00726,2026-06-07,3177.02,apparel,0
O001563,C00726,2026-08-28,12966.33,home,1
O001564,C00726,2026-08-12,13907.66,beauty,0
O001565,C00042,2026-03-30,4824.82,grocery,0
O001566,C00042,2026-08-14,13309.49,electronics,0
O001567,C00042,2026-07-14,8614.45,apparel,0
O001568,C00042,2026-03-25,14369.32,home,0
O001569,C00042,2026-05-09,7482.74,home,0
O001570,C00042,2026-04-14,9868.32,beauty,0
O001571,C00042,2026-05-30,3862.59,electronics,0
O001572,C00058,2026-03-24,9786.4,home,0
O001573,C00058,2026-08-01,14180.7,apparel,0
O001574,C00058,2026-08-26,9151.6,apparel,0
O001575,C00058,2026-03-17,11633.29,beauty,1
O001576,C00058,2026-07-31,8916.56,electronics,0
O001577,C00058,2026-05-18,3075.7,beauty,0
O001578,C00058,2026-04-22,6575.01,home,0
O001579,C00176,2026-08-14,9979.75,beauty,0
O001580,C00176,2026-08-23,11088.82,electronics,0
O001581,C00176,2026-08-10,8717.39,home,0
O001582,C00176,2026-06-02,4254.61,apparel,0
O001583,C00176,2026-03-19,6150.16,home,0
O001584,C00176,2026-08-15,2775.46,beauty,1
O001585,C00176,2026-06-27,1326.67,beauty,1
O001586,C00176,2026-04-04,9921.46,beauty,0
O001587,C00176,2026-04-16,5807.38,apparel,0
O001588,C00176,2026-03-17,2975.17,electronics,0
O001589,C00195,2026-03-15,11323.76,apparel,0
O001590,C00195,2026-06-06,13563.42,beauty,0
O001591,C00195,2026-03-22,13720.68,electronics,0
O001592,C00195,2026-08-13,2742.05,home,0
O001593,C00195,2026-05-31,2132.82,electronics,0
O001594,C00195,2026-07-02,8909.0,beauty,0
O001595,C00195,2026-05-08,11479.84,electronics,0
O001596,C00195,2026-07-19,11351.44,electronics,0
O001597,C00195,2026-03-11,11901.35,electronics,0
O001598,C00167,2026-03-09,11939.26,beauty,0
O001599,C00167,2026-06-10,14807.38,home,0
O001600,C00167,2026-04-27,7256.51,home,0
O001601,C00148,2026-08-31,14991.84,apparel,0
O001602,C00148,2026-07-23,10076.65,beauty,0
O001603,C00148,2026-08-17,14636.98,home,0
O001604,C00148,2026-07-13,345.34,beauty,0
O001605,C00148,2026-03-25,13353.17,apparel,0
O001606,C00148,2026-08-26,2106.55,grocery,1
O001607,C00148,2026-06-14,10579.19,apparel,0
O001608,C00148,2026-06-28,9389.77,beauty,0
O001609,C00148,2026-08-08,10005.36,electronics,0
O001610,C00148,2026-05-08,14375.94,home,0
O001611,C00148,2026-06-26,5595.02,electronics,1
O001612,C00436,2026-07-25,3733.31,beauty,0
O001613,C00436,2026-05-11,9305.11,electronics,0
O001614,C00436,2026-07-22,14104.55,beauty,0
O001615,C00436,2026-05-04,12899.37,electronics,0
O001616,C00436,2026-04-22,4619.79,apparel,0
O001617,C00436,2026-08-13,13086.92,grocery,0
O001618,C00436,2026-07-12,10834.98,electronics,0
O001619,C00545,2026-04-05,14945.68,beauty,0
O001620,C00545,2026-08-10,6860.41,electronics,0
O001621,C00545,2026-06-27,8247.82,apparel,0
O001622,C00545,2026-06-18,11372.81,electronics,0
O001623,C00593,2026-06-07,10821.75,apparel,0
O001624,C00593,2026-05-28,5099.56,beauty,0
O001625,C00593,2026-07-02,3539.53,home,0
O001626,C00213,2026-06-24,2295.62,grocery,0
O001627,C00213,2026-06-28,7531.79,home,0
O001628,C00213,2026-04-19,13997.17,grocery,0
O001629,C00213,2026-08-24,5345.42,beauty,0
O001630,C00213,2026-08-22,11840.7,beauty,0
O001631,C00213,2026-05-28,3586.2,electronics,0
O001632,C00213,2026-05-14,1937.32,home,0
O001633,C00213,2026-04-03,14077.0,electronics,0
O001634,C00213,2026-07-02,2173.04,home,0
O001635,C00213,2026-04-27,8780.68,electronics,0
O001636,C00213,2026-05-02,8973.88,apparel,0
O001637,C00213,2026-06-08,14703.79,home,0
O001638,C00538,2026-08-04,14028.7,apparel,0
O001639,C00538,2026-03-31,9143.78,apparel,0
O001640,C00538,2026-05-28,435.07,beauty,0
O001641,C00538,2026-08-18,12297.38,home,0
O001642,C00538,2026-07-29,7647.54,beauty,0
O001643,C00538,2026-03-26,4465.87,electronics,0
O001644,C00538,2026-07-08,4840.7,electronics,0
O001645,C00236,2026-08-09,12481.7,beauty,0
O001646,C00236,2026-07-26,14507.49,electronics,0
O001647,C00236,2026-06-16,5197.22,apparel,0
O001648,C00236,2026-09-04,14036.16,apparel,0
O001649,C00236,2026-04-05,1072.72,apparel,0
O001650,C00236,2026-06-09,10992.71,home,0
O001651,C00516,2026-04-17,2640.14,electronics,0
O001652,C00516,2026-08-12,5259.93,beauty,0
O001653,C00516,2026-05-08,11438.4,beauty,0
O001654,C00516,2026-08-13,10983.29,home,1
O001655,C00516,2026-06-21,3167.85,grocery,0
O001656,C00516,2026-03-25,2224.24,grocery,0
O001657,C00516,2026-04-19,1095.61,home,0
O001658,C00516,2026-08-31,2706.31,apparel,0
O001659,C00516,2026-08-05,7391.89,apparel,0
O001660,C00516,2026-07-27,12124.07,apparel,0
O001661,C00516,2026-08-06,434.25,grocery,0
O001662,C00516,2026-03-22,11846.84,apparel,0
O001663,C00322,2026-03-15,13911.98,electronics,0
O001664,C00322,2026-04-28,7265.97,electronics,0
O001665,C00322,2026-05-12,7876.9,home,1
O001666,C00322,2026-03-17,14554.99,beauty,0
O001667,C00322,2026-04-07,2046.4,beauty,0
O001668,C00322,2026-05-16,10413.37,apparel,0
O001669,C00322,2026-08-06,5817.96,electronics,0
O001670,C00322,2026-06-26,13013.97,beauty,0
O001671,C00327,2026-07-15,6843.24,electronics,0
O001672,C00327,2026-07-05,1514.76,beauty,0
O001673,C00327,2026-05-26,13654.63,apparel,0
O001674,C00327,2026-04-21,8722.83,grocery,1
O001675,C00327,2026-07-19,10497.77,electronics,0
O001676,C00327,2026-04-13,2962.12,beauty,0
O001677,C00226,2026-03-22,5080.87,grocery,0
O001678,C00226,2026-06-07,12249.16,electronics,0
O001679,C00226,2026-08-29,12316.7,grocery,0
O001680,C00226,2026-05-05,7927.85,grocery,0
O001681,C00226,2026-04-19,12336.77,electronics,0
O001682,C00226,2026-08-27,3349.72,electronics,0
O001683,C00226,2026-08-08,9106.81,apparel,0
O001684,C00226,2026-08-09,6874.32,home,1
O001685,C00226,2026-07-28,2193.6,apparel,0
O001686,C00226,2026-05-17,1590.97,home,0
O001687,C00226,2026-06-02,814.58,electronics,0
O001688,C00226,2026-04-27,5644.33,grocery,0
O001689,C00595,2026-06-18,14194.86,electronics,0
O001690,C00595,2026-08-04,978.64,grocery,0
O001691,C00595,2026-08-27,4612.93,grocery,0
O001692,C00595,2026-08-15,8782.95,home,0
O001693,C00620,2026-04-24,7805.68,electronics,0
O001694,C00620,2026-05-13,957.61,electronics,0
O001695,C00620,2026-08-25,4705.73,apparel,1
O001696,C00620,2026-09-03,9151.52,apparel,0
O001697,C00620,2026-04-07,4377.72,grocery,0
O001698,C00620,2026-05-29,8382.77,home,0
O001699,C00620,2026-06-19,13583.8,beauty,0
O001700,C00620,2026-03-20,14187.69,beauty,0
O001701,C00620,2026-05-26,2405.69,apparel,0
O001702,C00620,2026-08-23,11070.32,apparel,1
O001703,C00227,2026-05-01,9822.24,grocery,0
O001704,C00227,2026-06-22,6469.39,apparel,0
O001705,C00227,2026-06-01,11880.43,beauty,0
O001706,C00227,2026-03-16,9173.03,electronics,0
O001707,C00227,2026-07-31,8112.61,grocery,0
O001708,C00227,2026-05-31,5141.56,electronics,0
O001709,C00227,2026-06-03,5202.71,home,0
O001710,C00043,2026-04-15,5844.19,apparel,1
O001711,C00043,2026-07-01,1843.54,electronics,0
O001712,C00043,2026-06-23,11006.41,home,0
O001713,C00043,2026-04-20,12159.93,electronics,0
O001714,C00758,2026-07-26,8710.72,home,0
O001715,C00758,2026-04-26,9229.76,electronics,0
O001716,C00758,2026-08-29,14213.7,beauty,0
O001717,C00758,2026-05-06,12149.45,grocery,0
O001718,C00758,2026-06-22,13265.71,beauty,0
O001719,C00758,2026-06-14,2175.31,electronics,0
O001720,C00758,2026-04-15,10784.37,apparel,0
O001721,C00758,2026-06-23,8643.14,home,0
O001722,C00758,2026-05-06,10963.66,home,1
O001723,C00758,2026-04-12,3961.94,grocery,0
O001724,C00188,2026-05-09,12037.49,grocery,0
O001725,C00188,2026-08-11,14303.46,grocery,0
O001726,C00188,2026-04-22,13256.4,apparel,0
O001727,C00188,2026-05-22,12911.45,home,0
O001728,C00188,2026-09-03,4897.23,electronics,0
O001729,C00188,2026-08-10,1427.39,apparel,0
O001730,C00188,2026-09-01,2727.16,electronics,0
O001731,C00188,2026-07-09,4502.01,beauty,0
O001732,C00398,2026-08-21,6532.56,grocery,0
O001733,C00398,2026-05-05,2305.5,beauty,0
O001734,C00099,2026-05-26,2132.97,electronics,0
O001735,C00099,2026-09-02,13690.03,electronics,0
O001736,C00099,2026-04-04,10628.1,home,0
O001737,C00099,2026-06-21,11163.05,grocery,0
O001738,C00099,2026-03-18,922.63,beauty,0
O001739,C00099,2026-05-12,10215.48,grocery,0
O001740,C00099,2026-05-12,2869.77,home,0
O001741,C00099,2026-03-19,7851.16,electronics,0
O001742,C00099,2026-06-03,5872.69,home,0
O001743,C00099,2026-08-14,5267.99,apparel,0
O001744,C00613,2026-06-03,12909.75,home,0
O001745,C00613,2026-05-01,4615.11,apparel,0
O001746,C00613,2026-07-23,9578.29,beauty,1
O001747,C00613,2026-03-18,4780.85,grocery,0
O001748,C00613,2026-05-24,820.81,beauty,0
O001749,C00613,2026-05-17,12770.77,electronics,0
O001750,C00613,2026-06-04,9348.29,home,0
O001751,C00613,2026-07-07,1875.31,home,0
O001752,C00613,2026-05-13,3036.52,home,0
O001753,C00613,2026-05-16,6632.82,apparel,1
O001754,C00859,2026-03-24,13722.7,electronics,0
O001755,C00859,2026-05-18,9952.51,apparel,0
O001756,C00859,2026-05-25,5802.35,home,0
O001757,C00185,2026-04-08,8185.48,home,0
O001758,C00185,2026-04-17,6747.01,beauty,0
O001759,C00185,2026-06-26,5499.95,beauty,0
O001760,C00185,2026-04-13,13288.57,apparel,1
O001761,C00185,2026-07-28,4488.03,apparel,0
O001762,C00185,2026-08-16,11235.68,electronics,0
O001763,C00185,2026-03-10,3225.18,beauty,0
O001764,C00185,2026-07-02,14749.05,electronics,0
O001765,C00741,2026-03-15,2173.28,beauty,0
O001766,C00741,2026-06-22,13876.35,beauty,0
O001767,C00741,2026-05-12,14377.88,electronics,0
O001768,C00741,2026-08-31,5358.57,electronics,0
O001769,C00741,2026-08-04,3776.62,home,0
O001770,C00741,2026-05-11,9077.18,electronics,0
O001771,C00741,2026-03-29,4555.16,beauty,0
O001772,C00741,2026-03-17,6605.59,grocery,0
O001773,C00202,2026-06-12,3046.85,home,0
O001774,C00202,2026-07-09,13003.25,apparel,0
O001775,C00202,2026-07-22,6608.64,beauty,0
O001776,C00202,2026-05-08,12206.3,grocery,0
O001777,C00827,2026-07-28,9626.81,apparel,0
O001778,C00827,2026-03-14,6198.86,home,1
O001779,C00827,2026-07-16,13957.75,beauty,0
O001780,C00827,2026-07-03,3234.76,electronics,1
O001781,C00827,2026-03-28,8017.08,apparel,0
O001782,C00827,2026-08-28,6563.32,electronics,0
O001783,C00827,2026-04-23,9764.94,home,0
O001784,C00827,2026-03-28,5644.57,home,1
O001785,C00827,2026-03-25,3930.44,electronics,0
O001786,C00827,2026-03-28,307.88,home,0
O001787,C00827,2026-06-06,7239.26,grocery,0
O001788,C00789,2026-08-07,4008.27,beauty,0
O001789,C00789,2026-06-15,4774.04,electronics,0
O001790,C00789,2026-05-23,10339.53,apparel,0
O001791,C00826,2026-03-27,8956.99,grocery,0
O001792,C00826,2026-07-03,9858.65,apparel,0
O001793,C00826,2026-07-20,1582.3,electronics,0
O001794,C00826,2026-03-12,11216.04,electronics,0
O001795,C00826,2026-04-05,14534.45,apparel,0
O001796,C00826,2026-05-11,6852.82,electronics,0
O001797,C00826,2026-08-12,8334.71,home,0
O001798,C00264,2026-05-05,14847.78,apparel,0
O001799,C00264,2026-07-23,2558.98,apparel,0
O001800,C00264,2026-06-03,8392.29,home,0
O001801,C00264,2026-07-19,11462.52,grocery,0
O001802,C00264,2026-05-23,13455.22,beauty,0
O001803,C00264,2026-03-19,2026.21,beauty,0
O001804,C00737,2026-07-20,11926.01,apparel,0
O001805,C00737,2026-07-23,10541.58,apparel,0
O001806,C00737,2026-04-12,14350.3,electronics,0
O001807,C00108,2026-04-10,6143.16,grocery,0
O001808,C00108,2026-07-10,14581.61,apparel,0
O001809,C00108,2026-03-13,7786.39,grocery,0
O001810,C00108,2026-05-26,6192.48,home,0
O001811,C00108,2026-07-26,352.93,grocery,0
O001812,C00498,2026-07-07,7838.1,grocery,0
O001813,C00498,2026-05-20,8018.58,home,0
O001814,C00498,2026-09-03,4656.55,home,0
O001815,C00498,2026-04-23,2815.3,electronics,0
O001816,C00498,2026-05-09,4590.1,apparel,0
O001817,C00006,2026-08-14,4275.39,electronics,0
O001818,C00006,2026-09-03,3960.42,apparel,0
O001819,C00006,2026-04-30,320.58,home,0
O001820,C00006,2026-07-22,14591.61,home,0
O001821,C00006,2026-03-25,10670.29,grocery,0
O001822,C00006,2026-07-19,2264.09,grocery,0
O001823,C00629,2026-04-12,12411.8,apparel,0
O001824,C00629,2026-03-09,4411.44,home,0
O001825,C00629,2026-08-29,8199.61,grocery,0
O001826,C00629,2026-03-25,11262.82,beauty,0
O001827,C00629,2026-07-16,4082.97,grocery,0
O001828,C00629,2026-04-04,12307.65,apparel,0
O001829,C00172,2026-04-13,8850.46,beauty,0
O001830,C00172,2026-06-02,3706.33,beauty,0
O001831,C00172,2026-08-30,13561.87,electronics,0
O001832,C00172,2026-05-08,7053.03,apparel,0
O001833,C00172,2026-08-08,7510.62,apparel,0
O001834,C00172,2026-08-10,609.4,apparel,0
O001835,C00172,2026-08-30,12317.24,grocery,0
O001836,C00614,2026-06-26,13664.23,beauty,0
O001837,C00614,2026-05-17,8043.64,electronics,0
O001838,C00614,2026-08-25,5854.76,electronics,0
O001839,C00614,2026-03-20,499.22,electronics,0
O001840,C00614,2026-03-11,11620.73,home,0
O001841,C00683,2026-04-08,9114.67,electronics,0
O001842,C00683,2026-08-22,1863.18,home,0
O001843,C00683,2026-05-29,1548.99,apparel,0
O001844,C00683,2026-08-03,8573.91,beauty,0
O001845,C00363,2026-08-13,8289.84,home,0
O001846,C00363,2026-07-22,2109.21,electronics,0
O001847,C00363,2026-09-03,4662.06,grocery,0
O001848,C00363,2026-03-18,6404.68,electronics,0
O001849,C00178,2026-03-24,6578.89,apparel,1
O001850,C00178,2026-05-10,4516.64,beauty,0
O001851,C00178,2026-03-30,10808.31,electronics,0
O001852,C00178,2026-05-13,14864.29,apparel,0
O001853,C00178,2026-04-19,14350.98,home,1
O001854,C00338,2026-08-23,13822.14,electronics,0
O001855,C00338,2026-07-26,2917.6,grocery,0
O001856,C00338,2026-04-13,2966.07,beauty,0
O001857,C00040,2026-09-01,10401.26,grocery,0
O001858,C00040,2026-08-26,5421.27,electronics,0
O001859,C00040,2026-05-15,7638.99,home,0
O001860,C00040,2026-08-10,12217.58,electronics,0
O001861,C00311,2026-07-14,2454.86,apparel,0
O001862,C00311,2026-07-20,10903.75,beauty,0
O001863,C00302,2026-07-20,6583.56,home,0
O001864,C00302,2026-07-01,5048.89,apparel,0
O001865,C00302,2026-04-28,5959.76,home,0
O001866,C00493,2026-06-02,11964.47,home,0
O001867,C00493,2026-07-10,14177.24,apparel,0
O001868,C00493,2026-08-28,8375.29,grocery,0
O001869,C00493,2026-07-06,8127.37,apparel,0
O001870,C00493,2026-05-13,8840.17,beauty,0
O001871,C00493,2026-03-15,11715.91,apparel,0
O001872,C00493,2026-06-02,3757.34,electronics,0
O001873,C00493,2026-05-02,12803.75,home,0
O001874,C00493,2026-03-17,14376.95,electronics,0
O001875,C00633,2026-08-18,5604.62,apparel,0
O001876,C00633,2026-06-12,2418.86,grocery,0
O001877,C00449,2026-03-28,2325.68,apparel,1
O001878,C00449,2026-08-04,687.3,beauty,0
O001879,C00449,2026-06-03,10610.61,grocery,0
O001880,C00449,2026-07-23,12610.33,apparel,1
O001881,C00449,2026-04-15,5669.09,electronics,1
O001882,C00449,2026-08-19,483.42,beauty,0
O001883,C00449,2026-04-03,2981.64,apparel,0
O001884,C00449,2026-06-07,10568.89,home,0
O001885,C00286,2026-07-02,5258.85,electronics,0
O001886,C00286,2026-06-23,2591.54,electronics,0
O001887,C00286,2026-03-18,2851.63,apparel,0
O001888,C00286,2026-05-16,12540.4,beauty,1
O001889,C00286,2026-07-24,12493.92,grocery,0
O001890,C00286,2026-07-31,10727.49,beauty,0
O001891,C00286,2026-07-01,4295.87,electronics,0
O001892,C00286,2026-07-17,14675.52,apparel,0
O001893,C00286,2026-05-19,6185.92,electronics,0
O001894,C00822,2026-07-12,9194.73,electronics,0
O001895,C00822,2026-03-14,7186.01,home,0
O001896,C00822,2026-09-02,6254.97,beauty,0
O001897,C00822,2026-04-22,12109.09,beauty,0
O001898,C00822,2026-07-16,1893.49,electronics,0
O001899,C00855,2026-08-01,12745.16,electronics,0
O001900,C00855,2026-08-17,2692.58,electronics,0
O001901,C00855,2026-03-21,9077.53,home,1
O001902,C00855,2026-03-18,3265.37,electronics,0
O001903,C00855,2026-03-10,1550.08,grocery,0
O001904,C00855,2026-05-24,8586.97,beauty,0
O001905,C00855,2026-05-03,4924.33,home,1
O001906,C00568,2026-07-18,7653.18,home,0
O001907,C00568,2026-07-07,10967.62,apparel,0
O001908,C00573,2026-04-19,6287.11,grocery,0
O001909,C00573,2026-05-07,12170.17,apparel,0
O001910,C00573,2026-08-06,12002.22,beauty,1
O001911,C00573,2026-07-27,12824.8,home,0
O001912,C00573,2026-03-11,10330.9,electronics,0
O001913,C00573,2026-04-17,1671.38,apparel,0
O001914,C00573,2026-07-20,12169.9,apparel,0
O001915,C00573,2026-08-30,2667.39,grocery,0
O001916,C00573,2026-06-29,11012.19,grocery,0
O001917,C00573,2026-04-01,5318.8,apparel,0
O001918,C00573,2026-03-09,5596.65,beauty,0
O001919,C00573,2026-05-01,10777.61,beauty,1
O001920,C00791,2026-05-15,2540.3,beauty,1
O001921,C00791,2026-04-02,519.64,home,1
O001922,C00791,2026-03-15,14543.52,electronics,0
O001923,C00791,2026-08-26,6985.68,apparel,0
O001924,C00791,2026-04-19,2673.65,home,0
O001925,C00610,2026-05-31,1611.67,apparel,0
O001926,C00610,2026-03-17,7072.89,beauty,0
O001927,C00610,2026-06-15,11518.25,beauty,0
O001928,C00610,2026-07-05,2364.57,electronics,0
O001929,C00610,2026-07-22,7477.41,home,0
O001930,C00610,2026-08-03,6193.81,grocery,0
O001931,C00610,2026-05-03,2196.07,home,0
O001932,C00610,2026-03-21,9482.09,home,0
O001933,C00610,2026-03-22,10328.35,grocery,0
O001934,C00610,2026-06-22,13197.91,electronics,0
O001935,C00610,2026-05-06,9764.84,apparel,0
O001936,C00151,2026-07-08,2625.63,beauty,0
O001937,C00151,2026-07-06,3578.85,beauty,0
O001938,C00151,2026-09-01,5429.39,beauty,0
O001939,C00151,2026-03-27,13531.86,beauty,0
O001940,C00151,2026-04-20,2950.02,electronics,1
O001941,C00151,2026-07-13,13860.61,beauty,0
O001942,C00151,2026-05-13,5132.19,home,0
O001943,C00151,2026-08-26,9184.23,apparel,0
O001944,C00151,2026-07-06,7300.43,home,0
O001945,C00151,2026-07-06,8312.69,beauty,0
O001946,C00901,2026-08-29,5006.74,electronics,1
O001947,C00901,2026-04-11,11680.82,electronics,0
O001948,C00901,2026-06-22,5613.94,beauty,0
O001949,C00901,2026-05-17,3437.29,apparel,0
O001950,C00734,2026-05-15,9644.6,electronics,0
O001951,C00734,2026-08-03,4326.41,electronics,1
O001952,C00521,2026-08-01,6935.89,beauty,0
O001953,C00521,2026-04-25,10143.77,home,0
O001954,C00521,2026-09-01,1090.01,beauty,0
O001955,C00521,2026-05-20,11371.69,apparel,0
O001956,C00521,2026-07-20,14146.54,beauty,0
O001957,C00521,2026-06-27,10425.81,apparel,0
O001958,C00115,2026-05-14,445.99,grocery,0
O001959,C00115,2026-04-06,10924.04,grocery,0
O001960,C00115,2026-03-17,5058.87,home,0
O001961,C00115,2026-05-18,13478.57,apparel,1
O001962,C00115,2026-05-23,4951.2,beauty,0
O001963,C00115,2026-03-22,10917.6,beauty,0
O001964,C00115,2026-03-15,12901.83,beauty,0
O001965,C00115,2026-03-20,8802.14,electronics,0
O001966,C00584,2026-05-27,3058.56,grocery,0
O001967,C00584,2026-06-11,9133.87,apparel,0
O001968,C00584,2026-06-27,14299.94,grocery,0
O001969,C00584,2026-06-29,5742.77,home,0
O001970,C00584,2026-03-11,13480.83,grocery,1
O001971,C00380,2026-07-12,6332.69,home,0
O001972,C00380,2026-03-12,6559.98,home,0
O001973,C00380,2026-05-25,2884.46,beauty,0
O001974,C00779,2026-06-27,9044.91,grocery,0
O001975,C00779,2026-05-31,4489.91,beauty,0
O001976,C00779,2026-09-02,10620.76,electronics,0
O001977,C00779,2026-09-01,12147.31,electronics,0
O001978,C00779,2026-08-16,541.47,beauty,0
O001979,C00779,2026-06-23,11324.17,grocery,0
O001980,C00779,2026-03-20,1765.62,beauty,0
O001981,C00250,2026-03-23,6483.42,apparel,0
O001982,C00250,2026-06-23,8408.34,electronics,0
O001983,C00250,2026-05-23,7202.74,electronics,0
O001984,C00250,2026-07-26,11968.14,beauty,0
O001985,C00250,2026-06-02,12360.14,beauty,0
O001986,C00250,2026-06-09,5807.26,apparel,1
O001987,C00250,2026-04-29,4233.85,home,0
O001988,C00250,2026-03-17,13569.29,beauty,0
O001989,C00250,2026-08-07,361.12,beauty,0
O001990,C00250,2026-07-22,685.83,home,1
O001991,C00881,2026-08-29,9119.2,home,0
O001992,C00881,2026-04-24,8711.16,beauty,0
O001993,C00881,2026-06-10,14610.31,apparel,0
O001994,C00881,2026-06-14,6081.77,electronics,0
O001995,C00881,2026-04-29,8794.45,apparel,0
O001996,C00881,2026-07-21,6039.05,apparel,0
O001997,C00881,2026-07-19,4976.44,apparel,0
O001998,C00881,2026-04-02,1763.8,apparel,0
O001999,C00881,2026-07-26,9582.18,beauty,0
O002000,C00881,2026-08-28,9521.58,home,0
O002001,C00883,2026-04-20,676.91,electronics,1
O002002,C00883,2026-07-15,9021.34,electronics,0
O002003,C00883,2026-04-15,8291.99,electronics,0
O002004,C00883,2026-06-27,671.76,apparel,0
O002005,C00883,2026-08-20,9626.61,home,0
O002006,C00883,2026-05-04,9892.08,apparel,0
O002007,C00883,2026-05-07,8170.63,apparel,0
O002008,C00883,2026-06-29,12164.33,beauty,0
O002009,C00883,2026-07-22,9991.09,home,0
O002010,C00883,2026-05-20,2413.41,electronics,1
O002011,C00771,2026-08-23,13044.0,electronics,0
O002012,C00771,2026-04-21,9059.65,electronics,0
O002013,C00771,2026-03-12,4151.32,apparel,0
O002014,C00771,2026-03-09,7565.4,home,1
O002015,C00771,2026-05-24,3357.2,electronics,0
O002016,C00771,2026-06-12,622.77,electronics,0
O002017,C00771,2026-06-06,9497.54,apparel,0
O002018,C00771,2026-05-21,5816.24,home,0
O002019,C00771,2026-08-03,6927.91,apparel,0
O002020,C00771,2026-08-20,449.06,apparel,0
O002021,C00771,2026-08-20,9578.84,electronics,0
O002022,C00771,2026-04-08,5339.31,home,0
O002023,C00362,2026-05-12,7969.7,home,1
O002024,C00362,2026-05-11,3134.83,electronics,0
O002025,C00362,2026-03-10,7914.53,apparel,0
O002026,C00362,2026-04-20,5663.89,apparel,0
O002027,C00362,2026-04-09,2336.91,electronics,1
O002028,C00362,2026-07-09,14115.77,home,0
O002029,C00362,2026-05-15,3228.79,electronics,0
O002030,C00362,2026-08-16,8407.01,home,0
O002031,C00362,2026-03-11,12192.47,beauty,0
O002032,C00565,2026-03-23,13858.52,home,0
O002033,C00565,2026-06-12,10399.74,home,0
O002034,C00565,2026-04-19,1812.55,grocery,0
O002035,C00565,2026-05-21,11973.26,beauty,0
O002036,C00565,2026-05-08,6858.52,grocery,0
O002037,C00565,2026-04-27,12293.62,grocery,0
O002038,C00565,2026-04-03,5930.77,apparel,0
O002039,C00565,2026-08-30,5797.22,electronics,0
O002040,C00565,2026-05-23,13374.91,grocery,0
O002041,C00565,2026-04-13,6324.18,grocery,0
O002042,C00173,2026-05-03,1985.35,home,0
O002043,C00173,2026-03-29,3032.95,apparel,0
O002044,C00173,2026-06-06,9957.23,home,1
O002045,C00173,2026-06-21,4922.46,electronics,0
O002046,C00173,2026-04-27,460.25,home,0
O002047,C00173,2026-04-13,8641.8,home,0
O002048,C00173,2026-06-30,8556.12,beauty,0
O002049,C00173,2026-03-20,3418.97,apparel,0
O002050,C00173,2026-07-08,4387.31,grocery,1
O002051,C00173,2026-04-14,12169.17,electronics,0
O002052,C00173,2026-07-15,9800.17,beauty,0
O002053,C00173,2026-06-28,5005.78,apparel,0
O002054,C00351,2026-07-23,7630.17,home,0
O002055,C00351,2026-08-07,2124.16,apparel,0
O002056,C00776,2026-04-07,4490.04,grocery,0
O002057,C00776,2026-04-20,13701.15,home,0
O002058,C00776,2026-08-09,14512.75,electronics,0
O002059,C00776,2026-04-20,13795.11,electronics,0
O002060,C00776,2026-05-07,539.2,beauty,0
O002061,C00776,2026-05-12,12096.95,home,0
O002062,C00776,2026-08-22,11379.28,beauty,0
O002063,C00776,2026-03-27,11686.82,beauty,0
O002064,C00776,2026-03-22,6081.91,beauty,0
O002065,C00776,2026-03-11,9724.13,electronics,0
O002066,C00776,2026-07-30,14084.25,electronics,0
O002067,C00192,2026-08-08,12434.21,apparel,0
O002068,C00192,2026-03-15,5046.03,beauty,1
O002069,C00038,2026-06-27,5722.53,grocery,0
O002070,C00038,2026-03-16,14031.42,electronics,0
O002071,C00038,2026-07-11,11838.68,electronics,0
O002072,C00038,2026-08-29,4773.06,home,1
O002073,C00038,2026-08-29,9307.43,beauty,0
O002074,C00187,2026-05-29,13895.42,grocery,0
O002075,C00187,2026-08-18,2156.44,apparel,0
O002076,C00187,2026-07-18,13350.64,beauty,0
O002077,C00187,2026-03-18,10123.06,grocery,0
O002078,C00187,2026-05-17,8794.91,beauty,0
O002079,C00187,2026-04-25,5032.1,beauty,0
O002080,C00314,2026-03-10,5489.24,apparel,0
O002081,C00314,2026-07-10,11108.44,apparel,0
O002082,C00314,2026-08-04,1404.62,beauty,0
O002083,C00314,2026-06-22,492.98,apparel,1
O002084,C00314,2026-06-24,5960.39,beauty,0
O002085,C00660,2026-09-02,12265.73,grocery,0
O002086,C00660,2026-05-28,4906.38,home,0
O002087,C00660,2026-06-16,9932.75,grocery,0
O002088,C00329,2026-04-27,14633.45,grocery,0
O002089,C00329,2026-04-25,11766.31,apparel,0
O002090,C00329,2026-03-11,6519.48,home,1
O002091,C00912,2026-04-07,2465.16,electronics,1
O002092,C00912,2026-08-28,3836.27,beauty,0
O002093,C00912,2026-08-31,720.22,grocery,1
O002094,C00912,2026-03-31,4204.01,grocery,1
O002095,C00912,2026-03-26,6642.66,apparel,1
O002096,C00912,2026-05-22,6633.47,home,1
O002097,C00912,2026-05-24,4307.06,electronics,1
O002098,C00912,2026-06-03,5923.08,beauty,1
O002099,C00912,2026-04-20,3084.91,apparel,1
O002100,C00912,2026-08-10,8084.57,beauty,1
O002101,C00912,2026-04-04,1905.01,electronics,1
O002102,C00481,2026-07-06,13457.36,grocery,0
O002103,C00481,2026-03-10,1267.96,electronics,0
O002104,C00481,2026-05-02,13274.22,beauty,0
O002105,C00481,2026-08-30,1789.17,home,0
O002106,C00481,2026-07-18,2814.13,apparel,0
O002107,C00481,2026-05-12,4533.49,grocery,0
O002108,C00481,2026-09-04,345.67,apparel,0
O002109,C00481,2026-09-02,10596.93,beauty,0
O002110,C00481,2026-06-05,12832.69,apparel,0
O002111,C00481,2026-05-12,10317.2,apparel,0
O002112,C00481,2026-08-02,13528.08,apparel,0
O002113,C00481,2026-08-26,10090.66,beauty,0
O002114,C00692,2026-06-26,14623.25,electronics,1
O002115,C00692,2026-06-25,11475.83,electronics,0
O002116,C00692,2026-08-09,14552.26,grocery,0
O002117,C00692,2026-06-22,13136.31,beauty,1
O002118,C00692,2026-06-04,12338.22,grocery,0
O002119,C00692,2026-05-10,4572.68,apparel,0
O002120,C00692,2026-08-22,2759.38,apparel,0
O002121,C00640,2026-06-26,7512.73,home,0
O002122,C00640,2026-08-23,4082.89,beauty,0
O002123,C00640,2026-04-14,7043.64,home,0
O002124,C00166,2026-03-26,13403.17,grocery,0
O002125,C00166,2026-04-11,4268.08,grocery,0
O002126,C00166,2026-07-02,604.69,beauty,0
O002127,C00166,2026-07-30,9992.69,apparel,0
O002128,C00166,2026-07-02,754.3,grocery,0
O002129,C00166,2026-08-05,14607.37,home,0
O002130,C00339,2026-05-30,9689.39,home,0
O002131,C00339,2026-05-08,10278.38,beauty,0
O002132,C00339,2026-04-10,13178.56,apparel,0
O002133,C00339,2026-05-24,10282.28,home,0
O002134,C00339,2026-03-18,6434.23,home,0
O002135,C00175,2026-04-22,8818.9,home,0
O002136,C00175,2026-08-19,2107.53,beauty,0
O002137,C00175,2026-04-24,11950.13,home,0
O002138,C00175,2026-05-29,14551.21,beauty,0
O002139,C00175,2026-07-17,2462.83,apparel,0
O002140,C00175,2026-08-12,4559.79,grocery,0
O002141,C00668,2026-08-27,4632.48,beauty,1
O002142,C00668,2026-04-12,4460.35,grocery,1
O002143,C00668,2026-08-10,7478.99,electronics,0
O002144,C00668,2026-03-10,10005.72,electronics,0
O002145,C00668,2026-08-27,2324.47,home,1
O002146,C00668,2026-07-21,7679.3,grocery,0
O002147,C00668,2026-04-05,1564.25,home,0
O002148,C00668,2026-06-05,11075.88,beauty,0
O002149,C00668,2026-05-19,1486.55,apparel,0
O002150,C00668,2026-05-16,14014.14,apparel,1
O002151,C00668,2026-06-18,9664.56,beauty,0
O002152,C00668,2026-04-14,13591.19,home,0
O002153,C00104,2026-03-24,2847.54,beauty,0
O002154,C00104,2026-04-27,5040.45,grocery,0
O002155,C00104,2026-06-06,11584.61,home,0
O002156,C00104,2026-06-06,8447.97,home,0
O002157,C00104,2026-08-28,4670.81,beauty,0
O002158,C00104,2026-03-13,5826.7,beauty,0
O002159,C00801,2026-07-21,14042.73,home,0
O002160,C00801,2026-07-02,6586.74,beauty,0
O002161,C00801,2026-04-02,7080.87,grocery,0
O002162,C00850,2026-03-09,6487.5,apparel,0
O002163,C00850,2026-09-01,4745.13,apparel,0
O002164,C00667,2026-06-03,8613.95,home,0
O002165,C00667,2026-03-31,12723.08,apparel,1
O002166,C00667,2026-03-26,387.51,grocery,0
O002167,C00667,2026-08-11,1098.89,electronics,0
O002168,C00667,2026-05-14,14796.75,electronics,0
O002169,C00667,2026-08-19,1731.77,home,0
O002170,C00667,2026-04-09,10451.72,electronics,0
O002171,C00667,2026-04-21,8893.88,grocery,0
O002172,C00667,2026-07-25,1079.4,apparel,0
O002173,C00667,2026-08-02,8562.12,beauty,0
O002174,C00667,2026-06-23,13457.27,apparel,0
O002175,C00539,2026-03-10,10871.39,electronics,0
O002176,C00539,2026-04-13,9467.86,apparel,0
O002177,C00539,2026-04-14,300.52,grocery,0
O002178,C00539,2026-05-31,7941.39,apparel,0
O002179,C00539,2026-07-23,7264.01,grocery,0
O002180,C00539,2026-04-10,1118.1,electronics,0
O002181,C00011,2026-03-28,12673.3,grocery,0
O002182,C00011,2026-07-12,9307.57,beauty,0
O002183,C00011,2026-08-10,9372.23,beauty,0
O002184,C00011,2026-07-05,618.37,apparel,0
O002185,C00011,2026-07-27,9964.74,apparel,0
O002186,C00011,2026-07-15,10584.54,apparel,0
O002187,C00557,2026-04-11,4554.9,electronics,0
O002188,C00557,2026-03-22,7546.57,home,0
O002189,C00557,2026-05-16,10555.49,electronics,0
O002190,C00557,2026-09-01,12258.36,apparel,0
O002191,C00557,2026-09-01,7019.11,grocery,1
O002192,C00557,2026-06-18,8833.91,electronics,0
O002193,C00557,2026-08-08,13430.35,grocery,0
O002194,C00557,2026-04-02,13649.19,home,0
O002195,C00557,2026-06-18,7178.23,beauty,0
O002196,C00487,2026-06-28,12957.03,apparel,0
O002197,C00487,2026-09-01,10681.5,beauty,0
O002198,C00487,2026-06-11,2865.1,apparel,0
O002199,C00487,2026-07-27,10872.37,home,0
O002200,C00487,2026-03-09,12922.36,apparel,0
O002201,C00487,2026-07-20,11510.33,home,0
O002202,C00353,2026-05-19,12638.08,beauty,1
O002203,C00353,2026-06-26,7234.76,apparel,0
O002204,C00353,2026-03-27,13932.96,grocery,0
O002205,C00353,2026-06-01,10557.2,grocery,0
O002206,C00353,2026-03-29,5417.0,grocery,0
O002207,C00353,2026-08-06,1293.28,electronics,0
O002208,C00353,2026-03-30,2639.94,electronics,0
O002209,C00353,2026-06-14,7641.68,beauty,0
O002210,C00345,2026-06-01,11069.91,apparel,0
O002211,C00345,2026-04-19,13247.1,beauty,0
O002212,C00345,2026-06-20,6474.83,electronics,0
O002213,C00345,2026-05-20,3982.11,electronics,1
O002214,C00345,2026-05-12,1371.36,home,0
O002215,C00345,2026-06-23,12657.99,apparel,0
O002216,C00345,2026-06-23,10571.27,beauty,0
O002217,C00480,2026-03-24,8734.56,apparel,0
O002218,C00480,2026-07-28,7519.21,home,0
O002219,C00480,2026-07-01,11209.66,beauty,0
O002220,C00480,2026-08-27,12187.48,apparel,0
O002221,C00020,2026-05-08,3292.03,apparel,0
O002222,C00020,2026-06-27,5585.55,beauty,0
O002223,C00020,2026-08-01,13008.02,home,0
O002224,C00566,2026-06-07,14378.83,grocery,0
O002225,C00566,2026-07-21,12536.32,grocery,0
O002226,C00566,2026-06-08,7662.5,home,0
O002227,C00566,2026-04-10,8512.85,apparel,0
O002228,C00469,2026-07-23,8666.54,apparel,0
O002229,C00469,2026-07-21,4683.94,electronics,0
O002230,C00469,2026-03-27,1056.74,grocery,0
O002231,C00159,2026-05-22,12373.52,home,1
O002232,C00159,2026-06-24,3995.31,home,0
O002233,C00159,2026-06-17,13110.66,home,1
O002234,C00159,2026-03-17,8757.73,grocery,1
O002235,C00159,2026-07-24,7650.69,beauty,0
O002236,C00159,2026-03-18,8325.34,electronics,0
O002237,C00159,2026-08-01,14072.83,home,0
O002238,C00597,2026-08-06,5217.76,electronics,0
O002239,C00597,2026-05-13,8342.18,home,0
O002240,C00597,2026-09-03,10051.04,electronics,0
O002241,C00597,2026-04-23,1371.8,grocery,0
O002242,C00597,2026-06-09,10635.44,electronics,0
O002243,C00597,2026-06-20,1340.22,beauty,0
O002244,C00597,2026-08-04,9302.76,electronics,0
O002245,C00597,2026-08-12,7337.94,apparel,0
O002246,C00597,2026-07-22,913.59,electronics,0
O002247,C00597,2026-07-04,3611.1,home,0
O002248,C00597,2026-08-22,4760.25,apparel,0
O002249,C00597,2026-04-19,1113.74,apparel,1
O002250,C00253,2026-03-22,5877.01,electronics,0
O002251,C00253,2026-06-23,1066.46,beauty,0
O002252,C00253,2026-05-20,6616.86,beauty,0
O002253,C00253,2026-07-05,1999.07,electronics,0
O002254,C00253,2026-04-08,14743.26,home,0
O002255,C00253,2026-06-15,5343.95,electronics,0
O002256,C00253,2026-09-01,1652.26,electronics,0
O002257,C00253,2026-06-29,11287.89,grocery,0
O002258,C00253,2026-06-10,14866.8,electronics,0
O002259,C00253,2026-08-30,3973.86,electronics,0
O002260,C00097,2026-04-11,4917.65,grocery,0
O002261,C00097,2026-08-12,3890.39,home,0
O002262,C00097,2026-06-15,6147.93,electronics,1
O002263,C00383,2026-05-01,3977.92,grocery,1
O002264,C00383,2026-05-12,10667.25,home,0
O002265,C00383,2026-08-27,12923.77,beauty,0
O002266,C00383,2026-05-08,14138.98,grocery,0
O002267,C00383,2026-08-24,9908.56,grocery,0
O002268,C00383,2026-03-19,4987.23,grocery,0
O002269,C00383,2026-07-14,1093.76,beauty,0
O002270,C00383,2026-03-27,9441.52,home,0
O002271,C00383,2026-06-16,13707.12,grocery,1
O002272,C00383,2026-04-04,11206.06,apparel,0
O002273,C00383,2026-04-10,10956.19,apparel,0
O002274,C00383,2026-07-27,3756.05,beauty,1
O002275,C00821,2026-08-02,12593.98,home,1
O002276,C00821,2026-06-09,5947.4,electronics,0
O002277,C00821,2026-04-09,12862.24,beauty,1
O002278,C00821,2026-03-09,12982.76,beauty,0
O002279,C00821,2026-03-19,3599.39,beauty,0
O002280,C00821,2026-04-12,6636.95,electronics,0
O002281,C00821,2026-06-24,760.2,home,0
O002282,C00821,2026-04-19,13677.79,home,0
O002283,C00821,2026-07-06,13639.51,grocery,0
O002284,C00821,2026-05-05,701.97,grocery,0
O002285,C00821,2026-06-21,6584.97,electronics,0
O002286,C00821,2026-04-02,8433.42,home,0
O002287,C00289,2026-07-08,8717.26,grocery,0
O002288,C00289,2026-09-04,4123.48,beauty,0
O002289,C00289,2026-08-18,14891.41,apparel,0
O002290,C00289,2026-04-22,523.2,home,0
O002291,C00289,2026-04-04,3974.01,grocery,0
O002292,C00289,2026-07-15,8694.91,electronics,0
O002293,C00289,2026-04-08,5616.91,home,0
O002294,C00289,2026-03-20,12210.81,grocery,0
O002295,C00289,2026-04-26,4811.36,home,0
O002296,C00289,2026-03-26,12759.61,beauty,0
O002297,C00873,2026-05-01,5573.24,grocery,1
O002298,C00873,2026-05-02,1161.2,electronics,0
O002299,C00873,2026-06-11,9271.83,home,0
O002300,C00873,2026-05-02,6774.46,home,0
O002301,C00873,2026-07-14,4359.32,beauty,0
O002302,C00873,2026-04-19,9565.97,apparel,0
O002303,C00873,2026-07-28,9942.88,apparel,0
O002304,C00873,2026-04-03,865.98,grocery,0
O002305,C00873,2026-09-04,8824.39,electronics,0
O002306,C00181,2026-08-01,1193.95,home,0
O002307,C00181,2026-08-23,536.94,home,0
O002308,C00181,2026-06-18,957.58,apparel,0
O002309,C00181,2026-08-01,1438.94,beauty,0
O002310,C00181,2026-03-30,1438.52,apparel,0
O002311,C00181,2026-03-21,5758.98,beauty,0
O002312,C00181,2026-05-29,6569.19,home,1
O002313,C00181,2026-05-17,5100.15,home,0
O002314,C00181,2026-06-29,6299.62,home,0
O002315,C00181,2026-07-03,14610.47,grocery,0
O002316,C00703,2026-07-24,13704.53,electronics,0
O002317,C00703,2026-04-16,3408.75,home,0
O002318,C00732,2026-07-23,11208.04,grocery,0
O002319,C00732,2026-03-10,14117.12,beauty,0
O002320,C00732,2026-07-17,779.21,apparel,0
O002321,C00732,2026-04-02,14967.97,electronics,0
O002322,C00732,2026-07-29,14391.79,apparel,0
O002323,C00732,2026-07-08,14967.85,grocery,0
O002324,C00732,2026-07-29,8222.82,electronics,0
O002325,C00732,2026-03-11,8058.02,electronics,0
O002326,C00732,2026-04-02,9990.21,grocery,0
O002327,C00732,2026-03-16,4256.99,grocery,0
O002328,C00559,2026-07-10,14668.88,apparel,0
O002329,C00559,2026-04-18,11298.37,electronics,0
O002330,C00559,2026-03-18,6841.61,beauty,0
O002331,C00559,2026-05-01,5474.17,grocery,0
O002332,C00559,2026-07-25,5625.77,beauty,1
O002333,C00559,2026-07-22,6899.83,beauty,0
O002334,C00843,2026-04-06,12453.72,apparel,0
O002335,C00843,2026-04-20,3900.68,beauty,0
O002336,C00843,2026-08-21,10088.77,grocery,0
O002337,C00843,2026-04-03,4517.21,home,0
O002338,C00843,2026-04-03,6304.99,grocery,0
O002339,C00304,2026-07-26,13528.13,beauty,0
O002340,C00304,2026-06-02,2075.6,home,1
O002341,C00304,2026-06-13,10757.31,beauty,0
O002342,C00304,2026-05-17,2158.05,electronics,0
O002343,C00122,2026-08-21,2753.95,electronics,1
O002344,C00122,2026-04-02,13043.14,beauty,0
O002345,C00122,2026-07-22,5509.21,beauty,0
O002346,C00122,2026-08-26,3849.09,home,0
O002347,C00122,2026-03-29,13492.17,home,0
O002348,C00122,2026-04-25,9364.46,electronics,0
O002349,C00122,2026-05-20,13834.64,beauty,0
O002350,C00122,2026-07-26,9573.23,beauty,0
O002351,C00091,2026-04-15,10938.5,grocery,0
O002352,C00091,2026-03-17,14068.34,electronics,0
O002353,C00091,2026-08-30,414.42,grocery,0
O002354,C00091,2026-08-06,9846.25,beauty,0
O002355,C00091,2026-08-03,2897.82,grocery,0
O002356,C00091,2026-04-03,11663.19,apparel,0
O002357,C00409,2026-06-14,1009.83,grocery,0
O002358,C00409,2026-03-27,8823.47,beauty,0
O002359,C00409,2026-05-29,5945.8,apparel,0
O002360,C00409,2026-05-13,916.44,apparel,0
O002361,C00409,2026-08-28,4390.37,grocery,0
O002362,C00409,2026-03-18,5405.98,apparel,0
O002363,C00698,2026-05-27,2789.02,home,0
O002364,C00698,2026-04-27,11375.99,apparel,0
O002365,C00698,2026-05-24,2372.75,apparel,0
O002366,C00936,2026-04-16,11396.51,electronics,1
O002367,C00936,2026-03-09,884.25,grocery,1
O002368,C00936,2026-07-19,3168.45,beauty,1
O002369,C00936,2026-08-16,678.93,apparel,1
O002370,C00936,2026-03-20,14233.83,beauty,1
O002371,C00936,2026-05-14,7957.14,beauty,1
O002372,C00936,2026-07-25,1911.34,electronics,1
O002373,C00936,2026-08-09,6654.31,home,1
O002374,C00936,2026-07-02,2311.23,home,1
O002375,C00936,2026-04-22,2012.0,home,1
O002376,C00295,2026-08-16,2603.89,home,1
O002377,C00295,2026-06-02,9570.17,grocery,0
O002378,C00295,2026-06-05,1389.1,home,0
O002379,C00817,2026-06-06,14005.81,grocery,0
O002380,C00817,2026-05-17,12669.04,electronics,0
O002381,C00029,2026-05-25,13120.09,apparel,0
O002382,C00029,2026-08-31,4199.7,apparel,0
O002383,C00029,2026-06-30,3050.44,beauty,0
O002384,C00029,2026-03-27,3219.02,electronics,0
O002385,C00029,2026-07-05,12900.2,apparel,0
O002386,C00029,2026-06-21,1288.74,grocery,1
O002387,C00029,2026-04-21,10736.86,electronics,0
O002388,C00029,2026-04-03,4167.19,beauty,0
O002389,C00029,2026-08-05,3750.32,home,0
O002390,C00029,2026-03-22,9957.03,apparel,0
O002391,C00029,2026-07-19,12658.17,home,0
O002392,C00029,2026-03-13,7506.26,beauty,0
O002393,C00274,2026-07-13,7370.1,electronics,0
O002394,C00274,2026-04-09,14454.91,home,0
O002395,C00274,2026-07-03,6873.44,apparel,0
O002396,C00274,2026-03-26,2002.54,beauty,0
O002397,C00274,2026-05-28,10011.01,home,0
O002398,C00274,2026-07-19,10660.84,beauty,0
O002399,C00274,2026-08-27,13000.94,grocery,0
O002400,C00274,2026-08-13,3752.44,home,0
O002401,C00274,2026-07-20,3462.06,beauty,0
O002402,C00274,2026-07-31,11645.44,home,0
O002403,C00274,2026-03-23,6345.07,beauty,0
O002404,C00534,2026-06-08,11004.35,home,0
O002405,C00534,2026-05-05,970.74,beauty,0
O002406,C00534,2026-05-21,8715.83,apparel,0
O002407,C00534,2026-08-24,11759.41,electronics,0
O002408,C00534,2026-07-05,9315.57,home,0
O002409,C00534,2026-03-16,8234.58,electronics,0
O002410,C00534,2026-08-23,1626.71,home,0
O002411,C00534,2026-04-08,11572.58,grocery,0
O002412,C00945,2026-06-30,7924.14,home,1
O002413,C00945,2026-08-01,14782.69,grocery,1
O002414,C00945,2026-06-20,10851.96,home,1
O002415,C00337,2026-04-20,11080.01,electronics,0
O002416,C00337,2026-04-01,594.42,grocery,1
O002417,C00337,2026-08-08,6149.68,beauty,1
O002418,C00337,2026-03-14,4461.42,electronics,1
O002419,C00761,2026-04-29,10414.63,electronics,0
O002420,C00761,2026-04-26,2117.55,beauty,0
O002421,C00761,2026-08-19,2228.54,home,0
O002422,C00761,2026-07-31,1424.95,grocery,0
O002423,C00761,2026-06-22,11507.07,beauty,0
O002424,C00052,2026-08-15,2532.16,grocery,0
O002425,C00052,2026-05-01,3155.98,grocery,0
O002426,C00082,2026-03-21,6549.74,electronics,0
O002427,C00082,2026-07-07,7045.91,electronics,0
O002428,C00082,2026-05-23,9943.95,beauty,0
O002429,C00082,2026-05-24,6614.16,apparel,0
O002430,C00082,2026-04-09,8546.65,beauty,0
O002431,C00082,2026-04-07,10632.33,grocery,0
O002432,C00120,2026-06-27,14286.42,grocery,0
O002433,C00120,2026-03-24,6948.37,grocery,0
O002434,C00120,2026-08-11,6141.02,apparel,0
O002435,C00120,2026-08-24,7309.05,electronics,0
O002436,C00120,2026-04-17,5186.8,electronics,0
O002437,C00300,2026-04-01,3352.92,beauty,0
O002438,C00300,2026-05-29,1533.17,beauty,0
O002439,C00300,2026-06-11,7260.67,grocery,0
O002440,C00905,2026-03-11,11185.51,apparel,1
O002441,C00905,2026-06-14,10428.26,grocery,1
O002442,C00905,2026-03-19,381.91,apparel,1
O002443,C00905,2026-05-19,11982.03,grocery,1
O002444,C00905,2026-05-26,14404.29,apparel,1
O002445,C00272,2026-06-25,7400.05,grocery,0
O002446,C00272,2026-08-27,14893.5,electronics,0
O002447,C00272,2026-05-19,6557.82,electronics,0
O002448,C00272,2026-08-19,11426.23,apparel,0
O002449,C00272,2026-05-29,2085.72,apparel,0
O002450,C00272,2026-08-19,14587.17,electronics,0
O002451,C00272,2026-09-01,7579.21,grocery,0
O002452,C00242,2026-05-24,436.1,electronics,0
O002453,C00242,2026-06-06,4625.09,home,0
O002454,C00242,2026-08-02,9341.98,home,0
O002455,C00242,2026-08-26,2739.4,home,0
O002456,C00242,2026-08-29,3305.59,grocery,0
O002457,C00242,2026-03-16,5757.42,grocery,0
O002458,C00242,2026-05-22,7104.34,home,0
O002459,C00242,2026-04-23,10885.91,apparel,0
O002460,C00242,2026-07-23,10811.7,beauty,0
O002461,C00030,2026-05-24,2934.62,beauty,0
O002462,C00030,2026-04-07,14661.55,home,1
O002463,C00388,2026-03-25,1692.3,grocery,0
O002464,C00388,2026-06-27,2599.86,home,0
O002465,C00388,2026-06-16,13285.14,home,0
O002466,C00388,2026-08-12,13939.83,home,0
O002467,C00388,2026-05-24,13699.21,beauty,0
O002468,C00909,2026-05-18,5698.94,beauty,1
O002469,C00909,2026-05-18,8548.35,apparel,0
O002470,C00909,2026-03-20,2540.6,apparel,1
O002471,C00909,2026-05-06,4165.18,electronics,1
O002472,C00909,2026-06-29,7978.07,beauty,1
O002473,C00909,2026-05-03,11648.09,grocery,1
O002474,C00909,2026-08-07,14509.89,grocery,1
O002475,C00909,2026-08-04,7259.08,apparel,1
O002476,C00909,2026-08-08,3707.92,apparel,1
O002477,C00909,2026-04-27,12109.3,apparel,1
O002478,C00909,2026-05-06,7289.32,electronics,1
O002479,C00113,2026-07-14,12166.35,beauty,1
O002480,C00113,2026-03-16,5108.21,grocery,0
O002481,C00113,2026-06-02,3839.36,beauty,0
O002482,C00113,2026-05-31,5967.29,beauty,0
O002483,C00113,2026-05-24,12628.15,home,0
O002484,C00113,2026-04-16,13284.3,apparel,0
O002485,C00113,2026-07-19,14198.7,home,0
O002486,C00306,2026-05-07,8539.14,beauty,0
O002487,C00306,2026-07-04,3982.92,electronics,0
O002488,C00306,2026-08-05,6700.58,home,0
O002489,C00306,2026-04-14,13032.24,beauty,0
O002490,C00164,2026-07-26,13181.53,apparel,0
O002491,C00164,2026-04-21,2931.38,electronics,0
O002492,C00164,2026-06-27,5606.57,apparel,0
O002493,C00164,2026-05-28,4862.74,electronics,1
O002494,C00164,2026-05-14,13762.36,grocery,0
O002495,C00164,2026-03-10,9219.58,electronics,0
O002496,C00164,2026-05-06,9732.61,beauty,0
O002497,C00164,2026-07-12,10523.84,home,1
O002498,C00164,2026-07-04,1141.24,grocery,0
O002499,C00164,2026-05-21,12988.82,beauty,0
O002500,C00164,2026-04-10,9593.93,beauty,0
O002501,C00164,2026-06-05,11324.06,grocery,0
O002502,C00014,2026-04-14,723.9,apparel,1
O002503,C00014,2026-04-03,2900.54,apparel,0
O002504,C00014,2026-08-20,12560.75,electronics,1
O002505,C00093,2026-04-10,12910.99,home,0
O002506,C00093,2026-05-22,3154.48,grocery,0
O002507,C00947,2026-07-27,12768.98,home,1
O002508,C00947,2026-08-06,13614.15,grocery,0
O002509,C00199,2026-04-04,12614.44,electronics,0
O002510,C00199,2026-06-01,12428.2,grocery,0
O002511,C00199,2026-08-27,4219.55,apparel,0
O002512,C00199,2026-08-17,4350.22,apparel,0
O002513,C00199,2026-03-31,6316.0,electronics,0
O002514,C00199,2026-03-26,8540.22,electronics,0
O002515,C00199,2026-05-05,8652.15,electronics,0
O002516,C00165,2026-04-06,1595.98,electronics,0
O002517,C00165,2026-04-27,1570.34,home,0
O002518,C00165,2026-04-20,14496.75,apparel,0
O002519,C00165,2026-08-08,3497.63,home,0
O002520,C00165,2026-05-27,13194.82,apparel,0
O002521,C00165,2026-07-16,10309.09,apparel,0
O002522,C00165,2026-04-04,11150.22,home,0
O002523,C00165,2026-09-03,10676.94,apparel,1
O002524,C00165,2026-08-16,8606.09,beauty,0
O002525,C00165,2026-07-30,3067.21,apparel,0
O002526,C00165,2026-05-14,4635.51,beauty,0
O002527,C00258,2026-07-14,11653.85,grocery,0
O002528,C00258,2026-06-24,9576.09,apparel,0
O002529,C00258,2026-07-22,12570.45,beauty,1
O002530,C00258,2026-05-10,8660.06,beauty,0
O002531,C00258,2026-04-29,12220.35,home,0
O002532,C00258,2026-07-17,10584.91,grocery,0
O002533,C00714,2026-04-07,11976.14,electronics,0
O002534,C00714,2026-03-28,3397.61,apparel,0
O002535,C00714,2026-07-18,762.29,electronics,0
O002536,C00714,2026-06-16,9577.37,beauty,0
O002537,C00714,2026-08-21,8926.27,home,0
O002538,C00714,2026-06-16,9977.08,electronics,0
O002539,C00714,2026-07-10,1837.81,home,0
O002540,C00714,2026-08-28,416.11,beauty,0
O002541,C00714,2026-03-16,5249.08,electronics,0
O002542,C00714,2026-06-20,5562.67,apparel,0
O002543,C00709,2026-07-29,9364.2,grocery,0
O002544,C00709,2026-06-12,6694.04,beauty,0
O002545,C00709,2026-07-02,3880.75,home,0
O002546,C00709,2026-07-20,7393.6,beauty,0
O002547,C00709,2026-07-06,14570.26,apparel,0
O002548,C00709,2026-03-28,13542.72,grocery,0
O002549,C00709,2026-07-30,6560.65,home,0
O002550,C00709,2026-07-07,6191.03,electronics,0
O002551,C00709,2026-05-27,2745.86,home,0
O002552,C00572,2026-04-06,14159.84,apparel,0
O002553,C00572,2026-07-11,8649.43,apparel,0
O002554,C00572,2026-04-24,5197.26,electronics,0
O002555,C00572,2026-07-27,4846.32,apparel,0
O002556,C00572,2026-05-08,7043.09,apparel,0
O002557,C00572,2026-09-01,9981.55,apparel,0
O002558,C00572,2026-08-15,4728.85,electronics,0
O002559,C00572,2026-07-25,12909.1,beauty,0
O002560,C00572,2026-03-25,3897.57,grocery,0
O002561,C00572,2026-07-14,5801.59,beauty,0
O002562,C00572,2026-07-03,1768.73,grocery,0
O002563,C00379,2026-06-27,5831.49,beauty,0
O002564,C00379,2026-07-19,11516.93,electronics,0
O002565,C00379,2026-05-21,4979.84,apparel,0
O002566,C00379,2026-04-29,5108.54,home,0
O002567,C00379,2026-04-20,11036.47,beauty,0
O002568,C00379,2026-04-17,8151.49,home,0
O002569,C00379,2026-06-25,11184.31,grocery,0
O002570,C00379,2026-05-13,13318.15,apparel,1
O002571,C00379,2026-08-12,5726.25,home,0
O002572,C00379,2026-04-24,323.4,grocery,0
O002573,C00379,2026-08-28,13744.41,apparel,0
O002574,C00379,2026-04-04,3063.17,apparel,0
O002575,C00391,2026-07-26,5291.92,apparel,0
O002576,C00391,2026-05-02,4488.97,beauty,0
O002577,C00391,2026-06-06,7365.59,home,0
O002578,C00391,2026-04-14,6499.53,apparel,0
O002579,C00391,2026-08-28,7905.02,electronics,0
O002580,C00391,2026-05-18,1514.81,electronics,0
O002581,C00505,2026-07-16,4989.68,grocery,1
O002582,C00505,2026-03-20,10388.59,electronics,0
O002583,C00505,2026-05-18,14410.84,beauty,0
O002584,C00505,2026-06-20,1101.32,beauty,0
O002585,C00505,2026-04-23,9621.52,grocery,0
O002586,C00505,2026-04-21,13650.7,grocery,0
O002587,C00505,2026-04-25,7261.15,home,0
O002588,C00505,2026-04-28,14585.02,electronics,0
O002589,C00505,2026-04-17,14716.8,grocery,0
O002590,C00505,2026-08-14,13093.62,electronics,0
O002591,C00505,2026-03-15,5255.6,grocery,0
O002592,C00505,2026-08-13,7868.98,grocery,0
O002593,C00366,2026-07-20,7132.02,electronics,0
O002594,C00366,2026-04-24,7497.43,home,0
O002595,C00366,2026-03-24,9110.12,home,0
O002596,C00366,2026-03-24,5260.69,home,0
O002597,C00366,2026-07-24,645.9,home,0
O002598,C00366,2026-08-18,5546.21,electronics,0
O002599,C00366,2026-05-19,4675.95,electronics,0
O002600,C00366,2026-08-20,5551.49,electronics,0
O002601,C00366,2026-07-16,6124.35,apparel,0
O002602,C00457,2026-06-19,7553.72,home,0
O002603,C00457,2026-06-13,7033.05,grocery,0
O002604,C00457,2026-05-26,12435.9,grocery,0
O002605,C00558,2026-03-14,1425.08,home,0
O002606,C00558,2026-05-20,9257.5,electronics,1
O002607,C00558,2026-07-26,14709.92,electronics,0
O002608,C00558,2026-04-29,9660.09,home,0
O002609,C00558,2026-05-19,629.04,home,0
O002610,C00558,2026-08-23,11217.47,electronics,0
O002611,C00558,2026-06-07,6671.5,electronics,0
O002612,C00558,2026-08-07,8692.16,home,0
O002613,C00558,2026-07-28,8225.62,apparel,0
O002614,C00558,2026-05-23,1017.82,grocery,0
O002615,C00558,2026-09-02,11482.57,beauty,0
O002616,C00520,2026-07-20,10170.16,grocery,0
O002617,C00520,2026-06-26,2964.53,home,0
O002618,C00520,2026-07-18,6285.59,electronics,0
O002619,C00520,2026-04-30,9961.03,home,0
O002620,C00520,2026-06-13,9106.47,home,0
O002621,C00520,2026-05-12,3604.92,home,0
O002622,C00442,2026-08-10,4531.12,grocery,0
O002623,C00442,2026-06-05,8942.34,grocery,0
O002624,C00442,2026-05-25,6018.88,grocery,0
O002625,C00442,2026-06-30,5306.76,home,0
O002626,C00442,2026-07-25,2531.15,beauty,0
O002627,C00461,2026-08-29,6223.19,grocery,0
O002628,C00461,2026-07-26,9581.35,grocery,0
O002629,C00461,2026-08-10,1521.45,grocery,0
O002630,C00461,2026-04-30,4589.8,home,0
O002631,C00461,2026-07-27,7170.49,apparel,0
O002632,C00634,2026-08-05,9476.7,grocery,0
O002633,C00634,2026-08-31,14938.64,electronics,0
O002634,C00634,2026-09-02,4473.15,beauty,0
O002635,C00634,2026-07-10,5816.68,grocery,0
O002636,C00634,2026-05-13,9224.69,electronics,0
O002637,C00634,2026-04-16,3509.09,electronics,0
O002638,C00634,2026-05-18,2925.75,apparel,0
O002639,C00634,2026-04-24,14770.43,beauty,0
O002640,C00634,2026-06-01,5474.76,apparel,0
O002641,C00634,2026-05-19,9108.95,home,0
O002642,C00634,2026-06-26,9565.05,home,0
O002643,C00674,2026-06-08,7574.05,beauty,0
O002644,C00674,2026-08-22,13890.89,apparel,0
O002645,C00674,2026-04-30,2911.11,home,0
O002646,C00674,2026-05-24,12499.03,beauty,1
O002647,C00674,2026-05-23,10345.27,electronics,0
O002648,C00674,2026-07-28,9900.63,beauty,0
O002649,C00674,2026-07-02,9655.33,grocery,0
O002650,C00674,2026-08-06,9262.68,grocery,0
O002651,C00674,2026-06-14,9113.65,beauty,0
O002652,C00674,2026-05-22,5077.8,apparel,0
O002653,C00763,2026-08-12,7237.13,electronics,0
O002654,C00763,2026-03-21,633.98,grocery,0
O002655,C00763,2026-05-31,9915.51,grocery,0
O002656,C00763,2026-04-18,3137.56,apparel,0
O002657,C00215,2026-08-31,14075.97,apparel,0
O002658,C00215,2026-05-02,4606.83,electronics,0
O002659,C00215,2026-04-02,7079.34,apparel,0
O002660,C00215,2026-03-24,6821.7,apparel,0
O002661,C00215,2026-04-12,14600.24,grocery,0
O002662,C00215,2026-05-14,12114.2,home,0
O002663,C00215,2026-05-03,13660.52,apparel,0
O002664,C00215,2026-05-19,14448.37,electronics,0
O002665,C00215,2026-03-13,10325.75,beauty,0
O002666,C00585,2026-06-20,12973.88,electronics,0
O002667,C00585,2026-07-22,14376.35,grocery,0
O002668,C00585,2026-09-01,11715.97,grocery,1
O002669,C00585,2026-03-10,6746.26,electronics,0
O002670,C00585,2026-06-28,6156.43,electronics,0
O002671,C00585,2026-05-12,10834.38,grocery,0
O002672,C00585,2026-09-04,6768.67,electronics,0
O002673,C00585,2026-08-18,12751.93,grocery,1
O002674,C00585,2026-07-07,1943.22,apparel,0
O002675,C00585,2026-09-03,9951.09,apparel,0
O002676,C00197,2026-05-07,9737.92,electronics,0
O002677,C00197,2026-06-15,10723.52,apparel,0
O002678,C00197,2026-03-25,5333.91,beauty,0
O002679,C00197,2026-08-14,6920.53,home,0
O002680,C00197,2026-05-14,9038.09,apparel,0
O002681,C00720,2026-04-13,681.33,home,0
O002682,C00720,2026-08-03,10792.91,home,0
O002683,C00720,2026-05-25,2627.05,home,0
O002684,C00720,2026-07-02,6765.98,home,0
O002685,C00687,2026-04-05,4597.29,beauty,0
O002686,C00687,2026-05-10,3650.4,apparel,0
O002687,C00687,2026-08-08,2480.94,electronics,0
O002688,C00687,2026-05-20,10900.75,grocery,0
O002689,C00852,2026-06-28,13530.06,home,0
O002690,C00852,2026-05-22,8930.89,grocery,0
O002691,C00852,2026-05-25,5803.13,beauty,0
O002692,C00852,2026-05-06,13100.5,beauty,0
O002693,C00852,2026-08-19,13487.86,electronics,0
O002694,C00852,2026-06-03,1251.86,apparel,0
O002695,C00852,2026-04-13,3597.36,home,0
O002696,C00852,2026-03-30,11012.8,electronics,0
O002697,C00932,2026-08-21,9687.96,electronics,1
O002698,C00932,2026-09-04,12732.47,grocery,0
O002699,C00932,2026-04-24,11198.25,home,0
O002700,C00932,2026-03-11,6157.82,electronics,1
O002701,C00932,2026-06-05,7759.02,home,0
O002702,C00932,2026-08-24,8160.88,grocery,1
O002703,C00932,2026-05-01,14565.43,electronics,0
O002704,C00932,2026-04-04,7987.35,apparel,1
O002705,C00932,2026-04-24,11169.71,apparel,1
O002706,C00932,2026-05-19,10845.49,apparel,1
O002707,C00932,2026-08-06,9254.32,grocery,1
O002708,C00932,2026-07-26,11223.72,electronics,1
O002709,C00462,2026-07-01,1194.72,apparel,0
O002710,C00462,2026-04-01,11496.7,beauty,0
O002711,C00462,2026-04-29,8192.92,electronics,0
O002712,C00462,2026-04-13,9618.41,apparel,0
O002713,C00552,2026-05-22,8272.82,apparel,0
O002714,C00552,2026-04-01,4709.43,electronics,0
O002715,C00552,2026-08-13,12958.74,electronics,0
O002716,C00552,2026-05-03,6806.83,apparel,0
O002717,C00552,2026-03-19,9633.51,beauty,0
O002718,C00552,2026-07-16,4000.69,beauty,0
O002719,C00552,2026-04-29,7541.3,apparel,0
O002720,C00552,2026-07-13,7404.21,home,0
O002721,C00552,2026-06-22,4704.67,grocery,0
O002722,C00934,2026-06-30,10264.29,grocery,1
O002723,C00934,2026-04-15,6768.64,apparel,1
O002724,C00934,2026-04-26,4992.35,grocery,1
O002725,C00934,2026-08-09,2698.02,electronics,1
O002726,C00934,2026-08-30,10192.75,electronics,1
O002727,C00152,2026-04-08,3145.85,electronics,0
O002728,C00152,2026-05-28,3434.28,grocery,0
O002729,C00152,2026-08-14,11566.38,beauty,0
O002730,C00152,2026-03-31,4710.9,grocery,0
O002731,C00152,2026-05-06,10176.74,home,0
O002732,C00152,2026-08-06,11566.04,apparel,0
O002733,C00152,2026-05-09,9268.81,apparel,0
O002734,C00152,2026-08-28,7892.05,beauty,0
O002735,C00152,2026-05-07,11894.6,home,0
O002736,C00332,2026-04-19,7238.13,home,0
O002737,C00332,2026-07-26,4801.62,home,0
O002738,C00332,2026-08-13,4935.6,home,0
O002739,C00332,2026-03-19,6085.07,beauty,0
O002740,C00332,2026-06-04,14117.81,electronics,1
O002741,C00126,2026-06-27,11575.61,electronics,0
O002742,C00126,2026-05-28,3272.53,home,0
O002743,C00126,2026-04-20,5790.09,home,0
O002744,C00126,2026-07-14,5921.37,grocery,0
O002745,C00126,2026-08-05,3231.95,apparel,0
O002746,C00126,2026-06-05,6769.52,home,0
O002747,C00126,2026-04-21,3874.13,home,0
O002748,C00126,2026-03-29,14139.96,grocery,0
O002749,C00316,2026-09-01,14216.61,beauty,0
O002750,C00316,2026-07-19,13660.64,beauty,0
O002751,C00316,2026-08-31,14807.86,grocery,0
O002752,C00316,2026-03-12,1791.17,home,0
O002753,C00316,2026-03-14,5730.9,home,0
O002754,C00316,2026-06-20,2273.99,electronics,1
O002755,C00316,2026-07-12,11696.07,beauty,0
O002756,C00316,2026-07-20,13147.07,grocery,0
O002757,C00316,2026-07-28,3239.92,electronics,0
O002758,C00669,2026-04-01,4132.57,grocery,0
O002759,C00669,2026-06-13,10436.68,apparel,0
O002760,C00669,2026-06-20,1299.66,home,0
O002761,C00669,2026-08-15,5610.08,beauty,0
O002762,C00669,2026-05-17,3457.75,home,0
O002763,C00669,2026-09-03,7073.81,home,0
O002764,C00669,2026-04-10,14580.15,home,0
O002765,C00669,2026-04-05,11290.46,electronics,0
O002766,C00669,2026-04-01,9740.93,beauty,0
O002767,C00554,2026-03-24,12032.03,grocery,0
O002768,C00554,2026-05-19,14847.75,home,1
O002769,C00554,2026-07-28,6726.94,electronics,1
O002770,C00554,2026-06-23,13134.29,home,0
O002771,C00554,2026-06-03,7532.54,grocery,0
O002772,C00554,2026-03-26,1286.51,electronics,0
O002773,C00554,2026-09-02,14621.14,electronics,0
O002774,C00554,2026-06-25,12039.29,electronics,0
O002775,C00847,2026-05-02,11353.04,beauty,0
O002776,C00847,2026-05-09,7146.01,apparel,0
O002777,C00847,2026-04-08,1373.48,grocery,0
O002778,C00847,2026-04-18,8057.4,beauty,0
O002779,C00847,2026-05-18,6201.55,home,0
O002780,C00847,2026-08-14,12474.87,electronics,1
O002781,C00847,2026-07-14,5039.05,apparel,1
O002782,C00847,2026-05-02,3576.48,home,0
O002783,C00847,2026-07-30,9908.11,apparel,0
O002784,C00847,2026-08-30,8744.24,home,0
O002785,C00847,2026-04-12,10809.1,grocery,0
O002786,C00535,2026-06-01,2479.77,home,0
O002787,C00535,2026-08-28,685.5,grocery,0
O002788,C00535,2026-08-31,879.95,apparel,0
O002789,C00535,2026-06-15,14333.51,home,0
O002790,C00589,2026-08-10,2700.35,home,0
O002791,C00589,2026-06-06,13822.21,home,0
O002792,C00589,2026-04-28,13201.27,beauty,1
O002793,C00589,2026-04-29,14235.8,electronics,1
O002794,C00589,2026-08-19,11235.95,apparel,0
O002795,C00589,2026-07-19,6868.14,beauty,0
O002796,C00589,2026-07-13,11633.46,grocery,0
O002797,C00754,2026-08-28,2873.92,grocery,0
O002798,C00754,2026-07-18,2089.05,apparel,0
O002799,C00754,2026-06-13,7489.89,grocery,0
O002800,C00653,2026-03-18,14781.74,grocery,0
O002801,C00653,2026-03-30,4052.68,electronics,0
O002802,C00653,2026-06-13,537.34,beauty,0
O002803,C00653,2026-04-15,6184.53,electronics,0
O002804,C00653,2026-07-11,14202.26,electronics,0
O002805,C00653,2026-04-09,12762.78,home,0
O002806,C00653,2026-08-24,10607.84,beauty,0
O002807,C00782,2026-07-12,14474.25,home,1
O002808,C00782,2026-08-14,12757.0,apparel,0
O002809,C00782,2026-07-18,2180.84,apparel,0
O002810,C00782,2026-03-13,7206.25,electronics,0
O002811,C00782,2026-07-21,12094.99,home,0
O002812,C00782,2026-06-19,6398.68,apparel,0
O002813,C00782,2026-05-27,2867.17,grocery,0
O002814,C00782,2026-08-10,11206.91,apparel,0
O002815,C00782,2026-05-14,13896.83,apparel,0
O002816,C00110,2026-08-25,13662.02,home,0
O002817,C00110,2026-07-31,718.63,electronics,0
O002818,C00182,2026-08-15,7216.38,apparel,1
O002819,C00182,2026-04-06,983.54,beauty,0
O002820,C00182,2026-04-21,10921.08,apparel,0
O002821,C00182,2026-08-31,519.6,apparel,0
O002822,C00182,2026-06-03,14826.42,electronics,0
O002823,C00182,2026-06-06,7127.17,beauty,0
O002824,C00182,2026-06-04,8189.89,apparel,0
O002825,C00895,2026-04-03,13523.37,home,0
O002826,C00895,2026-06-29,9948.7,home,0
O002827,C00895,2026-05-31,10125.95,electronics,0
O002828,C00895,2026-05-25,11306.17,grocery,0
O002829,C00895,2026-07-19,3523.87,apparel,0
O002830,C00895,2026-05-10,2396.15,electronics,0
O002831,C00895,2026-05-26,10843.84,home,0
O002832,C00895,2026-04-14,1846.85,apparel,0
O002833,C00895,2026-04-15,11031.45,home,0
O002834,C00895,2026-06-07,14617.16,grocery,0
O002835,C00895,2026-03-09,8784.36,home,0
O002836,C00773,2026-03-30,5809.13,apparel,0
O002837,C00773,2026-05-02,14038.98,electronics,0
O002838,C00773,2026-09-01,12056.64,electronics,0
O002839,C00773,2026-03-21,14699.1,electronics,0
O002840,C00350,2026-07-12,6132.42,electronics,0
O002841,C00350,2026-08-16,7412.52,home,0
O002842,C00350,2026-03-18,13082.03,grocery,0
O002843,C00350,2026-09-04,14892.67,beauty,0
O002844,C00196,2026-08-04,6765.99,home,0
O002845,C00196,2026-07-09,7863.02,home,0
O002846,C00196,2026-07-22,13420.14,home,0
O002847,C00196,2026-05-17,13117.98,grocery,0
O002848,C00196,2026-08-14,1718.6,home,0
O002849,C00196,2026-04-07,4164.09,home,0
O002850,C00196,2026-08-13,673.59,grocery,0
O002851,C00196,2026-06-02,3638.74,beauty,0
O002852,C00196,2026-06-21,2068.08,home,0
O002853,C00196,2026-03-21,5410.08,beauty,0
O002854,C00196,2026-03-13,14769.38,electronics,0
O002855,C00578,2026-05-19,7810.3,apparel,0
O002856,C00578,2026-05-11,3561.3,electronics,0
O002857,C00578,2026-07-13,11245.56,grocery,0
O002858,C00578,2026-06-17,2531.04,grocery,0
O002859,C00578,2026-07-14,12063.82,home,0
O002860,C00578,2026-03-17,10497.31,grocery,0
O002861,C00578,2026-03-16,2633.62,apparel,0
O002862,C00578,2026-03-13,12926.43,apparel,0
O002863,C00578,2026-09-03,11341.23,apparel,0
O002864,C00578,2026-04-07,14340.42,beauty,0
O002865,C00600,2026-06-10,14398.13,beauty,0
O002866,C00600,2026-08-22,13544.06,beauty,0
O002867,C00600,2026-07-19,7179.66,apparel,0
O002868,C00600,2026-04-12,4709.9,electronics,0
O002869,C00600,2026-07-28,8469.63,home,0
O002870,C00571,2026-04-02,1170.57,beauty,0
O002871,C00571,2026-03-21,7369.7,apparel,1
O002872,C00571,2026-05-08,12162.73,apparel,0
O002873,C00571,2026-04-14,2643.81,beauty,0
O002874,C00571,2026-05-10,3142.56,home,0
O002875,C00371,2026-06-06,14251.04,apparel,0
O002876,C00371,2026-07-15,2115.03,grocery,0
O002877,C00371,2026-08-20,2532.14,beauty,0
O002878,C00222,2026-04-15,2024.19,home,1
O002879,C00222,2026-04-01,11643.37,grocery,0
O002880,C00222,2026-05-30,10008.2,home,0
O002881,C00222,2026-03-14,8256.51,grocery,0
O002882,C00950,2026-07-27,5318.24,home,1
O002883,C00950,2026-07-29,5908.08,home,0
O002884,C00950,2026-08-25,6560.89,apparel,1
O002885,C00950,2026-08-27,11449.36,apparel,0
O002886,C00950,2026-08-01,14964.8,grocery,1
O002887,C00950,2026-08-19,3847.0,beauty,0
O002888,C00950,2026-08-23,6498.61,electronics,0
O002889,C00950,2026-08-13,12682.18,home,0
O002890,C00950,2026-09-05,7765.01,beauty,0
O002891,C00636,2026-07-04,1786.63,beauty,1
O002892,C00636,2026-05-06,7576.15,grocery,0
O002893,C00636,2026-04-22,4206.59,beauty,0
O002894,C00636,2026-06-28,12609.96,beauty,0
O002895,C00636,2026-07-21,13094.78,beauty,0
O002896,C00636,2026-08-09,1884.63,electronics,1
O002897,C00636,2026-04-01,2026.86,apparel,0
O002898,C00636,2026-08-05,10187.36,grocery,0
O002899,C00636,2026-09-03,6088.05,electronics,0
O002900,C00636,2026-04-20,11885.6,beauty,0
O002901,C00636,2026-08-04,7984.65,beauty,0
O002902,C00636,2026-05-25,9533.34,beauty,0
O002903,C00474,2026-06-19,3475.78,apparel,0
O002904,C00474,2026-08-12,14205.46,electronics,0
O002905,C00474,2026-07-08,6358.52,electronics,0
O002906,C00474,2026-07-21,12786.62,home,0
O002907,C00474,2026-03-25,10340.27,home,0
O002908,C00474,2026-06-12,3955.91,beauty,0
O002909,C00474,2026-04-09,5070.33,home,0
O002910,C00474,2026-09-01,2660.7,grocery,0
O002911,C00474,2026-03-15,8344.98,home,0
O002912,C00474,2026-04-16,11373.79,apparel,0
O002913,C00474,2026-04-01,12892.7,home,0
O002914,C00474,2026-04-16,8212.05,apparel,0
O002915,C00459,2026-05-21,9699.94,home,0
O002916,C00459,2026-07-07,9700.28,beauty,0
O002917,C00459,2026-05-15,12882.85,beauty,0
O002918,C00459,2026-05-16,12146.69,home,0
O002919,C00459,2026-07-24,14401.83,home,0
O002920,C00459,2026-04-07,3089.91,home,1
O002921,C00459,2026-06-17,10593.36,grocery,0
O002922,C00022,2026-08-06,8212.34,beauty,0
O002923,C00022,2026-05-23,1416.25,electronics,0
O002924,C00022,2026-04-12,9090.15,beauty,0
O002925,C00022,2026-09-01,2442.75,home,0
O002926,C00022,2026-07-26,6132.32,beauty,0
O002927,C00022,2026-03-14,14354.3,home,0
O002928,C00766,2026-07-03,6805.28,electronics,0
O002929,C00766,2026-07-12,2578.67,home,0
O002930,C00766,2026-04-14,3599.69,apparel,1
O002931,C00766,2026-06-28,3619.74,apparel,0
O002932,C00766,2026-07-28,4662.86,electronics,0
O002933,C00766,2026-07-09,7404.12,beauty,0
O002934,C00766,2026-08-22,8403.02,grocery,0
O002935,C00766,2026-06-11,3035.05,grocery,0
O002936,C00766,2026-08-08,9520.65,beauty,0
O002937,C00766,2026-04-25,10689.17,home,0
O002938,C00766,2026-05-14,4174.29,home,0
O002939,C00833,2026-04-02,14072.76,home,0
O002940,C00833,2026-07-26,1432.49,apparel,0
O002941,C00833,2026-05-20,12463.48,apparel,0
O002942,C00833,2026-07-06,8810.69,electronics,0
O002943,C00833,2026-05-16,11828.01,grocery,0
O002944,C00833,2026-08-16,8169.79,electronics,0
O002945,C00833,2026-08-29,9180.15,home,0
O002946,C00429,2026-08-22,4256.26,electronics,0
O002947,C00429,2026-07-15,6736.7,grocery,0
O002948,C00429,2026-07-19,14311.51,apparel,0
O002949,C00429,2026-04-19,6892.48,electronics,1
O002950,C00429,2026-09-01,7306.41,apparel,0
O002951,C00429,2026-04-23,5509.86,home,1
O002952,C00429,2026-04-06,14226.06,electronics,0
O002953,C00429,2026-04-10,7514.9,apparel,0
O002954,C00429,2026-04-07,3463.5,beauty,0
O002955,C00429,2026-07-11,10548.93,home,0
O002956,C00429,2026-07-21,8676.9,grocery,0
O002957,C00429,2026-08-05,2420.23,grocery,0
O002958,C00918,2026-08-14,12982.19,grocery,1
O002959,C00918,2026-06-02,11390.65,grocery,1
O002960,C00918,2026-04-22,14667.1,grocery,1
O002961,C00918,2026-07-22,6381.56,apparel,1
O002962,C00918,2026-07-06,3957.35,grocery,0
O002963,C00918,2026-04-14,14846.98,apparel,0
O002964,C00918,2026-08-29,13953.74,electronics,1
O002965,C00918,2026-06-18,1684.17,beauty,1
O002966,C00918,2026-07-04,14250.74,beauty,1
O002967,C00918,2026-07-05,5904.97,beauty,0
O002968,C00918,2026-04-11,5346.44,electronics,1
O002969,C00918,2026-03-09,2907.94,beauty,1
O002970,C00587,2026-05-03,3631.61,electronics,0
O002971,C00587,2026-05-18,11351.69,grocery,0
O002972,C00587,2026-08-21,13225.73,electronics,0
O002973,C00587,2026-06-08,1169.45,home,0
O002974,C00587,2026-07-21,325.41,grocery,0
O002975,C00587,2026-07-21,5104.84,home,1
O002976,C00635,2026-08-16,8650.76,home,0
O002977,C00635,2026-08-29,14348.96,apparel,0
O002978,C00415,2026-08-07,5375.15,apparel,0
O002979,C00415,2026-08-17,8737.58,beauty,0
O002980,C00415,2026-04-21,13231.18,apparel,0
O002981,C00415,2026-08-07,12271.11,beauty,0
O002982,C00415,2026-05-16,869.98,grocery,1
O002983,C00415,2026-04-21,11966.62,electronics,0
O002984,C00415,2026-04-03,4881.48,home,0
O002985,C00415,2026-04-22,10340.57,grocery,0
O002986,C00415,2026-05-30,13533.39,beauty,0
O002987,C00415,2026-05-30,2582.21,grocery,0
O002988,C00415,2026-03-25,14085.93,grocery,0
O002989,C00415,2026-06-15,11825.72,electronics,0
O002990,C00228,2026-05-15,5273.66,home,0
O002991,C00228,2026-03-15,14417.69,beauty,0
O002992,C00228,2026-06-08,6242.98,home,0
O002993,C00228,2026-05-25,14740.48,beauty,0
O002994,C00228,2026-03-26,13672.12,grocery,0
O002995,C00228,2026-09-01,7941.7,home,0
O002996,C00228,2026-03-18,8576.05,grocery,0
O002997,C00228,2026-06-24,11426.78,apparel,0
O002998,C00228,2026-06-06,2291.49,apparel,0
O002999,C00228,2026-03-17,9507.19,beauty,0
O003000,C00228,2026-06-16,1511.12,electronics,0
O003001,C00228,2026-04-14,5026.26,beauty,0
O003002,C00441,2026-05-23,4521.75,electronics,0
O003003,C00441,2026-07-04,912.0,electronics,0
O003004,C00441,2026-06-13,8935.81,grocery,0
O003005,C00441,2026-08-08,9721.71,electronics,0
O003006,C00441,2026-04-01,993.95,home,0
O003007,C00441,2026-08-04,5470.95,grocery,0
O003008,C00441,2026-06-15,12433.3,beauty,0
O003009,C00441,2026-08-12,8002.57,apparel,0
O003010,C00441,2026-04-08,10312.66,electronics,0
O003011,C00441,2026-08-17,1750.17,apparel,0
O003012,C00441,2026-08-21,10772.44,electronics,0
O003013,C00447,2026-04-16,8695.84,grocery,0
O003014,C00447,2026-05-22,13854.67,apparel,1
O003015,C00447,2026-03-16,2010.07,home,0
O003016,C00447,2026-03-28,3833.69,home,1
O003017,C00447,2026-03-11,14810.16,apparel,0
O003018,C00034,2026-06-12,9101.65,grocery,0
O003019,C00034,2026-04-02,13264.59,beauty,0
O003020,C00034,2026-04-08,10739.53,home,0
O003021,C00034,2026-05-24,13216.61,home,0
O003022,C00034,2026-03-28,450.34,beauty,0
O003023,C00034,2026-05-16,12686.72,apparel,0
O003024,C00034,2026-07-12,7476.78,grocery,0
O003025,C00652,2026-08-20,6113.39,beauty,0
O003026,C00652,2026-08-15,10435.64,electronics,0
O003027,C00039,2026-06-24,1277.55,grocery,0
O003028,C00039,2026-04-21,14169.5,home,0
O003029,C00039,2026-08-29,10810.84,beauty,0
O003030,C00039,2026-06-25,4510.65,grocery,0
O003031,C00039,2026-07-18,11486.54,beauty,0
O003032,C00039,2026-06-25,13295.19,electronics,0
O003033,C00039,2026-07-09,7620.12,apparel,0
O003034,C00039,2026-04-13,824.72,beauty,0
O003035,C00039,2026-07-24,3661.08,beauty,0
O003036,C00039,2026-03-26,11509.36,electronics,0
O003037,C00039,2026-08-22,9345.22,beauty,0
O003038,C00039,2026-06-12,6797.75,electronics,0
O003039,C00417,2026-07-16,11571.82,apparel,0
O003040,C00417,2026-08-10,10956.18,electronics,0
O003041,C00417,2026-08-19,14244.26,home,0
O003042,C00417,2026-07-09,3986.79,apparel,0
O003043,C00417,2026-06-01,3249.54,electronics,0
O003044,C00417,2026-09-04,2550.53,home,0
O003045,C00417,2026-07-24,3610.96,apparel,0
O003046,C00417,2026-08-03,10901.36,electronics,0
O003047,C00417,2026-04-28,1319.93,apparel,0
O003048,C00417,2026-06-20,4530.76,apparel,0
O003049,C00417,2026-08-22,14473.4,electronics,0
O003050,C00417,2026-04-28,1257.43,grocery,0
O003051,C00133,2026-08-07,5028.35,electronics,0
O003052,C00133,2026-05-26,1825.75,apparel,1
O003053,C00133,2026-06-09,350.29,electronics,1
O003054,C00133,2026-04-16,11599.82,electronics,0
O003055,C00133,2026-05-10,11503.99,electronics,0
O003056,C00133,2026-06-02,1386.68,beauty,0
O003057,C00133,2026-08-02,9778.42,home,0
O003058,C00133,2026-04-29,5985.48,apparel,0
O003059,C00133,2026-04-03,9305.34,home,0
O003060,C00133,2026-04-06,9659.45,beauty,0
O003061,C00301,2026-04-18,13227.83,apparel,0
O003062,C00301,2026-04-20,9665.27,apparel,0
O003063,C00301,2026-07-21,6010.24,home,0
O003064,C00301,2026-04-07,5710.75,electronics,0
O003065,C00952,2026-07-27,13233.13,apparel,1
O003066,C00952,2026-08-04,12649.99,home,0
O003067,C00952,2026-08-21,6490.77,beauty,1
O003068,C00952,2026-08-24,6825.23,beauty,1
O003069,C00952,2026-08-17,5092.36,beauty,1
O003070,C00952,2026-08-29,3326.95,apparel,1
O003071,C00952,2026-09-01,3160.65,grocery,1
O003072,C00952,2026-08-25,8358.62,beauty,1
O003073,C00044,2026-04-05,3438.65,apparel,0
O003074,C00044,2026-04-09,8279.58,beauty,0
O003075,C00044,2026-09-03,12543.45,grocery,0
O003076,C00044,2026-07-25,3231.32,home,0
O003077,C00044,2026-06-15,2603.77,beauty,0
O003078,C00044,2026-03-12,6647.22,beauty,0
O003079,C00044,2026-07-10,3334.86,grocery,1
O003080,C00875,2026-03-29,11607.83,beauty,0
O003081,C00875,2026-08-02,12072.3,apparel,0
O003082,C00875,2026-07-04,7188.12,apparel,0
O003083,C00875,2026-05-04,7454.27,grocery,0
O003084,C00875,2026-04-27,9301.18,electronics,0
O003085,C00875,2026-04-07,11868.35,electronics,0
O003086,C00875,2026-05-15,13826.53,electronics,1
O003087,C00875,2026-06-25,1622.22,home,0
O003088,C00875,2026-07-17,2513.86,apparel,0
O003089,C00875,2026-08-22,1270.54,grocery,0
O003090,C00875,2026-07-30,8876.69,beauty,0
O003091,C00875,2026-06-26,10642.97,home,0
O003092,C00525,2026-04-07,8559.75,apparel,1
O003093,C00525,2026-07-26,2041.07,grocery,1
O003094,C00525,2026-08-14,8556.46,beauty,0
O003095,C00525,2026-07-16,4434.15,apparel,0
O003096,C00525,2026-07-20,10058.88,apparel,0
O003097,C00525,2026-07-09,1726.91,electronics,0
O003098,C00492,2026-08-23,11576.93,grocery,0
O003099,C00492,2026-04-13,12323.89,beauty,0
O003100,C00492,2026-04-12,2972.95,electronics,0
O003101,C00492,2026-07-29,14215.08,grocery,0
O003102,C00191,2026-05-16,14820.88,home,0
O003103,C00191,2026-05-26,2283.67,home,0
O003104,C00191,2026-03-20,13776.43,electronics,0
O003105,C00191,2026-05-21,11927.22,apparel,0
O003106,C00191,2026-04-13,5014.27,electronics,0
O003107,C00191,2026-08-15,14758.49,beauty,0
O003108,C00191,2026-08-28,13398.4,beauty,1
O003109,C00575,2026-07-06,14735.93,electronics,0
O003110,C00575,2026-05-13,13615.5,electronics,0
O003111,C00575,2026-04-18,10597.57,home,0
O003112,C00575,2026-05-20,6664.36,electronics,0
O003113,C00946,2026-07-14,11468.55,beauty,1
O003114,C00946,2026-03-18,5193.91,electronics,1
O003115,C00946,2026-08-30,14680.26,grocery,1
O003116,C00946,2026-05-23,8732.69,home,1
O003117,C00946,2026-04-25,13596.66,beauty,1
O003118,C00946,2026-08-17,10520.74,home,1
O003119,C00860,2026-08-30,11826.57,beauty,0
O003120,C00860,2026-07-10,2245.4,home,0
O003121,C00860,2026-08-09,8420.02,beauty,0
O003122,C00860,2026-07-27,1524.6,beauty,0
O003123,C00860,2026-06-09,1546.49,home,0
O003124,C00860,2026-08-23,13468.54,electronics,0
O003125,C00860,2026-08-11,12151.53,electronics,0
O003126,C00860,2026-04-25,2903.48,electronics,0
O003127,C00067,2026-03-21,3783.1,electronics,0
O003128,C00067,2026-08-22,441.79,electronics,0
O003129,C00067,2026-07-12,5314.68,grocery,0
O003130,C00067,2026-03-31,8866.5,beauty,1
O003131,C00114,2026-06-20,2093.08,apparel,1
O003132,C00114,2026-03-19,11267.14,electronics,0
O003133,C00114,2026-04-30,10858.34,electronics,0
O003134,C00114,2026-05-25,11936.41,apparel,1
O003135,C00114,2026-07-19,10839.59,beauty,0
O003136,C00114,2026-08-09,8081.2,beauty,0
O003137,C00114,2026-06-12,10711.09,beauty,0
O003138,C00114,2026-05-01,3035.15,home,0
O003139,C00114,2026-03-29,8999.64,electronics,0
O003140,C00114,2026-08-16,7761.49,electronics,0
O003141,C00114,2026-04-23,3206.49,apparel,0
O003142,C00114,2026-03-10,8758.88,apparel,0
O003143,C00400,2026-06-11,1413.96,apparel,0
O003144,C00400,2026-07-16,11417.41,apparel,0
O003145,C00400,2026-05-09,9638.86,grocery,0
O003146,C00926,2026-04-22,6569.89,home,1
O003147,C00926,2026-08-22,8099.1,home,0
O003148,C00926,2026-06-25,2670.58,electronics,1
O003149,C00926,2026-05-07,5360.08,electronics,1
O003150,C00926,2026-08-05,12320.24,electronics,0
O003151,C00926,2026-04-01,13510.0,beauty,0
O003152,C00032,2026-07-13,10215.17,home,0
O003153,C00032,2026-06-26,13770.1,home,0
O003154,C00564,2026-05-10,10989.09,home,0
O003155,C00564,2026-04-06,11210.23,beauty,0
O003156,C00564,2026-03-11,4713.63,beauty,0
O003157,C00564,2026-08-28,14986.73,apparel,0
O003158,C00564,2026-07-15,2807.13,home,0
O003159,C00564,2026-03-22,13235.63,home,0
O003160,C00564,2026-04-20,12743.28,beauty,0
O003161,C00564,2026-08-06,13516.62,beauty,0
O003162,C00564,2026-05-22,11146.53,beauty,0
O003163,C00564,2026-04-11,659.85,apparel,0
O003164,C00564,2026-05-25,5907.42,apparel,0
O003165,C00564,2026-07-15,505.07,apparel,0
O003166,C00063,2026-03-20,3003.47,electronics,0
O003167,C00063,2026-06-15,7242.64,home,0
O003168,C00063,2026-08-08,618.71,beauty,0
O003169,C00063,2026-05-03,12497.74,grocery,0
O003170,C00072,2026-07-15,6662.99,apparel,0
O003171,C00072,2026-05-25,10087.1,home,0
O003172,C00072,2026-04-22,1283.52,home,0
O003173,C00072,2026-06-27,9234.92,apparel,0
O003174,C00072,2026-08-16,14167.07,apparel,0
O003175,C00072,2026-07-26,490.62,home,0
O003176,C00407,2026-06-08,9567.75,grocery,0
O003177,C00407,2026-07-14,2091.16,apparel,0
O003178,C00407,2026-05-18,5314.13,home,0
O003179,C00407,2026-05-22,13002.23,home,0
O003180,C00407,2026-03-21,7260.79,electronics,0
O003181,C00407,2026-05-08,6429.91,apparel,0
O003182,C00407,2026-07-28,10417.74,home,0
O003183,C00407,2026-05-01,13557.05,beauty,0
O003184,C00407,2026-08-09,8458.44,grocery,0
O003185,C00407,2026-06-09,10565.44,apparel,0
O003186,C00407,2026-03-17,11789.45,grocery,0
O003187,C00407,2026-05-18,3665.22,grocery,0
O003188,C00691,2026-05-09,7205.36,electronics,0
O003189,C00691,2026-04-26,13246.7,beauty,0
O003190,C00691,2026-06-27,9467.02,electronics,0
O003191,C00691,2026-03-23,7101.53,home,0
O003192,C00691,2026-08-11,6026.77,apparel,1
O003193,C00691,2026-04-11,4360.29,apparel,0
O003194,C00691,2026-07-08,11733.06,beauty,0
O003195,C00691,2026-07-15,9606.13,home,0
O003196,C00691,2026-03-22,9423.59,grocery,0
O003197,C00691,2026-05-19,4309.54,home,0
O003198,C00691,2026-03-25,4918.27,grocery,0
O003199,C00053,2026-05-31,9793.87,grocery,0
O003200,C00053,2026-07-26,4645.61,electronics,0
O003201,C00053,2026-04-29,3165.66,grocery,0
O003202,C00053,2026-03-22,11923.43,beauty,0
O003203,C00053,2026-03-24,12834.7,home,0
O003204,C00237,2026-06-26,9766.63,beauty,1
O003205,C00237,2026-08-04,7134.61,apparel,1
O003206,C00237,2026-09-03,5915.69,apparel,0
O003207,C00237,2026-07-17,11449.39,electronics,0
O003208,C00237,2026-05-14,7002.37,apparel,0
O003209,C00237,2026-05-12,6964.0,apparel,0
O003210,C00049,2026-05-31,14354.75,electronics,0
O003211,C00049,2026-04-30,5100.11,beauty,1
O003212,C00049,2026-03-12,4934.45,beauty,0
O003213,C00049,2026-06-27,9544.69,home,0
O003214,C00049,2026-07-17,5101.17,electronics,0
O003215,C00049,2026-03-26,5063.01,grocery,0
O003216,C00049,2026-06-28,7822.11,apparel,1
O003217,C00049,2026-07-26,13926.15,apparel,0
O003218,C00049,2026-05-21,7984.87,apparel,0
O003219,C00049,2026-07-02,5596.66,home,1
O003220,C00049,2026-04-19,6365.83,electronics,0
O003221,C00478,2026-07-01,11909.01,apparel,0
O003222,C00478,2026-05-10,1615.26,apparel,0
O003223,C00478,2026-06-04,1994.16,home,0
O003224,C00478,2026-06-23,1130.76,grocery,0
O003225,C00478,2026-06-13,9750.67,apparel,1
O003226,C00478,2026-05-17,919.99,apparel,0
O003227,C00478,2026-08-12,14329.99,apparel,0
O003228,C00478,2026-04-13,5047.37,beauty,0
O003229,C00478,2026-03-20,11553.39,beauty,1
O003230,C00282,2026-06-09,10547.73,grocery,0
O003231,C00282,2026-08-12,3241.83,electronics,1
O003232,C00384,2026-03-09,1485.22,home,0
O003233,C00384,2026-08-13,12486.84,beauty,0
O003234,C00384,2026-04-04,8182.58,grocery,0
O003235,C00384,2026-03-12,8477.06,grocery,0
O003236,C00384,2026-04-27,12571.89,grocery,0
O003237,C00684,2026-04-10,5107.75,home,0
O003238,C00684,2026-06-01,9861.8,beauty,0
O003239,C00684,2026-04-08,9169.51,grocery,1
O003240,C00684,2026-07-16,3307.47,electronics,0
O003241,C00684,2026-03-11,12128.15,apparel,1
O003242,C00684,2026-03-22,8682.04,home,0
O003243,C00501,2026-07-07,7117.56,apparel,0
O003244,C00501,2026-08-24,13300.39,home,0
O003245,C00501,2026-07-13,650.04,electronics,0
O003246,C00501,2026-06-13,2959.51,home,0
O003247,C00501,2026-03-27,14217.89,beauty,0
O003248,C00501,2026-04-04,7030.9,beauty,0
O003249,C00501,2026-07-28,2729.28,beauty,0
O003250,C00501,2026-07-15,9072.08,apparel,0
O003251,C00501,2026-03-26,1876.75,electronics,1
O003252,C00501,2026-04-07,9403.37,electronics,0
O003253,C00501,2026-05-07,13973.34,home,0
O003254,C00501,2026-03-23,11012.6,apparel,0
O003255,C00438,2026-04-17,3465.04,apparel,1
O003256,C00438,2026-06-27,11205.14,home,0
O003257,C00438,2026-04-25,6437.06,electronics,1
O003258,C00517,2026-08-02,4162.07,apparel,0
O003259,C00517,2026-07-26,9659.63,electronics,0
O003260,C00517,2026-05-31,14001.03,apparel,0
O003261,C00517,2026-08-31,1565.6,apparel,1
O003262,C00517,2026-07-07,13330.67,grocery,0
O003263,C00517,2026-05-26,631.62,grocery,0
O003264,C00016,2026-06-06,10469.48,apparel,0
O003265,C00016,2026-06-20,10266.88,electronics,0
O003266,C00016,2026-06-27,6657.57,beauty,0
O003267,C00016,2026-07-12,14601.73,grocery,0
O003268,C00016,2026-06-05,9952.17,home,0
O003269,C00016,2026-05-26,10867.4,apparel,0
O003270,C00016,2026-03-16,658.87,home,0
O003271,C00016,2026-06-26,3064.63,beauty,0
O003272,C00016,2026-06-18,14938.81,electronics,0
O003273,C00090,2026-06-09,7481.36,apparel,0
O003274,C00090,2026-04-19,11215.13,home,0
O003275,C00090,2026-03-23,9091.32,beauty,0
O003276,C00090,2026-04-10,8305.48,home,0
O003277,C00090,2026-05-30,5757.7,grocery,0
O003278,C00090,2026-06-12,5014.46,home,0
O003279,C00090,2026-08-29,8829.11,home,0
O003280,C00090,2026-06-10,5407.33,home,0
O003281,C00090,2026-04-22,10188.07,beauty,0
O003282,C00090,2026-03-24,6295.04,beauty,0
O003283,C00090,2026-08-10,4022.04,apparel,1
O003284,C00563,2026-07-03,9788.32,beauty,0
O003285,C00563,2026-08-05,12968.46,apparel,0
O003286,C00563,2026-04-13,5348.77,apparel,0
O003287,C00563,2026-04-03,8241.1,apparel,0
O003288,C00563,2026-06-02,8733.28,apparel,0
O003289,C00563,2026-07-13,6126.35,beauty,0
O003290,C00563,2026-05-23,14860.41,grocery,0
O003291,C00619,2026-07-18,8391.59,apparel,0
O003292,C00619,2026-08-04,10354.96,home,0
O003293,C00607,2026-03-14,11058.26,home,0
O003294,C00607,2026-06-06,6105.92,beauty,0
O003295,C00607,2026-05-13,5461.68,beauty,0
O003296,C00607,2026-07-22,14822.87,apparel,0
O003297,C00607,2026-06-28,6968.72,apparel,0
O003298,C00607,2026-06-19,13429.8,grocery,0
O003299,C00607,2026-06-20,7579.48,electronics,0
O003300,C00607,2026-07-07,4806.37,beauty,0
O003301,C00607,2026-06-09,3375.89,electronics,0
O003302,C00347,2026-07-12,3030.0,electronics,0
O003303,C00347,2026-06-22,6953.21,electronics,1
O003304,C00347,2026-05-29,5555.46,beauty,0
O003305,C00347,2026-05-16,9084.14,home,1
O003306,C00347,2026-04-24,3364.19,beauty,0
O003307,C00026,2026-08-19,7333.06,grocery,0
O003308,C00026,2026-07-10,10283.03,electronics,0
O003309,C00026,2026-04-18,5467.01,home,0
O003310,C00026,2026-07-09,12959.27,beauty,0
O003311,C00026,2026-07-20,11615.87,beauty,0
O003312,C00026,2026-06-28,9417.41,home,0
O003313,C00026,2026-08-30,10367.27,electronics,0
O003314,C00026,2026-09-02,14452.69,electronics,0
O003315,C00026,2026-07-22,8292.9,electronics,0
O003316,C00026,2026-07-21,12510.26,electronics,0
O003317,C00026,2026-05-07,11311.07,apparel,0
O003318,C00263,2026-04-17,11724.31,beauty,0
O003319,C00263,2026-03-31,6335.92,electronics,0
O003320,C00263,2026-07-04,9023.41,electronics,0
O003321,C00263,2026-03-26,6833.12,grocery,0
O003322,C00263,2026-07-09,4338.69,grocery,0
O003323,C00263,2026-08-05,13897.21,electronics,0
O003324,C00263,2026-05-22,2029.73,grocery,0
O003325,C00263,2026-05-11,13563.25,home,0
O003326,C00263,2026-05-07,885.3,grocery,0
O003327,C00263,2026-04-14,1912.22,apparel,0
O003328,C00263,2026-03-14,1429.26,beauty,0
O003329,C00203,2026-06-16,5993.36,apparel,0
O003330,C00203,2026-07-17,944.96,apparel,0
O003331,C00203,2026-07-27,13023.81,grocery,0
O003332,C00203,2026-08-08,3662.37,beauty,0
O003333,C00203,2026-06-29,14236.2,electronics,0
O003334,C00203,2026-07-10,2346.32,grocery,0
O003335,C00203,2026-05-13,6740.03,home,0
O003336,C00203,2026-04-13,6620.61,grocery,0
O003337,C00203,2026-04-23,5713.84,grocery,0
O003338,C00183,2026-04-02,10620.1,electronics,0
O003339,C00183,2026-04-06,4162.8,home,1
O003340,C00183,2026-03-17,7754.57,apparel,0
O003341,C00854,2026-04-08,2681.33,grocery,0
O003342,C00854,2026-04-01,3188.8,grocery,0
O003343,C00854,2026-06-30,4166.2,electronics,0
O003344,C00854,2026-03-22,9947.06,grocery,0
O003345,C00365,2026-05-16,4715.04,beauty,0
O003346,C00365,2026-08-19,1181.91,electronics,1
O003347,C00365,2026-03-13,10088.89,grocery,0
O003348,C00365,2026-08-06,4759.16,apparel,0
O003349,C00365,2026-05-15,3882.04,beauty,0
O003350,C00365,2026-06-11,3073.41,beauty,0
O003351,C00365,2026-08-12,3447.6,apparel,0
O003352,C00365,2026-05-21,9610.93,grocery,0
O003353,C00495,2026-04-30,2166.25,grocery,0
O003354,C00495,2026-05-02,11479.61,beauty,0
O003355,C00495,2026-06-26,14814.22,grocery,0
O003356,C00076,2026-07-11,5617.32,apparel,0
O003357,C00076,2026-06-05,6273.95,beauty,0
O003358,C00076,2026-08-11,5011.17,beauty,1
O003359,C00076,2026-09-03,10173.34,home,1
O003360,C00897,2026-05-03,12594.67,apparel,0
O003361,C00897,2026-06-10,2171.7,grocery,0
O003362,C00897,2026-03-10,7790.35,beauty,0
O003363,C00897,2026-07-25,11404.82,apparel,0
O003364,C00897,2026-03-18,7962.5,beauty,0
O003365,C00897,2026-03-09,6661.3,electronics,0
O003366,C00897,2026-04-05,8556.79,apparel,0
O003367,C00897,2026-05-29,887.24,home,0
O003368,C00874,2026-06-25,5319.79,grocery,0
O003369,C00874,2026-06-07,13814.1,beauty,0
O003370,C00874,2026-05-24,5975.58,grocery,0
O003371,C00874,2026-05-07,13874.77,grocery,0
O003372,C00874,2026-05-08,11851.5,apparel,0
O003373,C00874,2026-06-22,1637.52,beauty,0
O003374,C00874,2026-07-16,8131.26,grocery,0
O003375,C00874,2026-08-04,3998.42,home,0
O003376,C00428,2026-06-01,9038.18,apparel,0
O003377,C00428,2026-06-13,13615.42,apparel,0
O003378,C00428,2026-05-25,5423.14,home,0
O003379,C00428,2026-05-05,5224.48,beauty,0
O003380,C00428,2026-06-28,9087.08,apparel,0
O003381,C00428,2026-06-03,13391.09,apparel,0
O003382,C00111,2026-07-02,8427.68,apparel,0
O003383,C00111,2026-06-04,8851.71,apparel,0
O003384,C00111,2026-09-04,10924.32,home,0
O003385,C00111,2026-05-08,3324.29,home,0
O003386,C00111,2026-08-27,9817.92,beauty,0
O003387,C00111,2026-03-26,6056.96,home,0
O003388,C00021,2026-05-29,5318.57,home,0
O003389,C00021,2026-08-14,4012.27,beauty,0
O003390,C00021,2026-04-17,14762.85,electronics,0
O003391,C00021,2026-05-22,12236.27,home,1
O003392,C00021,2026-08-28,6984.98,grocery,0
O003393,C00021,2026-05-15,4373.25,grocery,0
O003394,C00021,2026-05-30,4205.81,beauty,0
O003395,C00021,2026-07-21,7496.53,electronics,0
O003396,C00021,2026-03-15,5987.2,electronics,0
O003397,C00021,2026-04-27,2106.87,electronics,1
O003398,C00021,2026-08-22,1333.12,electronics,1
O003399,C00745,2026-05-12,11222.44,beauty,0
O003400,C00745,2026-03-15,13402.28,grocery,0
O003401,C00745,2026-03-13,1938.05,grocery,0
O003402,C00745,2026-05-26,4477.57,apparel,0
O003403,C00745,2026-04-25,9389.18,grocery,0
O003404,C00745,2026-05-16,13939.42,home,0
O003405,C00745,2026-05-09,2530.03,grocery,0
O003406,C00745,2026-07-22,11506.56,apparel,0
O003407,C00745,2026-04-20,12429.25,apparel,0
O003408,C00745,2026-06-08,556.38,apparel,0
O003409,C00357,2026-04-16,9327.74,home,0
O003410,C00357,2026-03-16,2131.08,apparel,0
O003411,C00357,2026-07-01,3548.31,beauty,0
O003412,C00361,2026-07-30,1878.59,apparel,0
O003413,C00361,2026-05-22,6697.34,grocery,0
O003414,C00361,2026-04-30,6858.63,apparel,0
O003415,C00361,2026-06-26,1505.36,beauty,0
O003416,C00361,2026-05-30,11165.72,beauty,0
O003417,C00361,2026-07-06,11335.2,electronics,0
O003418,C00361,2026-04-14,4294.33,beauty,0
O003419,C00361,2026-06-07,13164.66,home,0
O003420,C00361,2026-06-02,7635.77,grocery,0
O003421,C00361,2026-03-24,6800.19,apparel,0
O003422,C00361,2026-03-30,10640.81,grocery,0
O003423,C00424,2026-08-27,11884.63,apparel,0
O003424,C00424,2026-07-10,5493.0,home,0
O003425,C00424,2026-06-26,4572.98,apparel,0
O003426,C00424,2026-07-13,13202.64,electronics,0
O003427,C00424,2026-05-17,8580.64,electronics,0
O003428,C00424,2026-04-04,12061.48,beauty,0
O003429,C00424,2026-06-27,5584.95,electronics,0
O003430,C00424,2026-07-22,10945.42,beauty,0
O003431,C00424,2026-05-21,4047.41,apparel,1
O003432,C00424,2026-04-21,13700.5,home,0
O003433,C00424,2026-05-10,2777.56,grocery,0
O003434,C00424,2026-04-17,9106.85,apparel,0
O003435,C00770,2026-03-18,1622.6,apparel,0
O003436,C00770,2026-07-21,10521.1,electronics,1
O003437,C00806,2026-05-20,14000.55,beauty,0
O003438,C00806,2026-07-02,2382.02,beauty,0
O003439,C00806,2026-06-07,13764.65,apparel,0
O003440,C00806,2026-07-26,2749.44,electronics,0
O003441,C00806,2026-03-10,1656.38,electronics,0
O003442,C00806,2026-04-12,11811.58,apparel,0
O003443,C00414,2026-05-19,3772.8,apparel,0
O003444,C00414,2026-05-15,1432.6,electronics,0
O003445,C00414,2026-03-30,11812.21,grocery,0
O003446,C00414,2026-04-09,7099.3,home,0
O003447,C00414,2026-06-19,2544.96,apparel,0
O003448,C00414,2026-04-09,428.57,apparel,0
O003449,C00949,2026-07-25,7663.42,electronics,1
O003450,C00949,2026-08-06,1010.66,apparel,1
O003451,C00949,2026-08-11,12966.82,home,0
O003452,C00949,2026-08-13,7097.36,beauty,1
O003453,C00949,2026-08-03,10787.42,apparel,1
O003454,C00949,2026-07-29,1285.99,beauty,1
O003455,C00047,2026-06-06,10259.62,beauty,0
O003456,C00047,2026-05-28,10975.65,grocery,0
O003457,C00047,2026-07-17,9816.09,grocery,0
O003458,C00047,2026-04-18,9201.1,beauty,0
O003459,C00728,2026-05-30,6292.87,grocery,0
O003460,C00728,2026-05-06,2155.73,electronics,0
O003461,C00728,2026-04-23,9117.03,home,0
O003462,C00728,2026-03-24,1998.38,beauty,0
O003463,C00728,2026-08-21,4702.91,electronics,0
O003464,C00728,2026-05-08,3220.93,electronics,0
O003465,C00437,2026-07-06,13018.4,apparel,0
O003466,C00437,2026-05-04,4738.99,apparel,0
O003467,C00437,2026-09-02,13537.4,beauty,0
O003468,C00437,2026-06-18,6168.82,beauty,0
O003469,C00437,2026-07-07,3308.98,apparel,0
O003470,C00716,2026-08-21,3906.88,apparel,0
O003471,C00716,2026-06-25,13864.38,home,0
O003472,C00716,2026-08-19,5453.16,beauty,0
O003473,C00716,2026-06-27,13120.06,electronics,0
O003474,C00716,2026-08-04,5515.18,grocery,0
O003475,C00716,2026-05-13,895.71,beauty,0
O003476,C00716,2026-07-05,5172.35,home,1
O003477,C00716,2026-05-24,2739.4,electronics,0
O003478,C00542,2026-05-15,7789.75,grocery,1
O003479,C00542,2026-09-04,6890.87,home,0
O003480,C00542,2026-05-02,7066.28,grocery,0
O003481,C00542,2026-05-28,5709.12,grocery,0
O003482,C00158,2026-07-14,6744.45,beauty,0
O003483,C00158,2026-06-01,7855.38,grocery,0
O003484,C00158,2026-04-26,8625.35,electronics,0
O003485,C00158,2026-05-05,2553.95,beauty,0
O003486,C00158,2026-05-12,10799.79,home,0
O003487,C00158,2026-08-02,11503.0,apparel,0
O003488,C00158,2026-04-28,5943.18,beauty,0
O003489,C00158,2026-08-25,947.0,electronics,0
O003490,C00158,2026-08-30,3159.05,grocery,0
O003491,C00158,2026-09-04,12052.23,apparel,0
O003492,C00158,2026-05-04,8652.35,apparel,0
O003493,C00813,2026-07-31,10990.4,electronics,1
O003494,C00813,2026-04-20,13752.47,apparel,0
O003495,C00553,2026-05-07,1475.55,beauty,0
O003496,C00553,2026-07-24,5338.24,home,0
O003497,C00553,2026-04-27,14348.33,home,0
O003498,C00553,2026-08-08,8354.5,home,0
O003499,C00553,2026-03-23,5100.04,apparel,0
O003500,C00553,2026-08-09,12579.77,grocery,0
O003501,C00553,2026-08-30,4400.78,grocery,0
O003502,C00553,2026-05-07,3905.86,electronics,0
O003503,C00553,2026-07-05,4301.17,grocery,0
O003504,C00553,2026-04-01,14599.59,beauty,0
O003505,C00553,2026-05-24,8997.88,home,1
O003506,C00553,2026-06-27,2475.19,apparel,0
O003507,C00395,2026-07-04,13912.96,grocery,0
O003508,C00395,2026-07-01,6365.88,beauty,0
O003509,C00395,2026-04-25,5168.83,electronics,0
O003510,C00395,2026-08-02,9458.95,electronics,0
O003511,C00395,2026-07-04,13914.03,electronics,0
O003512,C00494,2026-04-25,6652.87,beauty,0
O003513,C00494,2026-08-17,749.75,home,0
O003514,C00494,2026-07-24,3764.53,beauty,0
O003515,C00494,2026-08-22,6126.27,apparel,0
O003516,C00494,2026-04-28,12786.92,home,0
O003517,C00494,2026-05-01,12126.58,home,0
O003518,C00494,2026-06-29,5109.0,beauty,0
O003519,C00494,2026-06-04,1779.7,electronics,0
O003520,C00590,2026-05-03,14035.3,apparel,0
O003521,C00590,2026-04-21,330.68,apparel,0
O003522,C00876,2026-06-28,14760.41,home,0
O003523,C00876,2026-08-27,13795.83,home,0
O003524,C00547,2026-04-30,5153.08,electronics,0
O003525,C00547,2026-08-26,1510.48,electronics,0
O003526,C00547,2026-05-27,12375.02,apparel,0
O003527,C00547,2026-04-29,13486.73,beauty,0
O003528,C00547,2026-03-12,9022.54,grocery,0
O003529,C00547,2026-06-19,1353.74,grocery,0
O003530,C00547,2026-08-03,1254.66,grocery,0
O003531,C00547,2026-07-18,2613.69,grocery,0
O003532,C00547,2026-08-18,9215.31,home,0
O003533,C00547,2026-07-14,12826.7,apparel,1
O003534,C00547,2026-07-22,12210.98,home,0
O003535,C00547,2026-06-26,4804.06,beauty,0
O003536,C00679,2026-04-11,3756.34,home,0
O003537,C00679,2026-04-06,3395.05,beauty,0
O003538,C00679,2026-04-21,2581.72,electronics,0
O003539,C00679,2026-03-18,13164.58,apparel,1
O003540,C00679,2026-07-02,6899.13,apparel,0
O003541,C00679,2026-05-11,4452.39,home,0
O003542,C00679,2026-06-14,8815.27,beauty,0
O003543,C00679,2026-05-29,2102.49,grocery,0
O003544,C00161,2026-04-02,9945.87,home,0
O003545,C00161,2026-07-04,3114.88,electronics,0
O003546,C00161,2026-07-27,12664.48,home,1
O003547,C00161,2026-06-09,12244.03,beauty,0
O003548,C00161,2026-07-27,6143.1,home,0
O003549,C00161,2026-04-20,12291.98,beauty,0
O003550,C00161,2026-06-28,14383.56,grocery,0
O003551,C00161,2026-07-16,3004.24,apparel,0
O003552,C00161,2026-08-14,6412.28,beauty,0
O003553,C00161,2026-06-20,5217.98,electronics,0
O003554,C00161,2026-07-11,3828.34,grocery,0
O003555,C00886,2026-08-05,13637.41,apparel,0
O003556,C00886,2026-08-27,11631.64,home,0
O003557,C00886,2026-06-18,12063.07,home,0
O003558,C00886,2026-06-30,1837.58,grocery,0
O003559,C00886,2026-08-22,2472.75,grocery,0
O003560,C00886,2026-04-30,6043.15,grocery,0
O003561,C00886,2026-03-28,9303.22,grocery,0
O003562,C00886,2026-04-26,11614.76,electronics,0
O003563,C00886,2026-04-08,10870.88,grocery,0
O003564,C00231,2026-03-29,5189.3,beauty,0
O003565,C00231,2026-03-10,14486.76,electronics,0
O003566,C00231,2026-08-29,13210.05,beauty,0
O003567,C00231,2026-08-03,9248.78,apparel,0
O003568,C00231,2026-06-27,12571.59,apparel,0
O003569,C00231,2026-06-03,4714.15,electronics,0
O003570,C00777,2026-04-03,8819.59,beauty,0
O003571,C00777,2026-03-20,8101.92,electronics,0
O003572,C00777,2026-07-21,12376.15,apparel,0
O003573,C00777,2026-04-11,6621.16,electronics,0
O003574,C00777,2026-03-31,4322.43,grocery,0
O003575,C00109,2026-08-23,11571.65,home,0
O003576,C00109,2026-06-09,10050.72,beauty,0
O003577,C00109,2026-08-03,3437.19,grocery,0
O003578,C00109,2026-03-17,2003.31,apparel,0
O003579,C00109,2026-06-09,6018.69,home,0
O003580,C00109,2026-05-11,9944.71,electronics,1
O003581,C00109,2026-05-06,1471.25,apparel,0
O003582,C00109,2026-08-30,604.16,apparel,0
O003583,C00678,2026-08-21,4597.05,home,0
O003584,C00678,2026-06-17,13617.53,apparel,0
O003585,C00678,2026-05-15,5613.02,home,0
O003586,C00678,2026-04-15,8272.1,grocery,0
O003587,C00678,2026-05-03,1420.52,apparel,0
O003588,C00678,2026-07-09,12839.55,electronics,0
O003589,C00112,2026-07-24,4269.75,apparel,0
O003590,C00112,2026-08-08,6933.99,electronics,1
O003591,C00112,2026-05-28,12577.31,grocery,0
O003592,C00112,2026-05-19,2094.83,grocery,0
O003593,C00112,2026-05-13,1524.04,electronics,0
O003594,C00140,2026-06-08,12157.05,grocery,0
O003595,C00140,2026-08-11,10962.13,grocery,0
O003596,C00140,2026-06-30,11961.65,electronics,0
O003597,C00140,2026-04-03,2685.69,home,0
O003598,C00140,2026-08-22,12283.7,grocery,0
O003599,C00140,2026-08-07,14869.37,home,0
O003600,C00140,2026-04-02,12846.54,beauty,1
O003601,C00848,2026-03-16,2762.59,grocery,0
O003602,C00848,2026-04-25,11669.91,electronics,0
O003603,C00848,2026-03-10,11246.37,beauty,0
O003604,C00812,2026-03-17,5992.95,home,0
O003605,C00812,2026-05-06,916.88,beauty,0
O003606,C00812,2026-05-02,8692.81,electronics,0
O003607,C00812,2026-06-27,14028.62,home,0
O003608,C00812,2026-06-01,12611.53,home,0
O003609,C00812,2026-08-20,1552.81,electronics,0
O003610,C00812,2026-05-07,8552.76,electronics,0
O003611,C00812,2026-05-22,7259.42,grocery,0
O003612,C00812,2026-03-21,10970.78,home,0
O003613,C00812,2026-04-06,12219.19,home,0
O003614,C00825,2026-07-27,12922.26,electronics,0
O003615,C00825,2026-07-05,10072.91,apparel,0
O003616,C00825,2026-04-21,12290.69,apparel,0
O003617,C00825,2026-06-27,12791.13,electronics,0
O003618,C00825,2026-03-19,5647.64,beauty,0
O003619,C00637,2026-08-15,6281.0,electronics,0
O003620,C00637,2026-03-14,5117.98,electronics,0
O003621,C00637,2026-04-05,13991.73,grocery,0
O003622,C00637,2026-08-30,1771.8,electronics,0
O003623,C00637,2026-07-30,4183.74,home,1
O003624,C00637,2026-08-25,2118.79,grocery,0
O003625,C00464,2026-05-17,4878.88,grocery,1
O003626,C00464,2026-03-29,13720.71,electronics,0
O003627,C00464,2026-04-04,8369.37,grocery,0
O003628,C00464,2026-08-07,8327.15,grocery,0
O003629,C00464,2026-03-31,1776.41,beauty,0
O003630,C00326,2026-04-17,13206.07,electronics,0
O003631,C00326,2026-07-29,4255.01,electronics,0
O003632,C00676,2026-08-23,1870.38,beauty,0
O003633,C00676,2026-06-06,12199.66,beauty,1
O003634,C00676,2026-05-12,4184.95,grocery,0
O003635,C00676,2026-08-22,13456.86,apparel,0
O003636,C00925,2026-05-24,3021.4,grocery,1
O003637,C00925,2026-08-23,1826.94,electronics,1
O003638,C00925,2026-05-17,11012.61,apparel,1
O003639,C00755,2026-06-19,3807.22,beauty,0
O003640,C00755,2026-07-24,7987.73,home,1
O003641,C00755,2026-07-02,11028.81,apparel,0
O003642,C00755,2026-05-24,3797.3,beauty,0
O003643,C00268,2026-04-14,6010.08,grocery,0
O003644,C00268,2026-05-12,2302.29,grocery,0
O003645,C00268,2026-06-30,8801.48,home,0
O003646,C00268,2026-05-13,12885.26,electronics,0
O003647,C00268,2026-07-08,4048.49,grocery,0
O003648,C00574,2026-07-18,11277.75,apparel,0
O003649,C00574,2026-08-19,12272.36,grocery,0
O003650,C00574,2026-06-08,10164.05,apparel,0
O003651,C00574,2026-03-09,3693.58,apparel,0
O003652,C00574,2026-06-24,11049.41,beauty,0
O003653,C00574,2026-05-31,3506.59,electronics,0
O003654,C00574,2026-08-12,9882.24,electronics,0
O003655,C00574,2026-03-24,502.27,electronics,0
O003656,C00574,2026-09-04,6872.0,apparel,0
O003657,C00243,2026-06-28,13071.38,home,0
O003658,C00243,2026-07-05,5867.25,grocery,0
O003659,C00243,2026-04-20,6818.15,apparel,0
O003660,C00243,2026-03-22,2444.96,beauty,0
O003661,C00243,2026-04-28,13088.28,apparel,0
O003662,C00243,2026-07-24,14252.4,beauty,0
O003663,C00243,2026-05-18,344.94,beauty,1
O003664,C00243,2026-06-24,11786.48,electronics,0
O003665,C00243,2026-05-05,8006.95,apparel,0
O003666,C00243,2026-04-14,13255.21,apparel,0
O003667,C00243,2026-04-28,2902.78,electronics,0
O003668,C00243,2026-07-22,11510.71,electronics,0
O003669,C00869,2026-05-11,3253.58,home,0
O003670,C00869,2026-05-25,14463.57,home,0
O003671,C00869,2026-05-23,3542.32,apparel,0
O003672,C00869,2026-04-20,3745.99,beauty,1
O003673,C00869,2026-03-25,14801.45,grocery,0
O003674,C00869,2026-03-23,14029.45,electronics,0
O003675,C00869,2026-04-21,5751.26,home,0
O003676,C00869,2026-06-22,4295.64,grocery,0
O003677,C00869,2026-06-23,11272.12,electronics,0
O003678,C00869,2026-05-20,14370.17,electronics,0
O003679,C00869,2026-03-18,4457.36,apparel,0
O003680,C00446,2026-08-27,12881.0,grocery,0
O003681,C00446,2026-04-17,8089.81,apparel,0
O003682,C00446,2026-05-05,14668.54,electronics,0
O003683,C00446,2026-08-28,587.68,grocery,0
O003684,C00446,2026-04-13,5317.05,beauty,0
O003685,C00446,2026-04-14,1894.45,home,0
O003686,C00446,2026-08-16,6545.28,home,0
O003687,C00446,2026-05-27,9544.05,grocery,0
O003688,C00446,2026-04-08,5546.25,beauty,0
O003689,C00446,2026-07-17,3185.15,apparel,0
O003690,C00446,2026-07-30,12909.61,home,0
O003691,C00446,2026-04-04,3845.16,home,0
O003692,C00064,2026-03-15,1421.14,grocery,1
O003693,C00064,2026-08-22,3700.18,electronics,0
O003694,C00064,2026-04-26,6361.69,electronics,0
O003695,C00064,2026-04-15,14849.69,grocery,0
O003696,C00064,2026-05-08,2295.1,apparel,0
O003697,C00064,2026-06-05,1723.79,home,0
O003698,C00064,2026-05-04,8936.24,electronics,1
O003699,C00064,2026-04-13,9752.38,beauty,0
O003700,C00064,2026-04-29,1674.2,apparel,0
O003701,C00077,2026-05-26,12139.61,grocery,1
O003702,C00077,2026-04-18,9547.87,apparel,0
O003703,C00077,2026-07-14,10428.25,grocery,1
O003704,C00077,2026-03-29,11432.7,electronics,1
O003705,C00077,2026-03-12,7496.38,apparel,0
O003706,C00077,2026-05-06,13345.78,electronics,0
O003707,C00077,2026-04-23,8868.32,grocery,1
O003708,C00077,2026-07-15,6578.45,home,0
O003709,C00077,2026-06-04,11373.91,grocery,0
O003710,C00077,2026-07-25,695.42,electronics,0
O003711,C00077,2026-06-29,8704.05,home,0
O003712,C00404,2026-05-28,11066.87,apparel,0
O003713,C00404,2026-06-14,3205.38,home,0
O003714,C00404,2026-07-30,10026.42,apparel,0
O003715,C00404,2026-07-21,762.92,apparel,0
O003716,C00404,2026-07-18,11421.86,home,0
O003717,C00787,2026-08-11,10412.38,apparel,0
O003718,C00787,2026-07-14,412.06,home,0
O003719,C00787,2026-05-24,2873.91,beauty,1
O003720,C00787,2026-08-07,11536.94,apparel,0
O003721,C00787,2026-08-15,6401.28,beauty,1
O003722,C00787,2026-06-21,12245.21,home,0
O003723,C00787,2026-08-17,10791.72,grocery,0
O003724,C00787,2026-03-14,14001.17,grocery,0
O003725,C00787,2026-03-15,13329.91,apparel,0
O003726,C00787,2026-06-24,9035.76,grocery,0
O003727,C00787,2026-08-09,6901.16,apparel,0
O003728,C00787,2026-08-31,11982.33,home,0
O003729,C00518,2026-07-13,11645.6,electronics,0
O003730,C00518,2026-05-08,4644.35,grocery,0
O003731,C00518,2026-07-25,1638.06,grocery,0
O003732,C00518,2026-07-24,10509.41,electronics,0
O003733,C00518,2026-08-30,10593.96,electronics,0
O003734,C00518,2026-04-05,6100.72,grocery,0
O003735,C00518,2026-06-27,12305.55,electronics,0
O003736,C00820,2026-08-23,13174.25,apparel,0
O003737,C00820,2026-05-02,1046.15,grocery,0
O003738,C00820,2026-05-22,1390.34,grocery,0
O003739,C00820,2026-08-02,5284.95,grocery,0
O003740,C00820,2026-06-30,4138.76,grocery,1
O003741,C00820,2026-03-18,2921.16,beauty,0
O003742,C00820,2026-04-07,12617.15,apparel,0
O003743,C00820,2026-08-28,3541.46,electronics,0
O003744,C00820,2026-08-12,9485.15,electronics,0
O003745,C00820,2026-07-13,9617.66,electronics,0
O003746,C00750,2026-03-26,5263.92,electronics,0
O003747,C00750,2026-07-12,11766.7,electronics,0
O003748,C00750,2026-07-15,10929.42,electronics,0
O003749,C00750,2026-06-11,11436.11,grocery,0
O003750,C00750,2026-06-02,10412.96,beauty,0
O003751,C00750,2026-08-28,1744.43,grocery,0
O003752,C00750,2026-05-03,1141.54,grocery,0
O003753,C00891,2026-03-21,14829.52,home,0
O003754,C00891,2026-06-07,1992.82,grocery,0
O003755,C00594,2026-04-29,8322.9,apparel,0
O003756,C00594,2026-04-14,8772.86,beauty,0
O003757,C00594,2026-03-16,7976.67,electronics,0
O003758,C00594,2026-05-06,12418.05,home,0
O003759,C00594,2026-04-18,11888.15,home,0
O003760,C00594,2026-08-19,893.63,beauty,0
O003761,C00594,2026-05-09,948.95,electronics,0
O003762,C00594,2026-03-20,4140.89,apparel,1
O003763,C00594,2026-04-08,9659.02,electronics,0
O003764,C00594,2026-04-22,7883.59,grocery,0
O003765,C00594,2026-06-21,5852.5,electronics,0
O003766,C00594,2026-08-10,2494.31,home,0
O003767,C00423,2026-08-09,5028.11,electronics,0
O003768,C00423,2026-08-18,12377.2,grocery,0
O003769,C00423,2026-05-19,915.54,electronics,0
O003770,C00423,2026-03-18,1079.64,apparel,0
O003771,C00423,2026-04-09,9150.91,grocery,0
O003772,C00423,2026-04-09,9385.94,electronics,0
O003773,C00423,2026-08-14,11745.62,grocery,0
O003774,C00423,2026-06-25,1248.36,home,0
O003775,C00423,2026-07-05,13943.64,beauty,0
O003776,C00423,2026-05-02,8070.06,grocery,0
O003777,C00533,2026-05-29,14443.64,apparel,0
O003778,C00533,2026-05-23,7262.53,apparel,0
O003779,C00533,2026-05-13,5857.89,apparel,0
O003780,C00533,2026-04-13,1243.24,home,0
O003781,C00533,2026-06-04,10193.1,apparel,0
O003782,C00533,2026-08-01,9400.4,home,0
O003783,C00533,2026-05-13,7969.34,home,0
O003784,C00533,2026-07-28,2631.32,apparel,0
O003785,C00533,2026-08-25,11420.25,apparel,0
O003786,C00533,2026-08-02,10960.86,grocery,0
O003787,C00238,2026-09-04,4850.9,home,0
O003788,C00238,2026-08-03,13139.63,beauty,0
O003789,C00238,2026-04-08,14738.46,beauty,0
O003790,C00238,2026-04-16,14208.28,home,0
O003791,C00238,2026-04-17,13034.22,electronics,0
O003792,C00238,2026-04-03,11893.29,home,0
O003793,C00238,2026-06-18,10342.8,home,0
O003794,C00238,2026-04-07,13022.38,electronics,0
O003795,C00045,2026-07-08,4412.88,home,0
O003796,C00045,2026-08-10,14411.58,grocery,0
O003797,C00045,2026-04-23,13795.36,apparel,0
O003798,C00045,2026-03-10,5715.07,grocery,0
O003799,C00045,2026-04-04,7925.58,home,0
O003800,C00045,2026-03-12,14595.4,beauty,0
O003801,C00045,2026-04-04,10548.7,home,0
O003802,C00045,2026-05-12,10396.36,electronics,1
O003803,C00045,2026-05-25,4583.23,apparel,0
O003804,C00045,2026-06-28,3371.38,home,0
O003805,C00045,2026-03-29,8035.32,grocery,0
O003806,C00045,2026-04-19,10720.51,beauty,0
O003807,C00841,2026-04-17,12147.44,electronics,0
O003808,C00841,2026-08-26,9117.87,grocery,1
O003809,C00841,2026-03-10,13215.37,electronics,0
O003810,C00841,2026-04-22,9214.91,apparel,0
O003811,C00841,2026-03-13,1643.85,apparel,0
O003812,C00287,2026-04-20,3618.05,beauty,0
O003813,C00287,2026-04-16,10933.4,electronics,0
O003814,C00287,2026-04-27,9294.56,grocery,0
O003815,C00287,2026-05-27,14437.0,beauty,0
O003816,C00287,2026-06-07,14422.88,beauty,0
O003817,C00287,2026-06-02,10888.21,grocery,0
O003818,C00287,2026-03-22,456.88,apparel,0
O003819,C00287,2026-07-29,690.57,electronics,0
O003820,C00287,2026-07-21,5218.45,beauty,0
O003821,C00923,2026-04-01,12612.67,grocery,1
O003822,C00923,2026-07-17,3892.47,beauty,1
O003823,C00923,2026-08-30,9661.45,beauty,1
O003824,C00927,2026-05-31,14417.42,beauty,1
O003825,C00927,2026-08-08,13269.53,apparel,0
O003826,C00927,2026-06-05,9263.22,home,1
O003827,C00927,2026-05-18,1151.79,home,1
O003828,C00927,2026-08-14,12185.15,grocery,1
O003829,C00927,2026-03-11,8752.91,electronics,1
O003830,C00504,2026-06-01,3700.84,grocery,0
O003831,C00504,2026-08-22,12619.56,grocery,0
O003832,C00504,2026-05-30,14954.91,apparel,0
O003833,C00504,2026-04-05,10927.42,apparel,0
O003834,C00504,2026-08-06,7736.03,electronics,0
O003835,C00504,2026-06-09,4342.79,home,0
O003836,C00504,2026-07-05,1655.7,electronics,0
O003837,C00504,2026-07-05,12901.98,home,0
O003838,C00504,2026-05-15,8180.74,electronics,0
O003839,C00504,2026-08-01,9568.03,home,0
O003840,C00603,2026-08-14,11923.76,electronics,0
O003841,C00603,2026-05-09,1710.98,apparel,0
O003842,C00603,2026-04-26,12744.09,electronics,0
O003843,C00603,2026-08-30,13159.99,electronics,0
O003844,C00603,2026-08-01,3286.78,beauty,0
O003845,C00244,2026-03-20,1599.18,electronics,0
O003846,C00244,2026-04-11,10368.15,electronics,0
O003847,C00244,2026-05-01,11253.87,electronics,0
O003848,C00244,2026-07-11,11583.64,home,0
O003849,C00244,2026-05-19,5530.19,beauty,0
O003850,C00244,2026-04-18,2996.04,grocery,0
O003851,C00244,2026-03-19,9507.76,beauty,0
O003852,C00244,2026-03-24,8552.15,apparel,0
O003853,C00543,2026-08-31,11320.05,electronics,0
O003854,C00543,2026-04-11,4768.89,grocery,0
O003855,C00543,2026-09-01,8058.81,beauty,1
O003856,C00543,2026-04-22,5336.36,apparel,0
O003857,C00543,2026-07-29,10106.47,grocery,0
O003858,C00543,2026-06-29,8070.54,beauty,0
O003859,C00543,2026-06-24,3736.09,home,1
O003860,C00543,2026-08-05,2124.82,electronics,0
O003861,C00543,2026-04-28,6937.55,electronics,0
O003862,C00543,2026-08-14,998.12,home,0
O003863,C00543,2026-06-11,8838.4,electronics,0
O003864,C00738,2026-04-11,2972.14,electronics,0
O003865,C00738,2026-04-23,6960.69,home,0
O003866,C00738,2026-03-14,2734.34,grocery,0
O003867,C00738,2026-04-20,9469.5,beauty,0
O003868,C00738,2026-04-30,8718.91,beauty,0
O003869,C00738,2026-07-26,9954.54,grocery,0
O003870,C00107,2026-09-03,10270.71,beauty,0
O003871,C00107,2026-08-09,7976.52,apparel,0
O003872,C00107,2026-04-03,5682.85,beauty,0
O003873,C00107,2026-03-18,8660.79,apparel,0
O003874,C00107,2026-04-02,1813.28,electronics,0
O003875,C00107,2026-06-21,13343.87,grocery,0
O003876,C00107,2026-05-05,14630.35,apparel,0
O003877,C00107,2026-06-06,13390.93,electronics,0
O003878,C00107,2026-03-22,11770.92,apparel,0
O003879,C00107,2026-08-11,2377.0,beauty,0
O003880,C00107,2026-06-29,8529.78,electronics,0
O003881,C00107,2026-08-13,10585.26,grocery,0
O003882,C00315,2026-07-30,9711.52,beauty,0
O003883,C00315,2026-08-10,14593.44,electronics,0
O003884,C00315,2026-09-03,2856.54,apparel,0
O003885,C00315,2026-08-05,14162.56,apparel,0
O003886,C00315,2026-03-12,3539.84,grocery,0
O003887,C00315,2026-03-26,9857.79,grocery,0
O003888,C00315,2026-06-05,13486.87,electronics,0
O003889,C00315,2026-07-26,14719.77,electronics,0
O003890,C00315,2026-04-09,14412.3,electronics,0
O003891,C00386,2026-04-09,740.12,apparel,0
O003892,C00386,2026-07-15,11517.65,grocery,0
O003893,C00386,2026-08-10,6681.94,home,0
O003894,C00386,2026-04-03,8394.03,grocery,1
O003895,C00819,2026-05-04,9566.19,apparel,0
O003896,C00819,2026-03-19,7384.36,beauty,1
O003897,C00819,2026-08-27,12510.03,apparel,0
O003898,C00819,2026-05-20,12166.32,home,0
O003899,C00819,2026-03-20,14712.97,electronics,0
O003900,C00819,2026-06-02,3123.0,home,0
O003901,C00819,2026-08-14,2489.59,grocery,0
O003902,C00819,2026-08-26,4867.92,grocery,0
O003903,C00639,2026-07-27,14400.57,beauty,1
O003904,C00639,2026-05-28,314.38,grocery,0
O003905,C00639,2026-09-02,6042.89,beauty,0
O003906,C00639,2026-08-17,1110.72,beauty,1
O003907,C00639,2026-04-28,1403.33,apparel,0
O003908,C00639,2026-07-15,5222.16,electronics,0
O003909,C00809,2026-08-27,5815.31,electronics,0
O003910,C00809,2026-06-23,4404.93,home,0
O003911,C00355,2026-06-06,6961.11,apparel,0
O003912,C00355,2026-07-28,7970.57,grocery,0
O003913,C00355,2026-08-06,9738.48,apparel,0
O003914,C00355,2026-03-28,5714.91,home,0
O003915,C00355,2026-08-17,13467.06,beauty,0
O003916,C00355,2026-09-03,4438.06,apparel,0
O003917,C00355,2026-06-09,14161.08,apparel,0
O003918,C00355,2026-07-11,11515.61,beauty,0
O003919,C00355,2026-07-10,9065.79,home,0
O003920,C00355,2026-07-21,12040.4,beauty,0
O003921,C00355,2026-06-13,12442.29,beauty,0
O003922,C00355,2026-05-10,14735.14,grocery,0
O003923,C00555,2026-08-16,11732.78,electronics,0
O003924,C00555,2026-04-28,8002.53,grocery,0
O003925,C00555,2026-05-28,14563.37,apparel,0
O003926,C00555,2026-03-29,3712.06,apparel,0
O003927,C00555,2026-07-07,4918.74,apparel,0
O003928,C00555,2026-08-08,13762.54,beauty,0
O003929,C00555,2026-08-17,8306.88,electronics,0
O003930,C00555,2026-07-03,3312.28,apparel,0
O003931,C00555,2026-08-23,1455.34,apparel,0
O003932,C00555,2026-04-13,1955.51,beauty,1
O003933,C00555,2026-09-04,7845.43,home,0
O003934,C00239,2026-04-29,5826.92,apparel,0
O003935,C00239,2026-03-18,1392.74,grocery,0
O003936,C00239,2026-05-23,4189.6,electronics,0
O003937,C00239,2026-05-17,2779.8,grocery,0
O003938,C00025,2026-07-11,13002.61,home,1
O003939,C00025,2026-06-22,14604.25,electronics,0
O003940,C00025,2026-04-22,4485.98,electronics,0
O003941,C00025,2026-06-21,3311.89,home,0
O003942,C00025,2026-08-25,6155.89,grocery,0
O003943,C00025,2026-09-03,2384.07,beauty,0
O003944,C00025,2026-06-02,7644.98,grocery,0
O003945,C00420,2026-04-07,9694.22,beauty,0
O003946,C00420,2026-08-09,8958.2,apparel,0
O003947,C00420,2026-07-18,3142.77,grocery,0
O003948,C00420,2026-06-08,6472.06,grocery,0
O003949,C00007,2026-07-09,12497.29,grocery,0
O003950,C00007,2026-04-06,11440.81,apparel,0
O003951,C00007,2026-05-13,8228.59,electronics,0
O003952,C00007,2026-06-15,2905.08,home,0
O003953,C00007,2026-08-25,5275.53,grocery,0
O003954,C00007,2026-03-21,14408.58,electronics,0
O003955,C00007,2026-04-12,10631.44,grocery,0
O003956,C00007,2026-04-08,6601.73,electronics,0
O003957,C00007,2026-05-09,10591.64,beauty,0
O003958,C00007,2026-07-03,7598.03,beauty,0
O003959,C00155,2026-03-16,5666.77,electronics,0
O003960,C00155,2026-08-11,2411.35,apparel,0
O003961,C00155,2026-06-30,9548.87,home,0
O003962,C00155,2026-08-07,1566.98,beauty,0
O003963,C00155,2026-07-20,9995.46,electronics,0
O003964,C00155,2026-05-14,8224.4,beauty,0
O003965,C00155,2026-05-22,10395.19,beauty,0
O003966,C00155,2026-05-24,11067.6,grocery,0
O003967,C00155,2026-08-03,14074.89,electronics,0
O003968,C00155,2026-06-20,2339.54,grocery,0
O003969,C00252,2026-05-02,11397.96,electronics,0
O003970,C00252,2026-07-25,8153.61,home,0
O003971,C00252,2026-04-27,9464.52,grocery,0
O003972,C00252,2026-09-02,8336.87,electronics,0
O003973,C00252,2026-06-15,2165.05,electronics,0
O003974,C00252,2026-07-27,12036.26,grocery,0
O003975,C00252,2026-07-30,3678.05,grocery,0
O003976,C00252,2026-04-06,10872.08,home,0
O003977,C00858,2026-04-26,9202.29,grocery,0
O003978,C00858,2026-06-11,9553.89,electronics,0
O003979,C00858,2026-04-26,6942.4,grocery,0
O003980,C00858,2026-07-08,14447.72,electronics,0
O003981,C00858,2026-04-14,6788.66,home,0
O003982,C00858,2026-06-04,3758.63,grocery,0
O003983,C00858,2026-06-28,6040.29,apparel,0
O003984,C00858,2026-08-05,14590.01,apparel,0
O003985,C00858,2026-03-23,9349.07,home,1
O003986,C00858,2026-08-10,1446.48,grocery,0
O003987,C00201,2026-04-14,10056.28,beauty,0
O003988,C00201,2026-03-28,8123.3,beauty,0
O003989,C00201,2026-04-03,12898.25,grocery,0
O003990,C00506,2026-03-25,12561.1,home,0
O003991,C00506,2026-03-25,3183.46,electronics,0
O003992,C00506,2026-03-18,8122.47,grocery,0
O003993,C00506,2026-04-01,9760.18,apparel,0
O003994,C00506,2026-06-20,10523.87,electronics,0
O003995,C00506,2026-06-05,13056.48,beauty,0
O003996,C00506,2026-06-16,9407.23,beauty,0
O003997,C00506,2026-03-17,750.32,electronics,0
O003998,C00576,2026-04-23,8264.02,home,0
O003999,C00576,2026-07-22,4244.34,apparel,0
O004000,C00576,2026-05-15,6079.65,grocery,0
O004001,C00576,2026-07-20,2363.21,grocery,0
O004002,C00476,2026-06-24,10347.83,grocery,0
O004003,C00476,2026-05-28,11906.17,apparel,0
O004004,C00476,2026-08-12,3160.15,grocery,0
O004005,C00476,2026-09-03,5300.74,apparel,0
O004006,C00476,2026-07-31,10361.7,home,0
O004007,C00476,2026-07-06,11494.02,beauty,0
O004008,C00249,2026-03-18,5347.25,apparel,0
O004009,C00249,2026-07-17,2826.3,grocery,0
O004010,C00249,2026-09-02,10510.59,home,0
O004011,C00249,2026-08-28,11790.73,home,0
O004012,C00312,2026-08-30,8531.02,beauty,0
O004013,C00312,2026-03-23,677.19,beauty,0
O004014,C00312,2026-06-05,14357.01,grocery,0
O004015,C00299,2026-08-22,5010.49,beauty,1
O004016,C00299,2026-03-18,4523.38,home,0
O004017,C00299,2026-08-23,3154.15,grocery,1
O004018,C00299,2026-08-16,10228.77,grocery,1
O004019,C00299,2026-06-11,1395.29,electronics,0
O004020,C00299,2026-05-04,9105.32,apparel,0
O004021,C00299,2026-07-21,7966.68,home,1
O004022,C00206,2026-03-16,5654.09,beauty,1
O004023,C00206,2026-08-10,5081.12,beauty,0
O004024,C00206,2026-07-09,12465.71,apparel,0
O004025,C00206,2026-04-21,11015.31,home,0
O004026,C00206,2026-07-03,3452.67,beauty,0
O004027,C00206,2026-04-07,12734.37,grocery,0
O004028,C00206,2026-05-16,12042.41,beauty,0
O004029,C00206,2026-03-29,973.14,grocery,0
O004030,C00206,2026-07-01,12745.09,electronics,0
O004031,C00206,2026-07-07,11615.46,electronics,0
O004032,C00206,2026-07-06,5501.73,beauty,1
O004033,C00903,2026-04-26,14235.23,electronics,1
O004034,C00903,2026-07-21,7998.7,grocery,1
O004035,C00903,2026-05-16,11067.78,apparel,1
O004036,C00903,2026-04-12,398.88,home,1
O004037,C00903,2026-07-03,12717.12,grocery,1
O004038,C00903,2026-05-09,11574.69,beauty,1
O004039,C00903,2026-07-29,2311.69,home,1
O004040,C00903,2026-08-27,13719.52,beauty,1
O004041,C00928,2026-08-30,7744.66,beauty,1
O004042,C00928,2026-08-04,4409.21,apparel,1
O004043,C00928,2026-03-30,10679.69,grocery,1
O004044,C00928,2026-06-12,11189.79,home,1
O004045,C00928,2026-03-28,5291.18,grocery,1
O004046,C00928,2026-04-11,5646.53,home,1
O004047,C00928,2026-04-12,12671.17,home,1
O004048,C00928,2026-04-05,2194.78,grocery,1
O004049,C00851,2026-08-31,12242.54,beauty,0
O004050,C00851,2026-06-12,673.32,electronics,0
O004051,C00851,2026-05-23,930.26,home,0
O004052,C00760,2026-08-01,1369.4,apparel,0
O004053,C00760,2026-04-27,13197.36,electronics,0
O004054,C00760,2026-04-26,13066.73,electronics,0
O004055,C00760,2026-04-20,5062.46,beauty,0
O004056,C00760,2026-06-25,3300.14,beauty,1
O004057,C00760,2026-06-05,2977.59,electronics,0
O004058,C00760,2026-04-13,4480.14,grocery,0
O004059,C00664,2026-04-09,5971.64,grocery,0
O004060,C00664,2026-03-13,7512.25,beauty,0
O004061,C00664,2026-05-18,10448.3,apparel,0
O004062,C00664,2026-08-22,13513.37,beauty,0
O004063,C00664,2026-05-04,4602.22,beauty,0
O004064,C00664,2026-04-07,393.57,home,0
O004065,C00664,2026-04-06,14776.41,apparel,0
O004066,C00664,2026-03-30,4532.32,electronics,0
O004067,C00664,2026-05-20,12139.16,apparel,0
O004068,C00664,2026-04-12,12173.62,electronics,0
O004069,C00900,2026-05-21,2405.23,electronics,0
O004070,C00900,2026-07-18,9473.8,electronics,0
O004071,C00900,2026-05-10,419.29,electronics,0
O004072,C00900,2026-07-20,6405.91,beauty,0
O004073,C00319,2026-08-13,8425.37,home,0
O004074,C00319,2026-04-28,2726.37,beauty,1
O004075,C00319,2026-07-01,10680.65,beauty,0
O004076,C00319,2026-08-26,2955.78,home,0
O004077,C00290,2026-07-12,8562.01,home,0
O004078,C00290,2026-05-22,5869.97,grocery,0
O004079,C00290,2026-08-21,5083.88,grocery,0
O004080,C00290,2026-04-15,12305.02,beauty,0
O004081,C00290,2026-09-01,9967.86,apparel,0
O004082,C00290,2026-04-15,6069.68,grocery,0
O004083,C00290,2026-07-30,10858.85,electronics,0
O004084,C00290,2026-07-29,2880.57,beauty,0
O004085,C00290,2026-03-09,3215.32,apparel,0
O004086,C00477,2026-07-21,14509.32,electronics,0
O004087,C00477,2026-06-21,2836.39,grocery,0
O004088,C00477,2026-08-14,13671.73,apparel,0
O004089,C00477,2026-04-15,13258.91,electronics,0
O004090,C00477,2026-04-17,12051.22,grocery,0
O004091,C00477,2026-05-04,4757.02,grocery,1
O004092,C00477,2026-05-05,3775.88,apparel,0
O004093,C00477,2026-05-06,5646.28,apparel,0
O004094,C00477,2026-06-02,12878.78,grocery,0
O004095,C00477,2026-08-26,8472.38,home,0
O004096,C00477,2026-08-31,2095.7,beauty,0
O004097,C00783,2026-08-17,14145.91,grocery,0
O004098,C00783,2026-03-12,13021.87,grocery,0
O004099,C00783,2026-05-07,11691.49,grocery,0
O004100,C00783,2026-06-14,2012.24,beauty,0
O004101,C00783,2026-08-19,12764.77,grocery,0
O004102,C00783,2026-06-17,3045.88,apparel,0
O004103,C00783,2026-06-13,2682.72,home,0
O004104,C00783,2026-06-15,13545.77,beauty,0
O004105,C00783,2026-07-03,13686.75,electronics,0
O004106,C00411,2026-06-29,13462.13,home,0
O004107,C00411,2026-09-04,14283.17,grocery,1
O004108,C00411,2026-05-12,2493.82,electronics,0
O004109,C00411,2026-03-11,5655.32,electronics,1
O004110,C00411,2026-04-30,2847.02,electronics,0
O004111,C00611,2026-06-07,10384.41,beauty,0
O004112,C00611,2026-03-13,7736.96,grocery,0
O004113,C00611,2026-08-12,10348.88,home,0
O004114,C00611,2026-04-10,5553.25,apparel,0
O004115,C00611,2026-03-11,6096.88,electronics,0
O004116,C00611,2026-08-23,13861.45,electronics,0
O004117,C00529,2026-05-20,14676.45,apparel,1
O004118,C00529,2026-07-06,9787.48,grocery,0
O004119,C00529,2026-07-19,8735.63,electronics,0
O004120,C00529,2026-05-21,5399.25,apparel,0
O004121,C00529,2026-08-04,13118.5,grocery,0
O004122,C00229,2026-06-15,11754.54,grocery,0
O004123,C00229,2026-07-19,10060.92,electronics,0
O004124,C00229,2026-05-15,7326.14,grocery,0
O004125,C00606,2026-03-22,12401.76,electronics,1
O004126,C00606,2026-07-05,14885.02,electronics,0
O004127,C00606,2026-08-04,9024.23,electronics,0
O004128,C00606,2026-08-25,1993.0,beauty,0
O004129,C00606,2026-05-08,2518.7,apparel,1
O004130,C00832,2026-04-14,10595.91,beauty,0
O004131,C00832,2026-08-09,11364.1,apparel,0
O004132,C00832,2026-07-19,9205.81,electronics,1
O004133,C00515,2026-06-04,6219.64,apparel,0
O004134,C00515,2026-06-13,915.21,grocery,0
O004135,C00515,2026-04-27,6863.42,home,0
O004136,C00655,2026-07-08,3955.51,grocery,0
O004137,C00655,2026-07-23,3447.11,home,0
O004138,C00655,2026-08-31,6642.29,home,0
O004139,C00655,2026-04-13,497.11,apparel,0
O004140,C00655,2026-05-25,13190.03,home,0
O004141,C00655,2026-05-30,1823.35,home,0
O004142,C00655,2026-07-10,1624.48,electronics,0
O004143,C00655,2026-07-14,10340.71,grocery,0
O004144,C00655,2026-04-18,5256.19,electronics,0
O004145,C00655,2026-04-09,5101.6,apparel,0
O004146,C00655,2026-08-26,4514.68,apparel,0
O004147,C00655,2026-07-03,12401.6,apparel,1
O004148,C00382,2026-07-30,5444.64,beauty,0
O004149,C00382,2026-05-09,1270.46,electronics,0
O004150,C00382,2026-05-28,3454.89,grocery,0
O004151,C00382,2026-04-23,2184.59,grocery,0
O004152,C00382,2026-04-30,551.2,electronics,0
O004153,C00382,2026-04-13,6969.89,apparel,0
O004154,C00382,2026-06-04,6530.77,home,0
O004155,C00586,2026-09-03,13883.09,apparel,0
O004156,C00586,2026-06-13,4112.55,electronics,0
O004157,C00586,2026-06-09,11744.26,electronics,0
O004158,C00586,2026-05-09,7383.23,electronics,0
O004159,C00586,2026-08-10,5618.79,apparel,0
O004160,C00586,2026-04-11,8495.67,home,0
O004161,C00586,2026-04-09,9106.28,electronics,0
O004162,C00586,2026-09-02,10906.75,electronics,0
O004163,C00586,2026-05-17,12970.88,electronics,0
O004164,C00586,2026-06-27,2210.82,home,0
O004165,C00816,2026-04-07,13546.46,home,0
O004166,C00816,2026-03-12,14307.84,apparel,0
O004167,C00816,2026-05-29,10361.4,electronics,0
O004168,C00816,2026-03-24,10741.88,home,0
O004169,C00816,2026-08-28,1162.12,electronics,1
O004170,C00816,2026-05-25,13647.31,beauty,0
O004171,C00816,2026-05-15,8597.1,beauty,0
O004172,C00816,2026-06-22,13427.73,home,0
O004173,C00816,2026-03-25,5752.05,grocery,0
O004174,C00816,2026-04-05,14971.18,home,0
O004175,C00278,2026-08-13,7349.7,electronics,0
O004176,C00278,2026-07-04,12208.29,beauty,0
O004177,C00278,2026-04-03,1925.24,grocery,0
O004178,C00278,2026-03-14,2042.09,grocery,0
O004179,C00278,2026-07-14,3346.13,beauty,0
O004180,C00278,2026-05-19,1775.54,beauty,0
O004181,C00328,2026-06-28,1622.72,apparel,0
O004182,C00328,2026-07-27,926.56,electronics,0
O004183,C00328,2026-04-08,12241.34,home,0
O004184,C00328,2026-04-07,2477.54,electronics,0
O004185,C00328,2026-07-02,1890.27,home,0
O004186,C00328,2026-05-03,7112.79,apparel,0
O004187,C00427,2026-03-31,7090.61,apparel,0
O004188,C00427,2026-03-22,14541.0,home,0
O004189,C00427,2026-05-10,8101.2,home,0
O004190,C00427,2026-09-04,3232.57,beauty,0
O004191,C00427,2026-08-23,10649.75,electronics,0
O004192,C00427,2026-08-05,6695.91,home,1
O004193,C00427,2026-05-27,8063.4,home,0
O004194,C00427,2026-04-20,10640.09,grocery,0
O004195,C00427,2026-03-17,736.36,electronics,0
O004196,C00427,2026-04-07,5206.31,apparel,0
O004197,C00796,2026-07-01,12392.01,beauty,0
O004198,C00796,2026-05-09,12623.46,beauty,0
O004199,C00796,2026-05-09,2489.03,home,0
O004200,C00796,2026-08-03,8011.85,apparel,0
O004201,C00796,2026-07-16,7282.55,electronics,0
O004202,C00796,2026-07-23,4210.26,beauty,1
O004203,C00796,2026-06-29,4865.84,home,0
O004204,C00796,2026-05-26,666.52,electronics,0
O004205,C00796,2026-04-23,1043.49,grocery,0
O004206,C00796,2026-06-01,7170.17,home,0
O004207,C00796,2026-04-25,11310.63,home,1
O004208,C00931,2026-06-06,12362.05,grocery,1
O004209,C00931,2026-07-16,12911.43,home,1
O004210,C00931,2026-07-26,4931.19,electronics,1
O004211,C00931,2026-08-13,2830.17,home,1
O004212,C00931,2026-04-07,7676.99,grocery,1
O004213,C00931,2026-07-12,12502.93,beauty,1
O004214,C00931,2026-05-27,6106.5,grocery,0
O004215,C00931,2026-04-11,7544.52,apparel,1
O004216,C00931,2026-08-16,3220.36,grocery,1
O004217,C00931,2026-07-07,2068.09,beauty,1
O004218,C00931,2026-07-27,8481.17,home,1
O004219,C00230,2026-05-05,5915.46,electronics,0
O004220,C00230,2026-07-15,7428.84,electronics,1
O004221,C00230,2026-08-04,8693.96,apparel,0
O004222,C00430,2026-04-12,3400.75,grocery,0
O004223,C00430,2026-03-17,9048.28,grocery,0
O004224,C00430,2026-05-31,1974.9,grocery,0
O004225,C00430,2026-05-21,515.51,home,0
O004226,C00430,2026-03-23,6632.57,apparel,0
O004227,C00759,2026-05-13,1049.42,beauty,0
O004228,C00759,2026-07-15,8246.09,apparel,0
O004229,C00037,2026-04-28,10080.76,electronics,0
O004230,C00037,2026-07-08,10008.47,home,0
O004231,C00037,2026-06-16,13984.07,grocery,0
O004232,C00184,2026-03-14,10359.89,grocery,0
O004233,C00184,2026-07-12,9053.47,grocery,0
O004234,C00184,2026-07-16,2455.11,electronics,0
O004235,C00154,2026-06-24,8201.28,grocery,0
O004236,C00154,2026-05-13,13938.71,grocery,0
O004237,C00154,2026-03-27,12359.12,electronics,1
O004238,C00798,2026-04-15,13444.2,home,0
O004239,C00798,2026-04-17,2662.53,electronics,0
O004240,C00798,2026-07-27,13238.61,home,0
O004241,C00798,2026-03-29,11140.45,apparel,0
O004242,C00798,2026-04-21,6773.2,grocery,0
O004243,C00798,2026-07-14,14007.85,grocery,0
O004244,C00798,2026-06-21,12234.49,home,0
O004245,C00798,2026-08-03,6456.18,home,0
O004246,C00798,2026-08-21,1677.35,apparel,0
O004247,C00798,2026-03-16,5889.67,electronics,0
O004248,C00373,2026-03-17,1535.28,apparel,0
O004249,C00373,2026-04-30,7645.36,grocery,0
O004250,C00373,2026-06-28,2730.64,beauty,0
O004251,C00373,2026-06-20,7718.89,beauty,0
O004252,C00373,2026-08-21,6063.94,beauty,0
O004253,C00373,2026-08-21,1035.37,electronics,0
O004254,C00484,2026-04-21,10786.72,home,0
O004255,C00484,2026-07-23,1600.02,grocery,0
O004256,C00484,2026-08-22,5512.77,electronics,0
O004257,C00484,2026-04-08,8412.17,apparel,0
O004258,C00484,2026-03-21,4476.53,grocery,0
O004259,C00484,2026-08-15,5199.61,beauty,0
O004260,C00484,2026-07-11,11751.75,beauty,0
O004261,C00484,2026-03-25,12927.2,beauty,0
O004262,C00484,2026-04-12,9707.98,grocery,0
O004263,C00484,2026-08-21,10619.56,home,0
O004264,C00484,2026-04-07,5831.82,grocery,0
O004265,C00861,2026-03-27,4204.98,grocery,0
O004266,C00861,2026-08-16,1251.97,electronics,0
O004267,C00861,2026-04-11,5268.86,beauty,0
O004268,C00861,2026-08-07,14724.03,home,0
O004269,C00861,2026-03-23,3874.42,beauty,0
O004270,C00834,2026-05-20,2138.35,grocery,0
O004271,C00834,2026-08-01,14414.27,apparel,0
O004272,C00834,2026-05-05,6181.92,grocery,0
O004273,C00834,2026-06-16,903.99,beauty,0
O004274,C00834,2026-07-15,4100.41,beauty,0
O004275,C00834,2026-09-02,14816.59,grocery,0
O004276,C00723,2026-08-27,12545.4,electronics,1
O004277,C00723,2026-03-30,3452.44,electronics,0
O004278,C00723,2026-07-25,11423.32,apparel,0
O004279,C00723,2026-05-20,11405.72,grocery,0
O004280,C00723,2026-06-21,2699.7,apparel,0
O004281,C00723,2026-04-07,1887.02,apparel,0
O004282,C00723,2026-08-24,6292.2,electronics,0
O004283,C00723,2026-06-01,14720.89,electronics,0
O004284,C00723,2026-06-22,5021.9,grocery,0
O004285,C00046,2026-05-29,11762.46,electronics,0
O004286,C00046,2026-06-21,5596.65,home,0
O004287,C00046,2026-06-13,7585.2,home,0
O004288,C00898,2026-05-25,13133.72,home,0
O004289,C00898,2026-05-05,11879.16,beauty,0
O004290,C00898,2026-08-29,1228.74,beauty,0
O004291,C00735,2026-03-10,2163.63,home,0
O004292,C00735,2026-03-29,8726.55,grocery,0
O004293,C00735,2026-08-04,8336.55,electronics,0
O004294,C00234,2026-06-30,1470.41,home,0
O004295,C00234,2026-03-30,12762.53,electronics,0
O004296,C00234,2026-06-20,12644.1,grocery,0
O004297,C00234,2026-05-11,6099.44,beauty,0
O004298,C00234,2026-04-28,8324.95,grocery,0
O004299,C00234,2026-06-25,9375.88,apparel,0
O004300,C00234,2026-06-21,8852.01,grocery,0
O004301,C00234,2026-03-20,4880.75,grocery,0
O004302,C00731,2026-05-23,10423.73,electronics,0
O004303,C00731,2026-05-08,8948.78,home,0
O004304,C00731,2026-05-07,1024.72,electronics,0
O004305,C00731,2026-08-01,10919.01,apparel,0
O004306,C00731,2026-04-03,10405.55,beauty,1
O004307,C00731,2026-08-18,3922.03,beauty,0
O004308,C00731,2026-08-18,953.98,electronics,0
O004309,C00731,2026-07-17,1455.51,electronics,1
O004310,C00588,2026-03-09,12170.31,apparel,0
O004311,C00588,2026-03-17,3953.73,apparel,0
O004312,C00588,2026-08-10,8815.25,home,1
O004313,C00588,2026-05-23,1120.43,beauty,0
O004314,C00588,2026-04-12,664.17,grocery,1
O004315,C00794,2026-06-27,4691.09,grocery,0
O004316,C00794,2026-06-14,990.29,beauty,0
O004317,C00794,2026-09-02,10331.4,home,0
O004318,C00794,2026-06-13,11186.23,grocery,0
O004319,C00794,2026-06-02,6640.7,beauty,0
O004320,C00794,2026-07-10,11900.92,home,0
O004321,C00262,2026-06-18,6526.78,home,0
O004322,C00262,2026-06-10,6813.51,grocery,0
O004323,C00262,2026-04-25,8696.79,home,0
O004324,C00262,2026-08-17,14481.94,apparel,0
O004325,C00853,2026-05-08,724.7,apparel,0
O004326,C00853,2026-06-18,11798.79,home,0
O004327,C00853,2026-05-11,13175.52,apparel,0
O004328,C00853,2026-08-06,3009.58,beauty,0
O004329,C00853,2026-07-30,4551.1,electronics,0
O004330,C00853,2026-05-23,5209.83,grocery,0
O004331,C00853,2026-07-10,13902.68,electronics,0
O004332,C00853,2026-05-26,10226.43,apparel,0
O004333,C00853,2026-05-02,2040.69,apparel,0
O004334,C00853,2026-08-24,14460.2,beauty,0
O004335,C00792,2026-05-25,4866.06,apparel,0
O004336,C00792,2026-08-01,9315.12,beauty,0
O004337,C00792,2026-05-08,1462.26,home,1
O004338,C00792,2026-08-06,1768.75,home,0
O004339,C00792,2026-07-31,12821.27,home,0
O004340,C00792,2026-04-01,7900.92,beauty,0
O004341,C00792,2026-07-02,389.95,grocery,0
O004342,C00792,2026-06-01,7276.4,grocery,1
O004343,C00645,2026-07-27,7569.65,grocery,0
O004344,C00645,2026-04-03,13156.9,apparel,0
O004345,C00645,2026-04-20,13272.43,home,0
O004346,C00645,2026-05-05,11848.22,electronics,0
O004347,C00645,2026-07-14,4316.0,apparel,0
O004348,C00645,2026-04-13,6305.67,home,0
O004349,C00645,2026-03-30,9687.33,beauty,0
O004350,C00645,2026-07-05,11037.57,apparel,0
O004351,C00581,2026-04-05,13302.12,home,0
O004352,C00581,2026-07-25,5382.07,grocery,0
O004353,C00724,2026-06-01,8124.66,beauty,0
O004354,C00724,2026-08-13,14613.43,apparel,0
O004355,C00724,2026-04-06,4191.49,grocery,0
O004356,C00724,2026-04-12,2180.38,grocery,0
O004357,C00724,2026-03-23,3718.64,home,0
O004358,C00724,2026-04-15,5621.83,home,0
O004359,C00724,2026-04-13,10234.56,beauty,1
O004360,C00724,2026-03-12,9896.47,home,0
O004361,C00658,2026-05-07,12729.0,electronics,0
O004362,C00658,2026-07-21,14183.63,apparel,0
O004363,C00658,2026-03-21,14775.46,home,0
O004364,C00658,2026-03-17,9337.22,beauty,0
O004365,C00658,2026-05-03,9425.61,electronics,0
O004366,C00658,2026-04-09,13547.2,beauty,0
O004367,C00658,2026-07-05,3870.57,home,0
O004368,C00658,2026-04-27,10274.22,apparel,0
O004369,C00658,2026-06-20,751.36,grocery,0
O004370,C00658,2026-04-20,10370.72,electronics,0
O004371,C00658,2026-08-10,5498.36,electronics,0
O004372,C00658,2026-03-30,1193.44,electronics,0
O004373,C00369,2026-05-02,14446.05,electronics,0
O004374,C00369,2026-07-29,10806.95,apparel,0
O004375,C00369,2026-06-11,9250.55,apparel,1
O004376,C00369,2026-06-16,8316.18,apparel,0
O004377,C00369,2026-09-03,13438.78,home,0
O004378,C00369,2026-08-26,13252.12,electronics,0
O004379,C00369,2026-06-27,13836.24,electronics,1
O004380,C00369,2026-08-06,10812.78,beauty,0
O004381,C00369,2026-08-23,7725.8,grocery,0
O004382,C00369,2026-07-22,12685.63,home,0
O004383,C00369,2026-08-24,4399.16,home,0
O004384,C00680,2026-03-30,12440.02,apparel,0
O004385,C00680,2026-03-26,13221.42,electronics,0
O004386,C00680,2026-06-08,9407.25,beauty,0
O004387,C00680,2026-08-23,8421.32,electronics,0
O004388,C00680,2026-07-06,9868.39,home,0
O004389,C00680,2026-06-03,9057.62,apparel,0
O004390,C00680,2026-04-07,14417.07,grocery,0
O004391,C00680,2026-08-16,13149.76,beauty,0
O004392,C00680,2026-08-03,8648.11,beauty,0
O004393,C00680,2026-05-26,8057.1,apparel,0
O004394,C00680,2026-07-01,11535.71,grocery,0
O004395,C00680,2026-07-05,14900.15,home,1
O004396,C00467,2026-07-02,2252.82,beauty,0
O004397,C00467,2026-07-06,12644.26,apparel,0
O004398,C00467,2026-05-01,3718.5,electronics,0
O004399,C00467,2026-06-28,14801.49,grocery,0
O004400,C00467,2026-07-21,5905.68,home,0
O004401,C00467,2026-06-19,2243.36,apparel,0
O004402,C00467,2026-03-27,9835.85,grocery,0
O004403,C00467,2026-07-13,7965.51,apparel,0
O004404,C00467,2026-04-09,1817.09,electronics,0
O004405,C00673,2026-06-16,12308.6,grocery,0
O004406,C00673,2026-07-22,2834.32,grocery,0
O004407,C00673,2026-04-16,10761.85,grocery,0
O004408,C00673,2026-03-30,2766.41,electronics,0
O004409,C00673,2026-07-29,2019.5,apparel,1
O004410,C00673,2026-06-23,13367.77,electronics,0
O004411,C00673,2026-03-12,7973.72,beauty,0
O004412,C00673,2026-03-20,1984.83,electronics,0
O004413,C00673,2026-04-20,9581.27,grocery,0
O004414,C00673,2026-08-25,10248.01,beauty,0
O004415,C00673,2026-05-31,8351.79,home,0
O004416,C00673,2026-05-29,5940.62,electronics,0
O004417,C00079,2026-05-27,10950.24,grocery,0
O004418,C00079,2026-03-13,4994.07,apparel,0
O004419,C00079,2026-07-30,1550.27,grocery,0
O004420,C00079,2026-07-20,11856.68,home,0
O004421,C00079,2026-07-31,11340.8,grocery,0
O004422,C00079,2026-04-10,3166.31,home,0
O004423,C00591,2026-07-24,11914.55,electronics,0
O004424,C00591,2026-03-09,11080.03,electronics,1
O004425,C00591,2026-03-21,11348.47,apparel,0
O004426,C00591,2026-03-10,12315.34,home,1
O004427,C00591,2026-05-15,14301.7,grocery,0
O004428,C00591,2026-04-16,12561.14,home,0
O004429,C00591,2026-08-01,10428.76,beauty,1
O004430,C00591,2026-04-09,13484.24,beauty,0
O004431,C00270,2026-06-21,1385.24,beauty,0
O004432,C00270,2026-05-13,4696.64,electronics,0
O004433,C00270,2026-04-15,10649.97,apparel,0
O004434,C00270,2026-06-22,323.31,beauty,0
O004435,C00270,2026-05-24,1778.4,grocery,0
O004436,C00270,2026-04-14,13769.73,home,0
O004437,C00270,2026-08-25,7200.68,grocery,0
O004438,C00270,2026-03-27,5699.08,grocery,0
O004439,C00066,2026-03-09,2370.15,grocery,0
O004440,C00066,2026-05-10,8599.65,beauty,0
O004441,C00066,2026-07-09,9221.92,electronics,0
O004442,C00066,2026-03-18,8237.05,grocery,0
O004443,C00066,2026-05-11,13496.28,grocery,0
O004444,C00537,2026-08-13,14926.6,beauty,0
O004445,C00537,2026-04-12,1367.92,electronics,0
O004446,C00537,2026-04-30,8993.02,apparel,0
O004447,C00279,2026-04-25,5842.7,grocery,0
O004448,C00279,2026-08-28,627.47,electronics,0
O004449,C00279,2026-06-19,13253.34,home,0
O004450,C00279,2026-08-30,14461.87,grocery,0
O004451,C00279,2026-04-23,12516.24,apparel,0
O004452,C00279,2026-06-23,4750.07,electronics,0
O004453,C00279,2026-07-24,385.91,grocery,0
O004454,C00756,2026-03-09,14128.95,beauty,0
O004455,C00756,2026-05-16,7804.3,electronics,0
O004456,C00756,2026-06-24,7016.7,electronics,0
O004457,C00756,2026-07-20,2328.16,home,0
O004458,C00756,2026-04-09,3017.71,electronics,0
O004459,C00756,2026-09-04,10192.72,grocery,0
O004460,C00756,2026-05-29,1650.96,grocery,0
O004461,C00344,2026-08-19,2371.43,beauty,0
O004462,C00344,2026-08-13,8938.23,beauty,0
O004463,C00344,2026-07-06,10694.85,home,1
O004464,C00344,2026-04-11,5686.69,apparel,0
O004465,C00344,2026-07-15,8437.22,home,1
O004466,C00344,2026-08-07,12551.55,electronics,0
O004467,C00344,2026-06-26,11758.68,apparel,0
O004468,C00344,2026-08-04,8796.27,apparel,1
O004469,C00031,2026-07-05,300.89,grocery,0
O004470,C00031,2026-03-21,11094.46,electronics,1
O004471,C00031,2026-03-20,3527.49,home,0
O004472,C00031,2026-06-04,14274.4,beauty,0
O004473,C00031,2026-05-25,12461.03,home,0
O004474,C00031,2026-06-20,7209.04,apparel,0
O004475,C00031,2026-07-22,13817.27,grocery,0
O004476,C00121,2026-05-31,1158.64,beauty,0
O004477,C00121,2026-04-09,14196.2,grocery,0
O004478,C00121,2026-08-15,10426.06,beauty,0
O004479,C00121,2026-06-05,2302.87,beauty,0
O004480,C00121,2026-08-02,14141.48,grocery,1
O004481,C00121,2026-06-01,11984.17,home,0
O004482,C00121,2026-04-25,1268.89,home,1
O004483,C00920,2026-08-22,11369.95,electronics,0
O004484,C00920,2026-04-22,8743.11,electronics,1
O004485,C00920,2026-04-12,12704.46,electronics,0
O004486,C00920,2026-08-19,9956.98,home,0
O004487,C00920,2026-06-24,1488.8,electronics,1
O004488,C00920,2026-08-28,3642.97,beauty,0
O004489,C00920,2026-04-18,8671.82,apparel,1
O004490,C00920,2026-08-27,7096.92,beauty,1
O004491,C00920,2026-08-25,10303.14,electronics,0
O004492,C00920,2026-06-14,4069.46,electronics,0
O004493,C00938,2026-07-05,10577.16,apparel,0
O004494,C00938,2026-08-29,2370.48,grocery,0
O004495,C00938,2026-05-22,6374.1,grocery,1
O004496,C00938,2026-07-17,13018.51,beauty,1
O004497,C00938,2026-08-09,9049.12,home,1
O004498,C00938,2026-08-27,11560.07,beauty,0
O004499,C00938,2026-04-17,1594.93,grocery,0
O004500,C00938,2026-04-19,7865.65,apparel,0
O004501,C00938,2026-08-14,3272.11,home,0
O004502,C00938,2026-06-10,1514.84,electronics,0
O004503,C00836,2026-05-27,967.44,home,0
O004504,C00836,2026-08-30,10060.62,beauty,0
O004505,C00171,2026-08-01,3436.04,home,0
O004506,C00171,2026-03-25,8003.06,apparel,0
O004507,C00171,2026-06-15,13800.42,beauty,0
O004508,C00171,2026-05-13,6262.78,home,0
O004509,C00171,2026-07-10,6700.7,beauty,0
O004510,C00266,2026-03-31,8354.92,home,0
O004511,C00266,2026-08-27,13984.95,grocery,0
O004512,C00266,2026-07-09,4763.5,apparel,0
O004513,C00266,2026-06-22,3649.42,home,0
O004514,C00266,2026-09-02,2327.13,electronics,0
O004515,C00266,2026-08-13,1080.17,beauty,0
O004516,C00266,2026-08-01,10658.91,beauty,0
O004517,C00266,2026-08-16,9412.16,home,0
O004518,C00266,2026-08-05,14425.54,apparel,0
O004519,C00530,2026-05-26,800.01,home,0
O004520,C00530,2026-04-12,5070.92,electronics,0
O004521,C00530,2026-05-25,10587.61,electronics,0
O004522,C00530,2026-06-05,9121.3,apparel,0
O004523,C00530,2026-03-29,1525.02,electronics,0
O004524,C00536,2026-04-26,14138.64,electronics,0
O004525,C00536,2026-06-01,10394.17,apparel,0
O004526,C00536,2026-06-24,4635.5,beauty,0
O004527,C00536,2026-05-07,1093.56,apparel,0
O004528,C00536,2026-08-06,649.76,grocery,0
O004529,C00536,2026-03-30,3736.98,home,0
O004530,C00536,2026-03-09,1522.42,apparel,0
O004531,C00536,2026-03-23,13426.64,apparel,0
O004532,C00536,2026-04-14,13546.42,grocery,0
O004533,C00356,2026-04-08,6439.91,electronics,0
O004534,C00356,2026-07-15,1931.61,apparel,1
O004535,C00356,2026-06-15,13978.37,home,0
O004536,C00356,2026-08-09,9923.74,grocery,0
O004537,C00356,2026-04-08,9615.63,grocery,0
O004538,C00356,2026-04-17,6739.51,electronics,0
O004539,C00356,2026-08-30,7537.0,beauty,0
O004540,C00509,2026-04-21,7116.33,grocery,0
O004541,C00509,2026-07-26,5501.82,grocery,1
O004542,C00509,2026-07-05,9765.53,apparel,0
O004543,C00509,2026-04-07,12489.73,electronics,0
O004544,C00509,2026-03-28,6072.26,grocery,1
O004545,C00168,2026-07-17,10443.43,grocery,1
O004546,C00168,2026-06-21,4378.28,apparel,1
O004547,C00168,2026-08-20,13210.82,beauty,0
O004548,C00168,2026-06-15,9290.15,home,1
O004549,C00168,2026-07-28,8278.59,grocery,1
O004550,C00012,2026-04-21,14860.14,home,0
O004551,C00012,2026-05-15,9364.01,apparel,0
O004552,C00012,2026-08-30,5579.86,apparel,0
O004553,C00790,2026-04-14,6002.46,electronics,1
O004554,C00790,2026-06-06,14467.19,grocery,1
O004555,C00790,2026-07-30,491.81,electronics,0
O004556,C00790,2026-07-03,6598.56,grocery,0
O004557,C00790,2026-07-28,8337.01,beauty,1
O004558,C00790,2026-08-22,948.11,apparel,0
O004559,C00790,2026-03-21,7664.02,apparel,0
O004560,C00937,2026-06-19,8683.06,home,0
O004561,C00937,2026-06-09,10573.67,home,1
O004562,C00937,2026-05-11,601.51,beauty,0
O004563,C00937,2026-07-24,5841.56,apparel,1
O004564,C00937,2026-08-04,418.33,apparel,1
O004565,C00123,2026-07-29,14784.91,home,0
O004566,C00123,2026-07-22,13513.01,apparel,0
O004567,C00123,2026-03-12,7052.86,home,0
O004568,C00123,2026-05-26,1198.88,apparel,0
O004569,C00123,2026-08-29,8718.43,apparel,0
O004570,C00123,2026-06-10,3553.44,home,0
O004571,C00123,2026-06-12,1325.24,electronics,0
O004572,C00123,2026-05-22,9754.32,beauty,0
O004573,C00123,2026-03-27,982.0,apparel,0
O004574,C00123,2026-07-13,11535.29,grocery,1
O004575,C00123,2026-03-17,6385.87,home,0
O004576,C00123,2026-05-30,2526.56,electronics,0
O004577,C00180,2026-08-02,6827.86,apparel,0
O004578,C00180,2026-07-09,395.48,home,0
O004579,C00180,2026-07-27,13875.89,beauty,0
O004580,C00317,2026-05-19,14735.72,beauty,0
O004581,C00317,2026-08-16,8614.23,apparel,0
O004582,C00317,2026-06-30,9023.26,grocery,0
O004583,C00317,2026-04-10,4881.77,beauty,0
O004584,C00317,2026-03-10,14312.79,apparel,1
O004585,C00317,2026-07-10,12120.37,apparel,0
O004586,C00317,2026-08-30,13305.74,apparel,0
O004587,C00057,2026-06-21,7953.71,electronics,0
O004588,C00057,2026-06-18,14754.56,electronics,0
O004589,C00057,2026-03-28,2153.41,beauty,0
O004590,C00057,2026-08-22,12076.95,apparel,0
O004591,C00057,2026-07-14,11353.43,electronics,0
O004592,C00057,2026-08-13,6642.3,apparel,0
O004593,C00057,2026-04-29,11990.35,apparel,0
O004594,C00057,2026-04-26,13631.49,grocery,0
O004595,C00057,2026-08-05,7977.13,beauty,0
O004596,C00624,2026-03-23,11660.2,grocery,0
O004597,C00624,2026-07-07,8172.3,home,0
O004598,C00627,2026-04-02,11035.85,home,0
O004599,C00627,2026-06-07,7117.13,beauty,0
O004600,C00627,2026-07-04,10453.76,beauty,0
O004601,C00627,2026-06-03,953.52,electronics,0
O004602,C00627,2026-05-27,11664.96,apparel,0
O004603,C00627,2026-03-31,11554.14,grocery,0
O004604,C00627,2026-06-06,1287.38,beauty,0
O004605,C00627,2026-09-03,2572.23,grocery,0
O004606,C00627,2026-06-14,2833.96,grocery,0
O004607,C00627,2026-07-21,14433.24,home,0
O004608,C00465,2026-03-30,10919.02,beauty,0
O004609,C00465,2026-05-16,1093.42,grocery,0
O004610,C00119,2026-07-02,8188.82,apparel,0
O004611,C00119,2026-05-29,14199.06,electronics,0
O004612,C00119,2026-06-29,4378.14,beauty,0
O004613,C00119,2026-08-21,9926.06,apparel,0
O004614,C00119,2026-06-20,12945.74,electronics,0
O004615,C00445,2026-07-11,9155.92,apparel,0
O004616,C00445,2026-04-25,10194.96,electronics,0
O004617,C00445,2026-06-22,9620.44,electronics,0
O004618,C00764,2026-07-21,10529.41,apparel,0
O004619,C00764,2026-05-06,2219.59,beauty,0
O004620,C00764,2026-05-15,12802.15,apparel,0
O004621,C00764,2026-07-15,1817.56,home,0
O004622,C00764,2026-06-13,909.0,apparel,0
O004623,C00764,2026-04-12,6443.55,electronics,0
O004624,C00251,2026-07-29,12425.71,home,0
O004625,C00251,2026-07-18,9044.6,beauty,0
O004626,C00251,2026-03-12,5531.13,grocery,0
O004627,C00251,2026-07-26,8197.86,apparel,0
O004628,C00251,2026-08-15,10351.67,apparel,0
O004629,C00251,2026-07-29,1617.99,electronics,0
O004630,C00251,2026-04-07,5858.37,grocery,0
O004631,C00251,2026-07-23,14189.89,grocery,1
O004632,C00060,2026-05-23,14178.45,electronics,0
O004633,C00060,2026-05-21,12679.56,grocery,0
O004634,C00060,2026-05-19,1283.15,beauty,0
O004635,C00060,2026-07-22,2517.29,electronics,0
O004636,C00060,2026-08-15,3284.45,electronics,0
O004637,C00060,2026-05-25,505.68,electronics,0
O004638,C00060,2026-06-20,8490.55,home,0
O004639,C00060,2026-05-22,6439.96,beauty,0
O004640,C00060,2026-08-04,11371.2,electronics,0
O004641,C00060,2026-04-11,10596.27,apparel,0
O004642,C00245,2026-07-05,1188.54,grocery,0
O004643,C00245,2026-08-24,11517.09,home,0
O004644,C00245,2026-05-16,831.81,beauty,0
O004645,C00448,2026-06-28,10367.41,grocery,0
O004646,C00448,2026-08-17,10844.01,grocery,0
O004647,C00448,2026-03-27,425.48,grocery,0
O004648,C00448,2026-04-04,6968.15,apparel,0
O004649,C00448,2026-05-10,5964.5,beauty,0
O004650,C00448,2026-06-04,2026.83,home,0
O004651,C00448,2026-04-17,4059.18,beauty,0
O004652,C00448,2026-05-07,13818.64,home,0
O004653,C00682,2026-07-06,1790.75,grocery,0
O004654,C00682,2026-06-15,9652.61,electronics,0
O004655,C00682,2026-07-02,7546.99,grocery,0
O004656,C00682,2026-06-26,9380.18,grocery,0
O004657,C00682,2026-08-29,2468.53,apparel,0
O004658,C00682,2026-04-09,13639.37,electronics,0
O004659,C00682,2026-05-14,8692.14,beauty,0
O004660,C00682,2026-05-11,3254.89,home,0
O004661,C00682,2026-04-21,13344.21,home,0
O004662,C00682,2026-07-03,14619.39,apparel,0
O004663,C00682,2026-04-30,10100.64,home,0
O004664,C00682,2026-07-17,3606.22,home,0
O004665,C00068,2026-06-01,810.6,apparel,0
O004666,C00068,2026-07-08,10684.17,home,0
O004667,C00068,2026-07-10,8076.33,beauty,0
O004668,C00068,2026-03-10,14708.03,home,1
O004669,C00068,2026-08-04,7163.5,beauty,0
O004670,C00659,2026-06-03,6200.24,home,0
O004671,C00659,2026-07-30,14158.3,home,0
O004672,C00659,2026-05-05,5599.24,apparel,0
O004673,C00659,2026-08-28,8595.47,home,0
O004674,C00659,2026-04-04,13988.54,grocery,0
O004675,C00659,2026-06-29,5919.92,electronics,0
O004676,C00659,2026-08-23,13617.39,apparel,0
O004677,C00659,2026-07-05,5345.89,home,0
O004678,C00659,2026-03-13,10556.8,electronics,1
O004679,C00659,2026-06-03,13901.81,grocery,0
O004680,C00659,2026-04-30,4803.34,electronics,0
O004681,C00778,2026-07-08,6166.78,apparel,0
O004682,C00778,2026-06-09,14117.29,grocery,0
O004683,C00778,2026-04-05,4740.68,beauty,0
O004684,C00778,2026-08-04,12845.69,apparel,0
O004685,C00778,2026-07-06,13090.7,home,1
O004686,C00778,2026-05-28,5708.76,grocery,0
O004687,C00778,2026-05-30,4205.72,beauty,0
O004688,C00650,2026-07-01,14318.76,grocery,0
O004689,C00650,2026-05-07,3942.84,apparel,0
O004690,C00650,2026-03-21,12303.7,home,0
O004691,C00601,2026-08-04,3438.32,electronics,0
O004692,C00601,2026-06-02,6365.94,beauty,0
O004693,C00601,2026-06-28,14427.44,electronics,0
O004694,C00601,2026-07-07,9790.56,electronics,1
O004695,C00601,2026-05-24,8103.2,home,0
O004696,C00601,2026-06-11,2388.7,electronics,0
O004697,C00601,2026-03-13,11029.38,beauty,0
O004698,C00401,2026-06-26,3373.99,home,0
O004699,C00401,2026-03-09,2890.41,grocery,0
O004700,C00401,2026-06-24,4118.5,beauty,0
O004701,C00335,2026-08-07,3151.73,apparel,0
O004702,C00335,2026-07-02,14026.25,electronics,0
O004703,C00688,2026-06-05,2469.54,beauty,0
O004704,C00688,2026-05-07,2241.24,beauty,0
O004705,C00688,2026-07-20,5061.53,apparel,0
O004706,C00688,2026-07-18,350.06,home,0
O004707,C00688,2026-06-13,9791.87,electronics,0
O004708,C00688,2026-04-27,9550.71,home,0
O004709,C00688,2026-06-25,12260.97,grocery,0
O004710,C00688,2026-05-16,13935.3,home,0
O004711,C00688,2026-07-20,7931.42,electronics,0
O004712,C00688,2026-07-06,13835.39,beauty,1
O004713,C00160,2026-08-21,2181.95,home,0
O004714,C00160,2026-06-27,7107.79,apparel,0
O004715,C00160,2026-05-03,689.11,home,0
O004716,C00160,2026-05-26,8732.86,electronics,0
O004717,C00160,2026-05-01,3498.97,beauty,0
O004718,C00160,2026-03-23,9524.93,electronics,0
O004719,C00160,2026-06-15,2717.83,electronics,0
O004720,C00160,2026-04-15,3212.3,grocery,0
O004721,C00160,2026-08-11,10725.05,grocery,0
O004722,C00160,2026-07-05,2887.35,electronics,0
O004723,C00160,2026-08-11,3041.36,beauty,0
O004724,C00160,2026-06-14,5356.35,home,0
O004725,C00209,2026-08-20,3434.17,apparel,0
O004726,C00209,2026-05-06,2516.41,beauty,0
O004727,C00209,2026-03-30,9354.44,grocery,0
O004728,C00209,2026-05-27,2862.3,home,0
O004729,C00209,2026-06-06,7263.12,apparel,0
O004730,C00209,2026-04-25,3614.88,apparel,0
O004731,C00209,2026-05-04,1580.48,home,0
O004732,C00209,2026-08-18,7202.27,electronics,0
O004733,C00209,2026-06-05,8403.04,beauty,0
O004734,C00209,2026-06-17,3055.33,grocery,0
O004735,C00209,2026-07-09,14406.25,grocery,0
O004736,C00524,2026-05-14,3238.58,electronics,0
O004737,C00524,2026-04-18,7523.47,apparel,1
O004738,C00524,2026-05-25,5507.05,grocery,0
O004739,C00524,2026-07-29,14452.36,grocery,0
O004740,C00081,2026-06-29,7547.03,beauty,0
O004741,C00081,2026-06-21,11502.06,grocery,0
O004742,C00081,2026-08-12,11756.46,beauty,0
O004743,C00081,2026-06-20,6806.46,home,0
O004744,C00081,2026-03-29,3384.36,apparel,1
O004745,C00081,2026-05-21,14742.33,apparel,0
O004746,C00081,2026-05-04,13818.75,grocery,0
O004747,C00081,2026-08-06,1860.12,grocery,1
O004748,C00081,2026-06-30,14957.93,home,0
O004749,C00081,2026-06-20,10154.19,grocery,0
O004750,C00081,2026-03-14,12290.6,apparel,1
O004751,C00081,2026-04-29,14387.81,beauty,0
O004752,C00318,2026-05-04,12369.48,grocery,0
O004753,C00318,2026-05-09,5261.75,home,0
O004754,C00086,2026-03-10,9640.85,beauty,0
O004755,C00086,2026-08-09,3896.24,electronics,0
O004756,C00086,2026-07-04,4291.87,beauty,0
O004757,C00086,2026-04-10,12466.8,electronics,0
O004758,C00086,2026-07-15,4934.25,grocery,0
O004759,C00086,2026-07-11,11650.9,grocery,0
O004760,C00086,2026-06-16,499.22,electronics,0
O004761,C00086,2026-08-12,5964.89,beauty,0
O004762,C00086,2026-05-24,7778.15,home,0
O004763,C00086,2026-08-26,3669.81,beauty,0
O004764,C00086,2026-03-10,5975.91,home,0
O004765,C00086,2026-05-11,11924.09,electronics,0
O004766,C00906,2026-04-11,8659.55,apparel,1
O004767,C00906,2026-03-31,9997.42,home,0
O004768,C00906,2026-08-18,14667.1,home,1
O004769,C00906,2026-08-28,8623.53,home,1
O004770,C00906,2026-03-15,4292.8,grocery,1
O004771,C00906,2026-04-09,1642.46,beauty,0
O004772,C00906,2026-05-25,3409.34,home,1
O004773,C00157,2026-04-05,7314.26,electronics,0
O004774,C00157,2026-06-06,566.95,apparel,0
O004775,C00157,2026-03-16,2626.95,electronics,0
O004776,C00157,2026-05-25,13043.1,beauty,0
O004777,C00157,2026-05-25,11015.77,electronics,0
O004778,C00157,2026-05-04,1377.39,apparel,0
O004779,C00157,2026-06-24,11352.9,beauty,0
O004780,C00157,2026-07-03,9418.47,beauty,0
O004781,C00157,2026-08-31,9814.81,beauty,0
O004782,C00907,2026-03-20,7991.33,apparel,1
O004783,C00907,2026-03-12,6567.53,beauty,1
O004784,C00551,2026-08-19,2238.22,beauty,0
O004785,C00551,2026-06-22,716.28,home,0
O004786,C00551,2026-04-12,14468.37,grocery,0
O004787,C00551,2026-04-30,9836.6,beauty,0
O004788,C00551,2026-06-20,12657.7,apparel,0
O004789,C00550,2026-08-17,13531.61,home,0
O004790,C00550,2026-04-27,9158.48,beauty,0
O004791,C00550,2026-05-17,3069.13,grocery,0
O004792,C00550,2026-06-17,11848.87,home,0
O004793,C00550,2026-03-29,2132.93,electronics,0
O004794,C00550,2026-08-05,8915.57,home,0
O004795,C00550,2026-04-20,11686.56,beauty,0
O004796,C00550,2026-03-09,4302.63,home,0
O004797,C00550,2026-06-25,7004.59,home,0
O004798,C00550,2026-08-26,10751.21,electronics,0
O004799,C00550,2026-06-21,14532.09,beauty,0
O004800,C00550,2026-06-28,4845.05,beauty,0
O004801,C00656,2026-06-24,13873.35,electronics,0
O004802,C00656,2026-04-14,3259.2,home,0
O004803,C00656,2026-08-25,14861.93,home,0
O004804,C00656,2026-07-16,785.49,beauty,0
O004805,C00656,2026-08-12,4926.6,apparel,0
O004806,C00656,2026-03-16,853.24,beauty,0
O004807,C00656,2026-05-12,8606.18,grocery,0
O004808,C00656,2026-06-10,7126.73,electronics,0
O004809,C00656,2026-05-07,9634.35,home,0
O004810,C00837,2026-07-16,5888.31,home,0
O004811,C00837,2026-08-14,10512.41,grocery,0
O004812,C00837,2026-06-22,416.97,home,0
O004813,C00837,2026-06-24,2674.23,apparel,0
O004814,C00412,2026-04-24,14815.49,home,0
O004815,C00412,2026-07-07,13767.63,grocery,0
O004816,C00412,2026-07-02,12655.29,home,0
O004817,C00412,2026-07-30,5425.61,home,0
O004818,C00412,2026-06-08,6688.98,home,0
O004819,C00412,2026-04-28,11379.67,home,0
O004820,C00412,2026-08-17,4818.66,home,0
O004821,C00412,2026-08-21,11938.09,home,0
O004822,C00412,2026-07-31,6114.17,grocery,0
O004823,C00434,2026-03-29,9229.68,home,0
O004824,C00434,2026-06-24,6928.09,apparel,0
O004825,C00434,2026-05-15,4263.7,beauty,0
O004826,C00434,2026-05-28,8029.62,grocery,0
O004827,C00434,2026-08-24,3600.57,grocery,0
O004828,C00434,2026-04-23,6475.89,grocery,0
O004829,C00434,2026-03-11,10936.13,apparel,0
O004830,C00434,2026-04-07,10134.42,grocery,0
O004831,C00434,2026-09-04,13270.35,grocery,0
O004832,C00434,2026-06-03,4263.25,apparel,0
O004833,C00434,2026-08-09,14519.87,grocery,0
O004834,C00426,2026-05-19,7337.44,electronics,1
O004835,C00426,2026-09-02,4729.97,grocery,0
O004836,C00426,2026-03-11,4519.86,beauty,0
O004837,C00426,2026-03-18,7247.48,grocery,0
O004838,C00426,2026-03-09,11732.87,electronics,1
O004839,C00426,2026-04-19,930.79,home,0
O004840,C00426,2026-03-17,12769.37,beauty,0
O004841,C00426,2026-07-18,2481.21,grocery,0
O004842,C00426,2026-05-14,1102.73,electronics,0
O004843,C00514,2026-07-26,13157.23,electronics,0
O004844,C00514,2026-05-23,1987.54,beauty,0
O004845,C00514,2026-08-03,6084.19,home,0
O004846,C00514,2026-07-18,9045.11,apparel,0
O004847,C00911,2026-05-26,14468.48,grocery,0
O004848,C00911,2026-03-28,14571.53,electronics,0
O004849,C00911,2026-07-01,9259.41,electronics,0
O004850,C00911,2026-08-28,5599.29,home,1
O004851,C00911,2026-08-24,10527.72,beauty,1
O004852,C00911,2026-08-07,1544.24,apparel,1
O004853,C00911,2026-07-02,8395.73,electronics,0
O004854,C00294,2026-05-17,2998.44,beauty,0
O004855,C00294,2026-07-12,10160.0,apparel,0
O004856,C00294,2026-04-17,3955.32,home,1
O004857,C00294,2026-03-12,2991.74,beauty,0
O004858,C00294,2026-09-01,1884.39,home,0
O004859,C00519,2026-05-17,11199.34,beauty,0
O004860,C00519,2026-05-23,8242.0,electronics,0
O004861,C00519,2026-05-04,11934.61,home,1
O004862,C00519,2026-03-27,13488.64,grocery,0
O004863,C00519,2026-06-25,5907.01,grocery,0
O004864,C00882,2026-04-28,12129.35,electronics,0
O004865,C00882,2026-08-04,14592.5,beauty,0
O004866,C00062,2026-06-26,4740.84,home,0
O004867,C00062,2026-04-15,3657.2,home,1
O004868,C00062,2026-08-16,2701.53,grocery,0
O004869,C00062,2026-06-02,4420.86,beauty,0
O004870,C00062,2026-06-22,6892.3,home,0
O004871,C00062,2026-07-16,11382.21,apparel,0
O004872,C00041,2026-08-20,7948.62,apparel,0
O004873,C00041,2026-08-30,3736.46,apparel,0
O004874,C00041,2026-05-05,5153.78,grocery,1
O004875,C00041,2026-05-31,3468.24,electronics,0
O004876,C00041,2026-06-04,3526.06,home,0
O004877,C00221,2026-06-27,10153.81,beauty,0
O004878,C00221,2026-03-19,5668.44,electronics,0
O004879,C00221,2026-06-14,6574.96,beauty,0
O004880,C00221,2026-08-03,5406.39,home,0
O004881,C00221,2026-06-10,11301.37,apparel,0
O004882,C00221,2026-09-02,5741.87,electronics,0
O004883,C00221,2026-07-27,13581.62,apparel,0
O004884,C00221,2026-09-02,8475.09,home,0
O004885,C00269,2026-03-12,726.94,home,0
O004886,C00269,2026-07-13,14276.19,apparel,0
O004887,C00269,2026-03-31,8240.7,beauty,1
O004888,C00269,2026-06-20,14591.42,grocery,1
O004889,C00269,2026-06-08,12018.3,electronics,0
O004890,C00269,2026-04-09,10850.18,apparel,0
O004891,C00269,2026-05-28,2246.32,electronics,0
O004892,C00269,2026-08-26,1159.8,beauty,0
O004893,C00269,2026-07-11,4106.47,grocery,0
O004894,C00015,2026-08-12,7301.42,beauty,0
O004895,C00015,2026-03-15,4128.62,electronics,0
O004896,C00015,2026-03-15,12536.35,apparel,0
O004897,C00015,2026-03-30,1035.68,home,0
O004898,C00015,2026-07-09,3642.63,beauty,0
O004899,C00015,2026-08-01,10261.28,apparel,0
O004900,C00015,2026-04-17,13121.48,electronics,0
O004901,C00015,2026-05-31,4954.87,electronics,0
O004902,C00015,2026-05-20,8898.52,home,0
O004903,C00070,2026-08-28,8146.51,home,0
O004904,C00070,2026-07-20,10953.19,apparel,0
O004905,C00070,2026-04-01,7436.38,apparel,0
O004906,C00070,2026-03-18,11610.49,electronics,0
O004907,C00070,2026-04-22,1766.03,electronics,0
O004908,C00070,2026-04-30,993.05,grocery,0
O004909,C00070,2026-09-03,7848.64,apparel,0
O004910,C00070,2026-05-05,14743.05,grocery,0
O004911,C00602,2026-05-06,13770.06,electronics,1
O004912,C00602,2026-04-26,1027.41,beauty,0
O004913,C00602,2026-04-03,829.99,apparel,0
O004914,C00602,2026-07-03,5482.07,grocery,0
O004915,C00602,2026-07-02,9373.58,home,0
O004916,C00602,2026-03-17,4979.59,electronics,0
O004917,C00602,2026-05-24,2838.15,apparel,0
O004918,C00602,2026-06-10,14196.59,home,0
O004919,C00018,2026-05-01,6979.73,apparel,0
O004920,C00018,2026-07-16,12900.18,apparel,0
O004921,C00018,2026-05-14,5822.5,beauty,0
O004922,C00018,2026-05-29,10370.96,home,0
O004923,C00018,2026-06-25,9796.92,apparel,0
O004924,C00075,2026-08-31,3173.88,home,0
O004925,C00075,2026-05-25,6809.43,electronics,0
O004926,C00075,2026-08-14,12657.08,beauty,0
O004927,C00075,2026-09-02,8827.63,home,0
O004928,C00075,2026-05-20,7129.99,apparel,1
O004929,C00483,2026-04-10,9323.59,beauty,0
O004930,C00483,2026-05-06,10360.01,electronics,0
O004931,C00177,2026-03-16,6888.47,home,0
O004932,C00177,2026-05-21,13585.47,beauty,0
O004933,C00177,2026-04-05,9971.61,apparel,0
O004934,C00177,2026-08-08,9086.67,home,0
O004935,C00177,2026-08-07,4239.71,beauty,0
O004936,C00177,2026-04-02,7270.23,apparel,0
O004937,C00177,2026-03-31,5572.78,apparel,0
O004938,C00177,2026-05-10,1484.14,beauty,1
O004939,C00177,2026-09-01,1530.61,grocery,0
O004940,C00177,2026-05-14,9915.56,grocery,0
O004941,C00177,2026-07-05,2617.72,grocery,0
O004942,C00700,2026-07-02,5041.93,beauty,0
O004943,C00700,2026-06-01,2529.03,home,0
O004944,C00700,2026-08-25,10073.16,grocery,0
O004945,C00700,2026-06-09,6707.61,beauty,0
O004946,C00700,2026-04-04,12241.75,beauty,0
O004947,C00700,2026-05-09,9449.62,home,0
O004948,C00560,2026-05-30,1417.17,home,0
O004949,C00560,2026-08-05,697.9,grocery,0
O004950,C00560,2026-04-12,3159.62,electronics,0
O004951,C00560,2026-04-13,8213.15,electronics,0
O004952,C00560,2026-08-22,8736.28,apparel,1
O004953,C00560,2026-04-13,2608.4,electronics,0
O004954,C00560,2026-04-02,2532.05,apparel,0
O004955,C00560,2026-07-05,5770.06,home,0
O004956,C00560,2026-03-10,13701.94,electronics,0
O004957,C00560,2026-05-12,8213.4,beauty,0
O004958,C00560,2026-04-23,8176.05,beauty,0
O004959,C00560,2026-04-19,424.01,grocery,0
O004960,C00375,2026-07-10,4153.51,grocery,0
O004961,C00375,2026-07-12,4846.77,home,0
O004962,C00375,2026-07-15,12606.42,electronics,0
O004963,C00431,2026-05-05,13758.82,beauty,0
O004964,C00431,2026-06-02,8008.94,apparel,0
O004965,C00583,2026-08-10,11706.29,beauty,0
O004966,C00583,2026-03-14,4442.0,beauty,0
O004967,C00583,2026-04-28,11693.54,electronics,0
O004968,C00583,2026-06-13,10946.04,apparel,0
O004969,C00583,2026-05-07,2950.3,grocery,0
O004970,C00583,2026-06-10,13973.38,apparel,0
O004971,C00583,2026-08-30,3141.63,electronics,0
O004972,C00397,2026-05-23,4018.15,apparel,0
O004973,C00397,2026-05-06,1957.69,beauty,0
O004974,C00397,2026-06-22,13780.44,grocery,0
O004975,C00397,2026-05-04,10590.26,electronics,0
O004976,C00397,2026-07-19,12981.7,beauty,0
O004977,C00397,2026-08-08,11477.17,grocery,0
O004978,C00802,2026-05-11,9310.6,grocery,0
O004979,C00802,2026-05-20,1719.07,apparel,0
O004980,C00802,2026-07-02,3227.69,grocery,0
O004981,C00802,2026-04-21,3524.3,beauty,1
O004982,C00802,2026-07-03,607.77,apparel,0
O004983,C00802,2026-06-01,1217.1,home,0
O004984,C00802,2026-05-11,11295.54,grocery,0
O004985,C00802,2026-04-11,8296.39,apparel,0
O004986,C00802,2026-03-27,356.58,electronics,0
O004987,C00802,2026-08-20,2938.07,apparel,0
O004988,C00802,2026-08-16,13517.42,grocery,0
O004989,C00325,2026-08-14,6443.57,grocery,0
O004990,C00325,2026-04-23,11741.8,grocery,0
O004991,C00839,2026-06-20,6152.18,beauty,0
O004992,C00839,2026-04-21,7023.61,beauty,0
O004993,C00013,2026-05-08,13376.17,grocery,0
O004994,C00013,2026-03-10,5964.86,apparel,0
O004995,C00013,2026-06-11,7409.69,electronics,0
O004996,C00013,2026-08-17,9634.5,grocery,0
O004997,C00013,2026-03-24,11325.63,beauty,0
O004998,C00541,2026-04-04,1839.9,beauty,0
O004999,C00541,2026-05-03,14487.44,electronics,0
O005000,C00541,2026-05-12,1393.47,apparel,1
O005001,C00541,2026-07-28,11929.2,apparel,0
O005002,C00800,2026-05-15,12782.49,apparel,0
O005003,C00800,2026-04-20,3046.47,grocery,0
O005004,C00800,2026-03-28,1230.52,beauty,0
O005005,C00800,2026-04-10,14087.07,electronics,0
O005006,C00800,2026-07-23,13466.1,beauty,0
O005007,C00609,2026-08-16,938.7,home,0
O005008,C00609,2026-08-23,2755.61,grocery,0
O005009,C00609,2026-08-30,12887.62,home,0
O005010,C00609,2026-07-02,1403.39,apparel,0
O005011,C00609,2026-03-19,6835.54,beauty,0
O005012,C00609,2026-03-09,13797.85,electronics,0
O005013,C00609,2026-07-30,9023.29,grocery,0
O005014,C00609,2026-04-26,9755.8,grocery,0
O005015,C00654,2026-05-24,544.55,apparel,0
O005016,C00654,2026-04-02,5839.99,beauty,0
O005017,C00654,2026-07-14,11526.67,grocery,0
O005018,C00654,2026-04-13,8748.77,electronics,0
O005019,C00654,2026-03-26,6888.8,home,0
O005020,C00654,2026-08-24,9019.7,apparel,0
O005021,C00512,2026-03-22,9154.46,beauty,0
O005022,C00512,2026-07-26,432.78,beauty,0
O005023,C00512,2026-08-07,13332.94,grocery,0
O005024,C00512,2026-06-08,630.38,home,0
O005025,C00512,2026-04-23,2397.97,grocery,0
O005026,C00512,2026-09-04,8976.91,home,0
O005027,C00512,2026-08-07,6736.73,grocery,1
O005028,C00247,2026-07-11,9050.75,home,0
O005029,C00247,2026-04-05,7621.05,grocery,0
O005030,C00247,2026-07-09,9381.76,grocery,0
O005031,C00247,2026-06-06,4354.25,grocery,0
O005032,C00247,2026-06-13,9241.46,grocery,0
O005033,C00247,2026-04-08,1954.41,beauty,0
O005034,C00247,2026-05-30,12631.77,grocery,0
O005035,C00247,2026-08-05,5347.43,beauty,0
O005036,C00116,2026-04-30,8138.3,beauty,0
O005037,C00116,2026-06-21,8888.91,electronics,0
O005038,C00116,2026-07-11,4945.75,grocery,0
O005039,C00116,2026-06-22,9708.14,beauty,0
O005040,C00116,2026-07-29,5102.01,apparel,0
O005041,C00116,2026-04-25,13348.16,electronics,0
O005042,C00116,2026-07-06,2351.25,beauty,0
O005043,C00116,2026-05-15,6183.16,grocery,1
O005044,C00116,2026-06-24,1199.74,grocery,0
O005045,C00116,2026-05-10,8159.23,home,0
O005046,C00116,2026-07-25,1834.31,apparel,0
O005047,C00396,2026-07-18,13161.53,electronics,0
O005048,C00396,2026-05-10,4785.28,grocery,0
O005049,C00877,2026-06-24,9046.56,beauty,0
O005050,C00877,2026-05-11,12862.77,electronics,0
O005051,C00877,2026-04-11,6415.11,apparel,0
O005052,C00877,2026-04-13,13904.18,beauty,1
O005053,C00877,2026-06-30,13753.42,electronics,0
O005054,C00877,2026-07-16,975.09,home,1
O005055,C00877,2026-05-07,11468.65,beauty,0
O005056,C00877,2026-04-11,13362.49,grocery,0
O005057,C00877,2026-07-19,3288.59,home,0
O005058,C00877,2026-08-19,1727.24,home,0
O005059,C00246,2026-05-15,12716.66,home,0
O005060,C00246,2026-04-05,8671.39,grocery,0
O005061,C00246,2026-07-25,13735.51,electronics,0
O005062,C00246,2026-08-22,8103.05,apparel,0
O005063,C00246,2026-05-08,9748.26,electronics,0
O005064,C00246,2026-03-28,9576.04,apparel,1
O005065,C00246,2026-05-26,13361.77,electronics,0
O005066,C00246,2026-03-31,4289.33,home,1
O005067,C00246,2026-06-14,14543.26,apparel,0
O005068,C00246,2026-05-11,14090.69,beauty,0
O005069,C00246,2026-06-12,10079.4,beauty,0
O005070,C00056,2026-05-19,6192.78,home,0
O005071,C00056,2026-07-06,14117.98,beauty,0
O005072,C00056,2026-03-25,11738.35,electronics,0
O005073,C00056,2026-06-04,5359.64,grocery,0
O005074,C00056,2026-03-21,7322.0,home,0
O005075,C00056,2026-03-19,11591.34,apparel,0
O005076,C00056,2026-05-13,2957.76,grocery,0
O005077,C00056,2026-09-02,3767.9,home,1
O005078,C00056,2026-03-19,732.17,beauty,0
O005079,C00056,2026-06-19,13541.27,home,0
O005080,C00662,2026-08-21,3575.71,beauty,0
O005081,C00662,2026-07-10,1716.92,apparel,0
O005082,C00662,2026-03-18,4894.34,beauty,0
O005083,C00662,2026-05-18,14550.9,home,0
O005084,C00662,2026-05-07,5411.16,electronics,0
O005085,C00662,2026-07-03,12484.82,grocery,0
O005086,C00662,2026-03-27,11193.03,beauty,1
O005087,C00662,2026-04-28,3017.07,electronics,0
O005088,C00662,2026-06-04,1299.45,beauty,0
O005089,C00662,2026-06-05,11748.37,apparel,0
O005090,C00303,2026-05-07,7571.41,beauty,0
O005091,C00303,2026-04-30,8180.25,grocery,0
O005092,C00303,2026-06-08,9377.04,grocery,0
O005093,C00303,2026-04-22,10224.07,grocery,0
O005094,C00303,2026-08-04,2959.89,home,0
O005095,C00303,2026-05-19,12672.96,apparel,0
O005096,C00303,2026-07-11,4895.63,beauty,0
O005097,C00303,2026-04-19,7684.65,beauty,1
O005098,C00303,2026-05-17,1535.29,electronics,0
O005099,C00303,2026-08-05,13768.68,grocery,1
O005100,C00303,2026-04-05,993.31,home,0
O005101,C00303,2026-05-05,4097.4,beauty,0
O005102,C00402,2026-06-02,3457.91,apparel,0
O005103,C00402,2026-08-25,13145.52,home,0
O005104,C00402,2026-06-19,11905.22,beauty,0
O005105,C00402,2026-07-29,8834.54,grocery,0
O005106,C00402,2026-07-31,4121.37,grocery,0
O005107,C00402,2026-08-21,5200.54,beauty,0
O005108,C00194,2026-07-29,3567.01,electronics,0
O005109,C00194,2026-05-05,6492.89,electronics,0
O005110,C00194,2026-03-30,3822.8,grocery,0
O005111,C00194,2026-08-17,14711.92,beauty,0
O005112,C00194,2026-08-09,7840.8,grocery,0
O005113,C00194,2026-08-19,2873.71,grocery,0
O005114,C00194,2026-06-06,11977.74,beauty,1
O005115,C00194,2026-04-01,3185.6,home,0
O005116,C00194,2026-05-17,6691.49,home,0
O005117,C00194,2026-06-29,4907.88,electronics,0
O005118,C00522,2026-05-06,3426.79,home,0
O005119,C00522,2026-07-23,7394.67,grocery,0
O005120,C00522,2026-08-12,7824.7,electronics,1
O005121,C00522,2026-06-27,10377.72,apparel,0
O005122,C00522,2026-06-06,13079.54,beauty,0
O005123,C00522,2026-04-16,7344.1,beauty,0
O005124,C00522,2026-04-28,9009.6,beauty,0
O005125,C00522,2026-05-04,1259.97,home,0
O005126,C00522,2026-08-20,12260.4,apparel,0
O005127,C00622,2026-08-31,4077.2,beauty,0
O005128,C00622,2026-07-04,6621.17,home,0
O005129,C00622,2026-04-17,8936.87,grocery,0
O005130,C00622,2026-03-16,10435.56,electronics,0
O005131,C00622,2026-05-12,9054.99,home,0
O005132,C00622,2026-04-22,8788.36,grocery,0
O005133,C00622,2026-06-11,12540.11,home,0
O005134,C00622,2026-06-16,10652.79,grocery,0
O005135,C00622,2026-06-20,10054.5,home,0
O005136,C00622,2026-03-14,2801.96,home,0
O005137,C00622,2026-04-21,11121.0,grocery,0
O005138,C00531,2026-04-15,10148.88,beauty,0
O005139,C00531,2026-04-02,6739.19,grocery,0
O005140,C00531,2026-06-19,5752.75,beauty,0
O005141,C00531,2026-04-20,10736.69,home,0
O005142,C00531,2026-05-29,2158.35,grocery,0
O005143,C00531,2026-03-25,12686.03,electronics,0
O005144,C00531,2026-08-25,1350.42,grocery,0
O005145,C00531,2026-08-08,8220.55,electronics,0
O005146,C00531,2026-03-22,4698.82,grocery,0
O005147,C00531,2026-07-20,9244.01,beauty,0
O005148,C00211,2026-04-17,13915.58,grocery,0
O005149,C00211,2026-04-24,13763.79,home,0
O005150,C00211,2026-08-16,12220.01,home,0
O005151,C00309,2026-07-12,14925.23,grocery,0
O005152,C00309,2026-06-18,2978.71,apparel,0
O005153,C00309,2026-09-03,3385.82,grocery,0
O005154,C00309,2026-07-03,6685.94,grocery,0
O005155,C00309,2026-04-13,1504.17,apparel,0
O005156,C00675,2026-05-30,7527.76,grocery,0
O005157,C00675,2026-03-16,14195.32,home,1
O005158,C00675,2026-06-16,13346.37,electronics,0
O005159,C00675,2026-06-09,9372.77,grocery,0
O005160,C00675,2026-06-15,2753.78,electronics,0
O005161,C00675,2026-06-20,8783.26,home,0
O005162,C00675,2026-08-28,8536.03,beauty,0
O005163,C00675,2026-04-11,8902.46,apparel,0
O005164,C00675,2026-08-13,5792.93,home,0
O005165,C00675,2026-09-02,8215.38,electronics,0
O005166,C00675,2026-06-25,7130.79,electronics,0
O005167,C00028,2026-03-22,11268.09,electronics,0
O005168,C00028,2026-05-16,3844.63,grocery,0
O005169,C00028,2026-08-10,3954.71,grocery,0
O005170,C00028,2026-04-11,8730.53,beauty,0
O005171,C00028,2026-06-10,9800.88,home,0
O005172,C00028,2026-06-22,3877.23,beauty,0
O005173,C00028,2026-06-09,1168.34,grocery,1
O005174,C00028,2026-04-16,8164.67,electronics,0
O005175,C00028,2026-03-10,10842.53,electronics,0
O005176,C00028,2026-05-03,1196.65,apparel,0
O005177,C00028,2026-08-16,10805.11,apparel,0
O005178,C00028,2026-06-24,13614.92,grocery,0
O005179,C00708,2026-06-01,11435.63,apparel,0
O005180,C00708,2026-04-13,1459.33,home,0
O005181,C00708,2026-05-09,9113.88,grocery,0
O005182,C00708,2026-07-19,5492.48,grocery,0
O005183,C00708,2026-03-21,404.58,home,1
O005184,C00708,2026-05-08,14638.79,beauty,0
O005185,C00708,2026-04-13,9603.18,home,1
O005186,C00708,2026-04-01,3920.76,home,0
O005187,C00708,2026-06-03,12360.05,apparel,0
O005188,C00292,2026-07-21,13195.14,electronics,0
O005189,C00292,2026-05-07,3917.66,grocery,0
O005190,C00292,2026-05-27,2270.15,grocery,1
O005191,C00292,2026-05-11,7231.59,apparel,0
O005192,C00292,2026-08-17,12872.33,grocery,0
O005193,C00292,2026-07-15,14952.5,beauty,0
O005194,C00292,2026-04-19,5343.8,apparel,0
O005195,C00292,2026-09-04,7962.23,beauty,0
O005196,C00292,2026-05-11,4069.44,beauty,0
O005197,C00292,2026-07-28,13431.53,grocery,0
O005198,C00292,2026-04-21,7088.86,home,0
O005199,C00623,2026-06-10,5221.0,home,0
O005200,C00623,2026-08-13,4204.33,home,0
O005201,C00623,2026-08-12,850.86,grocery,0
O005202,C00623,2026-08-08,2289.92,apparel,0
O005203,C00623,2026-06-16,2397.84,beauty,1
O005204,C00623,2026-03-18,2274.52,grocery,0
O005205,C00623,2026-03-28,4170.47,home,0
O005206,C00623,2026-06-16,6963.33,grocery,0
O005207,C00623,2026-06-26,3679.78,home,0
O005208,C00623,2026-08-23,13920.51,grocery,0
O005209,C00623,2026-03-29,12020.13,beauty,0
O005210,C00623,2026-05-17,4123.88,grocery,0
O005211,C00739,2026-05-30,2845.06,grocery,0
O005212,C00739,2026-07-20,4389.83,grocery,0
O005213,C00739,2026-06-09,11549.33,home,0
O005214,C00739,2026-04-14,5453.89,apparel,0
O005215,C00739,2026-05-04,11573.71,grocery,0
O005216,C00739,2026-05-02,6969.02,beauty,0
O005217,C00739,2026-08-24,4208.47,apparel,1
O005218,C00739,2026-05-22,14527.18,grocery,1
O005219,C00739,2026-06-13,14781.25,electronics,0
O005220,C00739,2026-03-26,12635.41,home,0
O005221,C00739,2026-07-29,11555.3,electronics,0
O005222,C00739,2026-06-10,14222.53,grocery,0
O005223,C00615,2026-06-02,13546.84,grocery,0
O005224,C00615,2026-07-31,8361.14,beauty,0
O005225,C00615,2026-05-21,5579.42,grocery,0
O005226,C00615,2026-04-09,3740.34,beauty,0
O005227,C00615,2026-07-02,7280.98,electronics,0
O005228,C00615,2026-08-13,1686.11,electronics,0
O005229,C00615,2026-05-25,9453.52,electronics,0
O005230,C00615,2026-07-01,5431.87,grocery,0
O005231,C00615,2026-03-21,13138.21,electronics,0
O005232,C00615,2026-05-08,2177.43,apparel,0
O005233,C00616,2026-04-21,4150.9,apparel,1
O005234,C00616,2026-04-18,3719.86,electronics,0
O005235,C00616,2026-08-13,10945.17,home,0
O005236,C00616,2026-05-24,2269.07,home,0
O005237,C00616,2026-04-04,1274.39,electronics,0
O005238,C00616,2026-07-01,7572.79,grocery,0
O005239,C00616,2026-07-04,4300.04,grocery,0
O005240,C00567,2026-06-28,5757.1,apparel,0
O005241,C00567,2026-04-27,9755.72,electronics,0
O005242,C00567,2026-08-28,10804.43,home,0
O005243,C00567,2026-05-21,9624.09,apparel,1
O005244,C00567,2026-07-09,4372.6,beauty,0
O005245,C00255,2026-08-10,11242.81,home,0
O005246,C00255,2026-05-31,8742.74,apparel,0
O005247,C00087,2026-04-28,1448.49,beauty,0
O005248,C00087,2026-08-31,11963.73,apparel,0
O005249,C00087,2026-05-14,4195.72,apparel,0
O005250,C00087,2026-03-19,1765.28,grocery,0
O005251,C00661,2026-07-05,6644.83,beauty,0
O005252,C00661,2026-07-01,7280.9,apparel,0
O005253,C00661,2026-06-28,6895.17,apparel,0
O005254,C00661,2026-06-30,13970.52,electronics,1
O005255,C00661,2026-08-09,5227.75,apparel,1
O005256,C00661,2026-03-14,12098.04,apparel,0
O005257,C00661,2026-07-20,5597.75,beauty,1
O005258,C00661,2026-03-16,8875.87,electronics,0
O005259,C00661,2026-03-30,7294.2,home,0
O005260,C00661,2026-03-18,1707.96,apparel,1
O005261,C00661,2026-06-20,14343.13,grocery,0
O005262,C00943,2026-07-02,7082.5,grocery,1
O005263,C00943,2026-06-24,3085.75,electronics,1
O005264,C00929,2026-05-14,8245.88,beauty,1
O005265,C00929,2026-06-10,11225.69,beauty,1
O005266,C00929,2026-04-22,9929.76,beauty,0
O005267,C00929,2026-06-29,2063.27,home,1
O005268,C00929,2026-03-12,13854.13,home,1
O005269,C00929,2026-06-20,11947.5,beauty,0
O005270,C00929,2026-08-31,2757.6,electronics,1
O005271,C00929,2026-04-23,392.44,home,1
O005272,C00929,2026-08-17,6283.82,apparel,1
O005273,C00929,2026-07-19,11465.77,home,0
O005274,C00929,2026-07-24,13980.9,apparel,0
O005275,C00929,2026-05-14,2420.1,beauty,1
O005276,C00762,2026-04-09,2961.93,grocery,0
O005277,C00762,2026-03-27,1509.55,electronics,0
O005278,C00323,2026-07-23,12685.78,apparel,0
O005279,C00323,2026-03-25,632.28,apparel,0
O005280,C00323,2026-06-21,9495.0,home,0
O005281,C00323,2026-07-02,13867.35,beauty,0
O005282,C00323,2026-05-27,9877.72,grocery,0
O005283,C00323,2026-07-15,10886.94,electronics,0
O005284,C00323,2026-06-18,10253.77,home,0
O005285,C00323,2026-05-04,12459.27,home,0
O005286,C00323,2026-08-31,5456.11,beauty,0
O005287,C00323,2026-05-03,1854.8,grocery,1
O005288,C00323,2026-04-11,4999.14,grocery,0
O005289,C00824,2026-07-13,1636.51,beauty,0
O005290,C00824,2026-05-05,6247.67,home,0
O005291,C00824,2026-05-23,12094.31,beauty,0
O005292,C00824,2026-05-01,8473.24,grocery,0
O005293,C00824,2026-07-29,2165.46,beauty,0
O005294,C00824,2026-06-16,1164.18,electronics,0
O005295,C00824,2026-08-06,4257.74,beauty,0
O005296,C00824,2026-06-17,7814.23,apparel,0
O005297,C00824,2026-05-05,9963.03,electronics,0
O005298,C00824,2026-07-07,1910.17,electronics,0
O005299,C00824,2026-08-01,9409.76,grocery,0
O005300,C00775,2026-08-30,8697.82,grocery,1
O005301,C00775,2026-08-18,11597.46,apparel,0
O005302,C00775,2026-07-17,14440.63,apparel,0
O005303,C00775,2026-07-06,11845.72,apparel,0
O005304,C00394,2026-07-27,7794.96,home,0
O005305,C00394,2026-06-05,14273.58,grocery,0
O005306,C00394,2026-06-30,3592.82,grocery,0
O005307,C00394,2026-05-19,4332.52,apparel,0
O005308,C00394,2026-06-02,12878.54,apparel,0
O005309,C00394,2026-04-11,2747.55,beauty,1
O005310,C00748,2026-06-25,13569.14,electronics,1
O005311,C00748,2026-09-01,11492.03,electronics,0
O005312,C00748,2026-08-26,567.15,grocery,1
O005313,C00748,2026-05-20,11961.21,beauty,0
O005314,C00748,2026-08-15,9028.03,grocery,0
O005315,C00748,2026-08-06,7887.52,grocery,1
O005316,C00748,2026-08-28,8651.48,electronics,0
O005317,C00748,2026-06-12,2050.93,electronics,0
O005318,C00748,2026-05-11,14337.69,electronics,1
O005319,C00748,2026-07-10,11368.64,apparel,0
O005320,C00748,2026-07-24,2341.3,beauty,0
O005321,C00748,2026-06-27,7014.17,grocery,0
O005322,C00604,2026-05-15,11668.02,beauty,0
O005323,C00604,2026-08-02,9381.31,beauty,0
O005324,C00604,2026-06-17,11988.8,home,1
O005325,C00604,2026-04-02,14838.18,electronics,0
O005326,C00604,2026-06-17,13039.03,grocery,0
O005327,C00604,2026-07-31,14999.63,beauty,0
O005328,C00604,2026-03-30,1044.73,grocery,0
O005329,C00604,2026-08-19,14594.88,grocery,0
O005330,C00604,2026-07-02,3521.04,beauty,0
O005331,C00604,2026-03-18,1722.68,apparel,0
O005332,C00604,2026-04-12,1512.48,electronics,0
O005333,C00604,2026-04-05,1551.9,electronics,0
O005334,C00127,2026-03-22,5146.97,apparel,0
O005335,C00127,2026-06-02,14453.94,home,0
O005336,C00127,2026-07-31,567.12,home,0
O005337,C00127,2026-06-30,10071.54,electronics,0
O005338,C00127,2026-06-06,5061.95,apparel,0
O005339,C00127,2026-07-28,6343.4,beauty,0
O005340,C00127,2026-06-21,14168.71,grocery,0
O005341,C00127,2026-07-05,4465.74,home,0
O005342,C00127,2026-07-15,6649.55,apparel,0
O005343,C00127,2026-08-30,1703.71,grocery,0
O005344,C00127,2026-07-15,13254.15,electronics,0
O005345,C00127,2026-08-20,10683.2,grocery,0
O005346,C00144,2026-07-09,2537.45,apparel,0
O005347,C00144,2026-08-18,7846.08,grocery,0
O005348,C00144,2026-03-23,4548.09,electronics,0
O005349,C00103,2026-08-15,5395.76,electronics,1
O005350,C00103,2026-04-04,10425.76,apparel,0
O005351,C00103,2026-05-06,11908.13,home,0
O005352,C00103,2026-06-19,3132.0,home,0
O005353,C00089,2026-06-21,3567.36,beauty,0
O005354,C00089,2026-04-14,4631.49,apparel,1
O005355,C00089,2026-07-11,14889.61,grocery,0
O005356,C00089,2026-07-05,8409.41,home,0
O005357,C00223,2026-09-01,9536.62,home,0
O005358,C00223,2026-08-22,563.11,beauty,0
O005359,C00223,2026-06-04,766.1,beauty,0
O005360,C00454,2026-08-30,1114.11,beauty,0
O005361,C00454,2026-03-24,1090.6,apparel,0
O005362,C00454,2026-06-06,7978.86,beauty,0
O005363,C00454,2026-03-11,1619.05,apparel,0
O005364,C00454,2026-09-04,13589.97,grocery,0
O005365,C00454,2026-05-11,13900.88,beauty,0
O005366,C00454,2026-08-01,1616.7,electronics,0
O005367,C00454,2026-06-29,4188.03,grocery,0
O005368,C00454,2026-06-19,469.47,beauty,0
O005369,C00454,2026-05-06,5079.0,home,0
O005370,C00454,2026-09-02,10963.47,home,0
O005371,C00704,2026-04-29,14817.36,home,0
O005372,C00704,2026-09-04,14505.98,electronics,0
O005373,C00704,2026-05-11,5193.58,electronics,0
O005374,C00704,2026-08-13,10871.92,apparel,0
O005375,C00704,2026-03-28,4844.18,apparel,0
O005376,C00704,2026-08-09,5440.92,beauty,0
O005377,C00704,2026-04-29,14987.84,grocery,1
O005378,C00704,2026-08-10,14120.96,electronics,0
O005379,C00704,2026-09-04,2155.4,beauty,0
O005380,C00704,2026-04-18,2994.11,beauty,0
O005381,C00704,2026-05-30,7788.0,beauty,0
O005382,C00704,2026-06-13,5995.17,home,0
O005383,C00631,2026-08-03,12882.11,home,0
O005384,C00631,2026-08-25,14358.97,grocery,0
O005385,C00631,2026-04-09,13292.95,beauty,0
O005386,C00631,2026-06-18,6797.37,home,0
O005387,C00631,2026-05-23,4613.74,beauty,0
O005388,C00631,2026-06-18,10037.15,grocery,0
O005389,C00631,2026-03-29,3353.09,electronics,1
O005390,C00631,2026-03-25,14632.02,electronics,1
O005391,C00944,2026-04-13,14611.25,apparel,0
O005392,C00944,2026-07-27,13002.19,apparel,1
O005393,C00944,2026-04-20,4816.41,beauty,1
O005394,C00944,2026-07-10,11382.33,grocery,0
O005395,C00944,2026-03-14,1923.8,electronics,1
O005396,C00944,2026-04-18,9666.81,home,1
O005397,C00944,2026-06-19,11342.79,apparel,1
O005398,C00944,2026-06-14,8750.03,apparel,1
O005399,C00944,2026-05-14,6175.14,home,1
O005400,C00944,2026-08-02,9749.43,electronics,0
O005401,C00156,2026-06-01,10740.78,beauty,1
O005402,C00156,2026-08-20,8336.52,electronics,0
O005403,C00156,2026-06-21,7114.91,electronics,0
O005404,C00767,2026-03-31,8925.36,home,0
O005405,C00767,2026-08-06,13000.8,apparel,0
O005406,C00767,2026-03-24,8065.06,home,0
O005407,C00767,2026-06-29,6470.7,electronics,0
O005408,C00767,2026-04-25,6255.73,electronics,0
O005409,C00767,2026-07-05,1745.59,electronics,0
O005410,C00767,2026-06-12,2971.65,apparel,0
O005411,C00767,2026-08-18,5754.73,apparel,0
O005412,C00767,2026-06-21,4400.8,apparel,0
O005413,C00767,2026-03-24,730.82,beauty,0
O005414,C00767,2026-05-01,9286.12,grocery,0
O005415,C00767,2026-09-02,12409.8,apparel,0
O005416,C00644,2026-05-13,10788.89,grocery,0
O005417,C00644,2026-06-28,14815.58,apparel,0
O005418,C00644,2026-03-11,14992.69,apparel,0
O005419,C00644,2026-08-28,6866.81,grocery,0
O005420,C00644,2026-08-15,13712.56,electronics,0
O005421,C00644,2026-03-13,12171.54,electronics,1
O005422,C00644,2026-07-30,3384.89,beauty,0
O005423,C00644,2026-08-10,3838.32,beauty,0
O005424,C00644,2026-07-06,8968.5,beauty,0
O005425,C00818,2026-07-14,13304.0,beauty,0
O005426,C00818,2026-09-03,2587.14,home,0
O005427,C00818,2026-08-24,9367.53,electronics,0
O005428,C00818,2026-08-19,4098.05,grocery,0
O005429,C00818,2026-07-26,12727.39,beauty,0
O005430,C00818,2026-06-28,5131.25,home,0
O005431,C00818,2026-07-09,9541.69,electronics,0
O005432,C00818,2026-08-20,6731.98,apparel,0
O005433,C00818,2026-04-10,2735.03,electronics,0
O005434,C00818,2026-08-17,13862.57,grocery,1
O005435,C00818,2026-03-29,13048.26,beauty,0
O005436,C00818,2026-06-03,350.91,apparel,0
O005437,C00740,2026-06-07,1126.7,apparel,0
O005438,C00740,2026-06-29,14198.75,electronics,0
O005439,C00740,2026-03-18,8422.11,grocery,0
O005440,C00740,2026-05-19,9348.87,apparel,0
O005441,C00740,2026-05-09,3281.2,grocery,0
O005442,C00740,2026-04-06,8944.76,beauty,0
O005443,C00740,2026-06-25,7509.03,electronics,0
O005444,C00740,2026-08-23,7431.92,apparel,0
O005445,C00740,2026-05-30,13211.11,grocery,1
O005446,C00360,2026-09-04,8341.34,grocery,0
O005447,C00360,2026-05-30,5472.9,grocery,0
O005448,C00360,2026-06-30,2794.83,home,1
O005449,C00451,2026-04-18,3154.07,apparel,0
O005450,C00451,2026-04-20,6110.34,apparel,0
O005451,C00451,2026-08-15,12416.34,beauty,0
O005452,C00451,2026-08-09,11903.33,beauty,0
O005453,C00451,2026-05-20,11522.25,grocery,0
O005454,C00451,2026-03-26,7001.63,beauty,0
O005455,C00451,2026-07-08,592.87,beauty,0
O005456,C00451,2026-08-16,5540.66,beauty,0
O005457,C00451,2026-07-14,2040.39,grocery,0
O005458,C00451,2026-05-08,13741.54,home,0
O005459,C00451,2026-07-31,14112.16,apparel,0
O005460,C00451,2026-06-14,1107.31,electronics,0
O005461,C00169,2026-06-21,364.85,electronics,0
O005462,C00169,2026-08-01,5650.49,grocery,0
O005463,C00169,2026-03-13,13423.98,apparel,0
O005464,C00169,2026-08-02,3414.66,electronics,0
O005465,C00169,2026-07-27,13025.83,grocery,0
O005466,C00169,2026-06-07,8264.89,home,1
O005467,C00169,2026-08-01,3539.74,electronics,0
O005468,C00169,2026-03-11,1874.91,beauty,0
O005469,C00953,2026-07-25,12266.5,home,0
O005470,C00953,2026-07-29,2466.19,home,0
O005471,C00953,2026-08-20,7301.19,home,0
O005472,C00953,2026-08-31,14840.68,home,0
O005473,C00953,2026-08-11,3697.0,grocery,1
O005474,C00953,2026-08-10,4854.92,electronics,0
O005475,C00953,2026-08-16,551.02,electronics,1
O005476,C00953,2026-08-13,13707.63,beauty,0
O005477,C00953,2026-08-05,7511.58,grocery,1
O005478,C00953,2026-08-03,5004.84,apparel,0
O005479,C00953,2026-08-16,11243.56,electronics,1
O005480,C00625,2026-08-05,7542.39,electronics,0
O005481,C00625,2026-08-18,9006.45,grocery,0
O005482,C00625,2026-07-16,1747.4,home,0
O005483,C00625,2026-05-09,5832.79,electronics,0
O005484,C00866,2026-04-15,7089.34,apparel,0
O005485,C00866,2026-04-02,577.25,home,0
O005486,C00866,2026-07-17,6696.44,home,0
O005487,C00866,2026-05-24,6515.92,beauty,0
O005488,C00866,2026-03-12,839.17,electronics,0
O005489,C00866,2026-07-31,701.55,apparel,0
O005490,C00866,2026-07-31,7650.59,electronics,1
O005491,C00866,2026-04-01,12140.98,beauty,0
O005492,C00866,2026-04-01,9725.89,apparel,0
O005493,C00866,2026-06-28,10923.1,apparel,0
O005494,C00866,2026-04-24,4975.34,apparel,0
O005495,C00866,2026-08-08,11711.86,beauty,0
O005496,C00577,2026-06-30,5067.47,beauty,0
O005497,C00577,2026-03-24,5934.84,apparel,0
O005498,C00577,2026-03-11,5185.26,beauty,0
O005499,C00577,2026-04-26,6221.55,apparel,0
O005500,C00577,2026-08-22,3033.27,grocery,0
O005501,C00577,2026-06-20,14956.37,beauty,0
O005502,C00544,2026-04-02,2300.77,beauty,0
O005503,C00544,2026-08-21,5845.53,apparel,0
O005504,C00544,2026-06-28,14200.25,apparel,0
O005505,C00544,2026-06-09,3361.21,grocery,0
O005506,C00544,2026-05-07,6193.03,beauty,0
O005507,C00544,2026-04-04,5564.58,apparel,0
O005508,C00544,2026-07-12,8076.5,grocery,0
O005509,C00544,2026-08-24,9228.51,beauty,0
O005510,C00071,2026-05-09,14061.06,beauty,0
O005511,C00071,2026-05-15,3736.21,electronics,0
O005512,C00071,2026-04-01,11768.53,apparel,0
O005513,C00071,2026-04-25,5398.74,electronics,0
O005514,C00071,2026-07-27,14170.78,grocery,0
O005515,C00071,2026-05-30,7271.7,grocery,0
O005516,C00071,2026-03-17,1531.98,home,0
O005517,C00071,2026-06-28,6905.77,home,0
O005518,C00071,2026-03-20,4919.78,home,0
O005519,C00071,2026-07-21,1149.26,beauty,0
O005520,C00071,2026-06-20,13262.99,beauty,0
O005521,C00071,2026-05-11,5360.65,apparel,0
O005522,C00147,2026-08-16,8924.44,electronics,0
O005523,C00147,2026-06-20,11784.47,home,0
O005524,C00147,2026-08-10,2959.64,apparel,0
O005525,C00147,2026-03-28,11318.81,apparel,0
O005526,C00147,2026-08-22,3331.76,electronics,0
O005527,C00147,2026-06-14,2878.99,apparel,0
O005528,C00147,2026-07-26,1864.33,electronics,0
O005529,C00147,2026-04-01,12502.94,beauty,0
O005530,C00694,2026-03-17,2716.41,home,0
O005531,C00694,2026-05-03,13280.7,home,0
O005532,C00694,2026-05-11,4242.61,grocery,0
O005533,C00694,2026-03-20,8435.85,electronics,0
O005534,C00694,2026-08-26,14117.96,beauty,0
O005535,C00694,2026-04-04,415.6,grocery,0
O005536,C00694,2026-05-06,2933.82,electronics,0
O005537,C00694,2026-04-19,11279.1,grocery,0
O005538,C00657,2026-07-25,14954.19,home,0
O005539,C00657,2026-06-06,6143.55,beauty,0
O005540,C00657,2026-04-18,1190.09,grocery,0
O005541,C00657,2026-05-25,1350.36,beauty,0
O005542,C00657,2026-03-22,11464.26,apparel,0
O005543,C00657,2026-08-31,1481.66,apparel,0
O005544,C00657,2026-05-14,11744.43,home,0
O005545,C00657,2026-07-22,14138.03,home,0
O005546,C00657,2026-08-10,3367.58,beauty,0
O005547,C00657,2026-08-08,2998.04,home,0
O005548,C00137,2026-06-20,6776.37,grocery,0
O005549,C00137,2026-06-13,6820.94,apparel,0
O005550,C00137,2026-04-17,378.34,apparel,0
O005551,C00137,2026-05-21,777.92,beauty,0
O005552,C00137,2026-08-03,5078.92,electronics,0
O005553,C00137,2026-05-26,5441.97,grocery,0
O005554,C00137,2026-04-05,8385.61,electronics,0
O005555,C00137,2026-09-02,3519.06,grocery,0
O005556,C00772,2026-06-02,10600.5,beauty,0
O005557,C00772,2026-03-24,12959.33,apparel,0
O005558,C00772,2026-04-20,2032.73,beauty,0
O005559,C00772,2026-07-21,9887.6,home,0
O005560,C00772,2026-05-15,8579.22,beauty,0
O005561,C00392,2026-06-15,6108.45,home,0
O005562,C00392,2026-07-26,6968.17,apparel,0
O005563,C00141,2026-07-03,5531.7,apparel,0
O005564,C00141,2026-05-25,4192.19,grocery,0
O005565,C00141,2026-06-27,6953.86,electronics,0
O005566,C00141,2026-04-25,8328.13,home,0
O005567,C00141,2026-04-18,6454.83,beauty,0
O005568,C00141,2026-05-16,11377.0,electronics,0
O005569,C00141,2026-04-24,8320.91,electronics,0
O005570,C00141,2026-08-11,12683.35,apparel,0
O005571,C00141,2026-07-07,2738.79,electronics,0
O005572,C00141,2026-03-20,11716.45,home,0
O005573,C00307,2026-07-23,13733.89,grocery,0
O005574,C00307,2026-03-10,13511.66,home,0
O005575,C00307,2026-07-08,3934.81,apparel,0
O005576,C00307,2026-05-12,2766.26,home,1
O005577,C00307,2026-06-22,2563.27,home,0
O005578,C00377,2026-05-10,5357.57,electronics,0
O005579,C00377,2026-08-25,13305.62,apparel,0
O005580,C00377,2026-08-01,4470.09,electronics,0
O005581,C00377,2026-08-19,6250.86,grocery,0
O005582,C00377,2026-05-31,12185.48,home,0
O005583,C00377,2026-03-26,3359.82,apparel,0
O005584,C00377,2026-05-19,3910.37,apparel,0
O005585,C00377,2026-07-09,3920.46,apparel,0
O005586,C00377,2026-05-04,2244.26,grocery,0
O005587,C00377,2026-06-04,8595.66,grocery,1
O005588,C00377,2026-07-16,3688.22,apparel,0
O005589,C00377,2026-04-25,11893.3,home,0
O005590,C00321,2026-03-25,5200.09,grocery,0
O005591,C00321,2026-07-13,13642.8,grocery,0
O005592,C00321,2026-05-12,2268.29,electronics,0
O005593,C00106,2026-08-23,14514.62,beauty,0
O005594,C00106,2026-05-22,7372.5,home,0
O005595,C00106,2026-08-15,4384.47,electronics,0
O005596,C00105,2026-05-20,9721.48,grocery,0
O005597,C00105,2026-04-24,6887.61,grocery,0
O005598,C00892,2026-06-30,2957.93,beauty,0
O005599,C00892,2026-06-11,3667.48,beauty,1
O005600,C00892,2026-06-27,10921.44,apparel,0
O005601,C00092,2026-04-14,10116.36,grocery,0
O005602,C00092,2026-05-17,6160.03,beauty,0
O005603,C00092,2026-05-15,13613.88,electronics,1
O005604,C00092,2026-08-09,6558.13,beauty,0
O005605,C00092,2026-08-26,3659.96,electronics,0
O005606,C00092,2026-03-31,2627.59,grocery,0
O005607,C00092,2026-03-28,4936.45,apparel,0
O005608,C00092,2026-05-21,3108.46,electronics,0
O005609,C00393,2026-05-04,3684.99,home,0
O005610,C00393,2026-04-25,4971.59,home,0
O005611,C00393,2026-05-24,11646.83,electronics,0
O005612,C00235,2026-07-18,1025.73,beauty,0
O005613,C00235,2026-07-06,8991.81,apparel,0
O005614,C00235,2026-03-17,9200.33,apparel,0
O005615,C00235,2026-07-15,11196.36,apparel,0
O005616,C00235,2026-04-04,1673.34,grocery,0
O005617,C00235,2026-08-18,12333.99,home,0
O005618,C00235,2026-06-15,8233.6,electronics,0
O005619,C00235,2026-09-01,11118.52,electronics,0
O005620,C00235,2026-04-24,8278.15,beauty,0
O005621,C00235,2026-06-08,7542.83,beauty,1
O005622,C00235,2026-06-11,3214.63,apparel,0
O005623,C00073,2026-04-13,8957.0,grocery,0
O005624,C00073,2026-06-05,1700.54,grocery,0
O005625,C00073,2026-03-14,2739.16,beauty,0
O005626,C00073,2026-08-22,10083.03,beauty,0
O005627,C00073,2026-04-08,13286.28,home,0
O005628,C00490,2026-06-22,8096.95,grocery,0
O005629,C00490,2026-07-02,11690.11,beauty,0
O005630,C00490,2026-05-29,7324.04,beauty,0
O005631,C00490,2026-08-04,564.45,grocery,0
O005632,C00490,2026-07-13,7389.15,grocery,0
O005633,C00490,2026-05-21,5627.47,apparel,0
O005634,C00490,2026-05-27,9673.42,home,0
O005635,C00490,2026-03-09,1478.25,grocery,0
O005636,C00490,2026-05-14,8465.1,apparel,0
O005637,C00490,2026-09-02,5450.34,electronics,0
O005638,C00490,2026-04-26,5484.23,beauty,0
O005639,C00490,2026-05-05,13278.97,home,0
O005640,C00884,2026-04-12,6344.48,grocery,0
O005641,C00884,2026-06-18,13247.93,electronics,0
O005642,C00884,2026-03-24,14202.73,apparel,0
O005643,C00884,2026-05-21,4320.85,home,0
O005644,C00884,2026-08-12,2872.55,electronics,0
O005645,C00884,2026-04-27,9200.62,beauty,0
O005646,C00884,2026-04-27,12522.69,beauty,0
O005647,C00884,2026-03-22,6325.67,electronics,1
O005648,C00884,2026-08-14,12516.35,home,0
O005649,C00711,2026-07-23,1281.27,home,0
O005650,C00711,2026-07-19,575.82,apparel,0
O005651,C00433,2026-05-28,11138.66,electronics,0
O005652,C00433,2026-03-23,3910.47,apparel,0
O005653,C00433,2026-03-15,2911.26,apparel,0
O005654,C00433,2026-08-29,7116.1,electronics,0
O005655,C00433,2026-03-29,3566.23,electronics,0
O005656,C00433,2026-07-08,6472.12,electronics,0
O005657,C00433,2026-07-22,2410.42,beauty,0
O005658,C00433,2026-06-06,5009.45,home,0
O005659,C00433,2026-05-10,13874.99,beauty,0
O005660,C00433,2026-07-10,1106.93,beauty,0
O005661,C00433,2026-08-29,6046.56,apparel,0
O005662,C00124,2026-04-17,5085.8,beauty,1
O005663,C00124,2026-05-13,4289.24,electronics,0
O005664,C00124,2026-06-20,6556.48,apparel,0
O005665,C00124,2026-08-25,10197.46,apparel,0
O005666,C00124,2026-08-14,13325.07,beauty,0
O005667,C00124,2026-07-10,9750.84,grocery,0
O005668,C00124,2026-09-03,10774.5,beauty,0
O005669,C00124,2026-05-06,14098.76,electronics,0
O005670,C00124,2026-05-27,4357.52,home,0
O005671,C00124,2026-08-16,11308.33,beauty,0
O005672,C00865,2026-04-29,9979.84,beauty,0
O005673,C00865,2026-03-17,7306.15,beauty,0
O005674,C00865,2026-05-20,11355.16,beauty,0
O005675,C00865,2026-04-02,3363.9,home,0
O005676,C00713,2026-03-16,4378.42,beauty,1
O005677,C00713,2026-04-14,7258.71,home,0
O005678,C00713,2026-07-16,8392.04,electronics,0
O005679,C00713,2026-06-25,12587.63,beauty,0
O005680,C00713,2026-06-23,8600.09,apparel,0
O005681,C00713,2026-03-09,2986.46,apparel,0
O005682,C00713,2026-04-04,3522.13,home,0
O005683,C00713,2026-06-12,4229.59,beauty,0
O005684,C00713,2026-04-19,4249.42,beauty,0
O005685,C00713,2026-03-10,12003.12,grocery,0
O005686,C00713,2026-04-29,8717.21,beauty,0
O005687,C00009,2026-04-05,458.47,home,0
O005688,C00009,2026-06-11,11658.85,home,0
O005689,C00009,2026-05-29,5863.95,apparel,0
O005690,C00009,2026-04-18,8646.95,home,0
O005691,C00009,2026-05-29,2842.46,grocery,0
O005692,C00009,2026-04-04,10679.64,electronics,0
O005693,C00009,2026-08-22,14695.02,electronics,0
O005694,C00009,2026-06-15,3638.91,home,0
O005695,C00009,2026-08-25,4900.4,home,0
O005696,C00009,2026-03-28,6044.98,home,0
O005697,C00009,2026-04-29,11769.38,grocery,0
O005698,C00010,2026-07-10,7311.25,electronics,0
O005699,C00010,2026-04-28,6581.91,home,0
O005700,C00456,2026-07-18,9635.84,electronics,0
O005701,C00456,2026-04-30,6997.48,grocery,0
O005702,C00456,2026-06-05,3420.5,electronics,0
O005703,C00456,2026-03-31,5815.09,grocery,0
O005704,C00456,2026-06-19,12695.65,home,0
O005705,C00456,2026-08-02,4069.19,beauty,0
O005706,C00456,2026-06-29,2231.19,beauty,0
O005707,C00456,2026-04-22,6240.74,electronics,0
O005708,C00456,2026-07-01,4664.94,electronics,0
O005709,C00697,2026-05-09,793.3,electronics,0
O005710,C00697,2026-08-10,7288.06,apparel,0
O005711,C00697,2026-04-19,1916.95,grocery,0
O005712,C00697,2026-09-04,902.84,beauty,0
O005713,C00697,2026-03-13,12613.13,beauty,0
O005714,C00697,2026-06-28,14651.51,home,1
O005715,C00697,2026-05-27,13269.85,electronics,0
O005716,C00697,2026-06-28,836.62,apparel,0
O005717,C00697,2026-08-10,13748.25,grocery,0
O005718,C00697,2026-03-17,3405.73,beauty,0
O005719,C00532,2026-05-29,10088.32,electronics,0
O005720,C00532,2026-06-13,7223.75,electronics,0
O005721,C00532,2026-05-26,2293.9,apparel,0
O005722,C00532,2026-04-28,13351.43,beauty,0
O005723,C00532,2026-07-21,9742.88,electronics,0
O005724,C00532,2026-08-02,11635.13,beauty,0
O005725,C00532,2026-08-23,7753.88,home,0
O005726,C00532,2026-09-03,11470.93,grocery,0
O005727,C00532,2026-07-15,986.36,beauty,0
O005728,C00232,2026-08-23,2786.65,grocery,0
O005729,C00232,2026-07-04,13066.33,grocery,0
O005730,C00232,2026-07-08,14814.95,electronics,0
O005731,C00232,2026-07-21,4929.22,home,0
O005732,C00232,2026-09-03,12704.48,home,0
O005733,C00608,2026-03-09,12478.01,beauty,0
O005734,C00608,2026-06-27,9824.3,grocery,1
O005735,C00608,2026-04-11,10592.33,electronics,0
O005736,C00608,2026-04-11,6201.65,beauty,0
O005737,C00608,2026-06-15,6044.09,apparel,1
O005738,C00608,2026-06-21,11509.29,beauty,0
O005739,C00608,2026-08-04,8794.84,electronics,0
O005740,C00608,2026-08-22,14169.53,grocery,0
O005741,C00608,2026-05-02,11571.04,grocery,0
O005742,C00608,2026-07-06,1477.35,grocery,0
O005743,C00608,2026-06-15,13978.18,beauty,0
O005744,C00846,2026-06-05,13288.47,apparel,0
O005745,C00846,2026-08-04,3730.69,electronics,0
O005746,C00846,2026-04-30,13741.98,electronics,0
O005747,C00080,2026-08-25,12507.74,grocery,0
O005748,C00080,2026-05-10,6256.81,home,0
O005749,C00080,2026-08-02,3331.83,grocery,0
O005750,C00080,2026-05-16,14319.11,apparel,0
O005751,C00080,2026-03-30,1580.34,apparel,0
O005752,C00080,2026-08-22,4746.56,grocery,0
O005753,C00080,2026-07-24,1960.43,home,0
O005754,C00080,2026-04-24,9274.29,beauty,0
O005755,C00080,2026-08-17,14910.09,grocery,0
O005756,C00080,2026-08-17,9368.87,grocery,0
O005757,C00489,2026-08-04,8098.38,home,0
O005758,C00489,2026-05-11,13713.2,home,0
O005759,C00489,2026-06-21,3906.76,electronics,0
O005760,C00489,2026-08-01,11807.31,electronics,0
O005761,C00489,2026-08-29,8220.02,beauty,0
O005762,C00489,2026-06-05,12942.48,electronics,0
O005763,C00489,2026-04-04,5840.51,home,0
O005764,C00489,2026-08-20,10263.67,home,0
O005765,C00489,2026-06-12,8057.25,electronics,0
O005766,C00219,2026-04-01,12808.44,grocery,0
O005767,C00219,2026-06-05,9975.1,grocery,0
O005768,C00219,2026-04-29,321.65,beauty,1
O005769,C00002,2026-08-28,2594.32,home,0
O005770,C00002,2026-04-16,13233.58,apparel,1
O005771,C00948,2026-07-27,762.25,electronics,1
O005772,C00948,2026-08-21,2508.27,apparel,1
O005773,C00721,2026-03-13,11624.79,home,0
O005774,C00721,2026-07-11,5095.86,electronics,0
O005775,C00721,2026-05-30,582.84,apparel,0
O005776,C00721,2026-08-12,9998.63,home,0
O005777,C00721,2026-06-24,3002.61,beauty,0
O005778,C00721,2026-06-25,1605.61,beauty,0
O005779,C00721,2026-04-01,6517.84,grocery,0
O005780,C00721,2026-08-09,10872.72,beauty,0
O005781,C00721,2026-03-29,2820.91,beauty,0
O005782,C00721,2026-08-03,2246.75,grocery,0
O005783,C00721,2026-05-22,2261.99,electronics,1
O005784,C00094,2026-08-18,7007.46,apparel,0
O005785,C00094,2026-08-17,6492.8,home,0
O005786,C00094,2026-08-15,3509.63,grocery,0
O005787,C00094,2026-04-30,9869.12,home,0
O005788,C00094,2026-08-06,7972.23,beauty,0
O005789,C00939,2026-07-26,12214.44,apparel,1
O005790,C00939,2026-08-04,9967.15,home,1
O005791,C00880,2026-08-16,572.94,electronics,0
O005792,C00880,2026-03-15,2596.29,apparel,0
O005793,C00880,2026-04-17,3955.07,apparel,0
O005794,C00880,2026-05-07,4214.02,beauty,0
O005795,C00880,2026-04-18,12300.53,electronics,0
O005796,C00240,2026-07-01,2238.33,home,0
O005797,C00240,2026-06-14,4978.2,home,0
O005798,C00240,2026-08-03,5516.44,beauty,0
O005799,C00240,2026-06-18,11382.32,grocery,0
O005800,C00240,2026-08-30,11909.66,home,0
O005801,C00774,2026-03-21,3873.15,beauty,1
O005802,C00774,2026-06-15,4298.07,grocery,0
O005803,C00774,2026-06-12,2047.19,grocery,0
O005804,C00774,2026-04-17,7626.67,grocery,0
O005805,C00774,2026-06-23,14104.33,beauty,0
O005806,C00774,2026-06-08,14986.22,apparel,0
O005807,C00774,2026-06-03,865.07,beauty,0
O005808,C00774,2026-07-13,9183.49,grocery,0
O005809,C00774,2026-08-01,6293.96,grocery,0
O005810,C00774,2026-05-17,5780.65,home,0
O005811,C00774,2026-06-16,7423.65,apparel,0
O005812,C00774,2026-04-21,1042.32,home,0
O005813,C00717,2026-07-29,6337.72,grocery,0
O005814,C00717,2026-04-23,5942.33,beauty,0
O005815,C00717,2026-04-19,6969.46,grocery,0
O005816,C00717,2026-05-26,2900.73,home,0
O005817,C00744,2026-05-03,8973.13,grocery,0
O005818,C00744,2026-08-03,2568.5,grocery,0
O005819,C00744,2026-06-09,11090.04,apparel,0
O005820,C00744,2026-06-04,11346.99,beauty,0
O005821,C00744,2026-03-11,6177.31,grocery,0
O005822,C00744,2026-08-17,7582.85,grocery,0
O005823,C00744,2026-04-26,13770.56,beauty,0
O005824,C00744,2026-03-27,2084.85,home,1
O005825,C00313,2026-04-23,3996.59,grocery,0
O005826,C00313,2026-07-26,1705.99,apparel,0
O005827,C00313,2026-03-10,11266.72,grocery,0
O005828,C00313,2026-07-04,14868.32,beauty,1
O005829,C00313,2026-03-11,364.96,electronics,1
O005830,C00313,2026-07-07,1030.15,beauty,0
O005831,C00313,2026-09-02,2457.87,grocery,0
O005832,C00313,2026-03-30,14175.26,home,0
O005833,C00313,2026-05-15,10021.62,electronics,0
O005834,C00313,2026-04-15,11047.01,grocery,0
O005835,C00641,2026-06-16,2037.67,apparel,0
O005836,C00641,2026-08-16,8751.2,home,0
O005837,C00641,2026-07-10,9642.85,grocery,0
O005838,C00406,2026-08-25,9773.08,beauty,0
O005839,C00406,2026-05-29,11211.56,apparel,0
O005840,C00406,2026-03-13,466.94,grocery,0
O005841,C00406,2026-04-14,9839.78,electronics,0
O005842,C00406,2026-06-22,3732.92,apparel,0
O005843,C00406,2026-04-02,14007.57,beauty,1
O005844,C00406,2026-05-24,14153.42,electronics,0
O005845,C00406,2026-04-03,4136.98,grocery,0
O005846,C00406,2026-05-15,13755.99,grocery,0
O005847,C00054,2026-04-29,14691.26,electronics,0
O005848,C00054,2026-08-08,12902.41,beauty,0
O005849,C00054,2026-04-10,13226.4,electronics,0
O005850,C00054,2026-03-16,5658.08,electronics,0
O005851,C00054,2026-09-04,6304.82,electronics,0
O005852,C00054,2026-04-28,6630.02,home,0
O005853,C00054,2026-03-22,2548.15,home,0
O005854,C00054,2026-07-14,398.9,apparel,0
O005855,C00054,2026-08-20,4818.1,home,0
O005856,C00054,2026-04-11,2701.49,apparel,1
O005857,C00170,2026-08-23,12801.18,electronics,0
O005858,C00170,2026-08-24,7594.15,beauty,1
O005859,C00170,2026-04-23,2792.51,beauty,0
O005860,C00665,2026-08-29,6459.94,grocery,0
O005861,C00665,2026-03-25,2936.28,electronics,0
O005862,C00665,2026-07-05,5202.83,grocery,0
O005863,C00665,2026-03-15,8882.28,electronics,0
O005864,C00665,2026-07-27,7879.86,apparel,0
O005865,C00665,2026-07-13,892.63,home,0
O005866,C00665,2026-05-17,12212.37,home,0
O005867,C00889,2026-06-04,11762.04,beauty,0
O005868,C00889,2026-06-06,6825.79,grocery,0
O005869,C00889,2026-04-04,2191.46,apparel,0
O005870,C00889,2026-03-10,1265.63,electronics,0
O005871,C00889,2026-04-30,7215.41,home,0
O005872,C00889,2026-08-03,11428.72,electronics,1
O005873,C00381,2026-05-02,14668.62,grocery,0
O005874,C00381,2026-03-21,14632.33,electronics,0
O005875,C00381,2026-03-12,3811.72,apparel,0
O005876,C00381,2026-03-19,9018.42,electronics,0
O005877,C00381,2026-07-24,5937.84,home,0
O005878,C00381,2026-07-21,12264.96,grocery,1
O005879,C00381,2026-06-13,7780.59,home,0
O005880,C00381,2026-07-20,11207.22,electronics,0
O005881,C00381,2026-07-01,12576.97,home,0
O005882,C00085,2026-08-18,3958.48,electronics,0
O005883,C00085,2026-07-23,989.3,beauty,0
O005884,C00085,2026-04-30,339.58,home,0
O005885,C00085,2026-03-28,3913.7,electronics,1
O005886,C00085,2026-06-26,4988.32,home,0
O005887,C00085,2026-04-19,4361.48,electronics,0
O005888,C00257,2026-04-08,11890.39,grocery,0
O005889,C00257,2026-04-30,1497.09,grocery,0
O005890,C00257,2026-05-20,3372.39,beauty,0
O005891,C00257,2026-08-07,2656.68,electronics,0
O005892,C00257,2026-04-24,5764.68,grocery,0
O005893,C00370,2026-08-19,10492.59,electronics,0
O005894,C00370,2026-06-23,8152.42,electronics,0
O005895,C00370,2026-07-11,5028.93,grocery,0
O005896,C00370,2026-03-23,1630.98,beauty,0
O005897,C00370,2026-03-20,6728.74,grocery,0
O005898,C00370,2026-07-07,3294.74,apparel,0
O005899,C00370,2026-06-10,6437.6,apparel,0
O005900,C00370,2026-07-25,3091.14,beauty,0
O005901,C00370,2026-07-06,12795.06,grocery,0
O005902,C00370,2026-05-08,13530.04,beauty,0
O005903,C00671,2026-03-28,10881.56,grocery,1
O005904,C00671,2026-07-10,14888.28,electronics,0
O005905,C00671,2026-09-04,903.09,electronics,0
O005906,C00671,2026-04-06,9342.46,grocery,0
O005907,C00671,2026-04-06,12388.17,home,0
O005908,C00671,2026-08-01,1459.25,apparel,0
O005909,C00671,2026-05-01,13683.89,beauty,0
O005910,C00671,2026-06-22,1714.85,grocery,0
O005911,C00671,2026-06-07,5276.0,electronics,0
O005912,C00893,2026-03-14,2053.78,grocery,0
O005913,C00893,2026-07-01,775.52,beauty,0
O005914,C00893,2026-07-28,10181.87,apparel,0
O005915,C00893,2026-07-29,4909.03,grocery,0
O005916,C00893,2026-06-25,10268.37,beauty,0
O005917,C00893,2026-06-09,4307.76,home,0
O005918,C00893,2026-04-07,10978.22,electronics,0
O005919,C00281,2026-07-31,10280.0,apparel,0
O005920,C00281,2026-05-23,13462.38,electronics,0
O005921,C00281,2026-04-27,1233.79,beauty,0
O005922,C00281,2026-08-24,12396.25,grocery,0
O005923,C00281,2026-06-28,3885.05,home,0
O005924,C00281,2026-05-27,11952.28,beauty,0
O005925,C00281,2026-04-17,2244.38,beauty,0
O005926,C00281,2026-04-13,5102.74,grocery,0
O005927,C00281,2026-04-12,340.81,apparel,0
O005928,C00281,2026-05-20,2326.66,beauty,0
O005929,C00163,2026-03-24,7446.58,grocery,0
O005930,C00163,2026-06-13,387.28,beauty,0
O005931,C00163,2026-08-19,1011.75,electronics,0
O005932,C00310,2026-05-05,6124.53,apparel,0
O005933,C00310,2026-08-10,422.95,electronics,0
O005934,C00310,2026-04-05,8104.26,electronics,0
O005935,C00310,2026-04-14,6605.34,electronics,0
O005936,C00310,2026-05-04,8940.19,electronics,0
O005937,C00310,2026-03-11,8923.63,grocery,0
O005938,C00310,2026-04-29,2724.16,apparel,0
O005939,C00310,2026-08-17,2404.49,apparel,0
O005940,C00666,2026-08-28,11580.67,beauty,0
O005941,C00666,2026-07-21,8655.83,grocery,0
O005942,C00935,2026-07-12,1948.07,apparel,1
O005943,C00935,2026-07-17,912.4,grocery,0
O005944,C00935,2026-04-19,6626.63,apparel,0
O005945,C00935,2026-04-11,7112.99,beauty,0
O005946,C00935,2026-05-29,10025.32,home,0
O005947,C00935,2026-03-28,14727.79,grocery,0
O005948,C00935,2026-03-29,944.52,home,0
O005949,C00706,2026-06-20,5141.85,grocery,0
O005950,C00706,2026-08-16,8494.34,grocery,1
O005951,C00706,2026-07-07,8355.95,beauty,0
O005952,C00706,2026-03-19,5450.75,apparel,0
O005953,C00706,2026-03-15,12632.82,home,0
O005954,C00706,2026-04-15,6152.61,beauty,0
O005955,C00706,2026-05-07,2767.75,home,0
O005956,C00706,2026-05-22,7551.85,beauty,0
O005957,C00706,2026-06-19,10581.35,beauty,1
O005958,C00706,2026-05-31,14551.76,beauty,1
O005959,C00208,2026-03-28,12653.24,home,0
O005960,C00208,2026-07-20,748.11,electronics,0
O005961,C00208,2026-05-22,12996.28,apparel,0
O005962,C00439,2026-04-19,5493.8,electronics,0
O005963,C00439,2026-03-18,5667.94,electronics,0
O005964,C00439,2026-06-09,3226.0,electronics,0
O005965,C00439,2026-03-11,3686.87,electronics,1
O005966,C00439,2026-04-06,12191.76,home,0
O005967,C00439,2026-06-23,5398.86,beauty,0
O005968,C00439,2026-05-25,5789.27,apparel,0
O005969,C00439,2026-06-04,1403.28,apparel,0
O005970,C00001,2026-07-21,6802.36,home,0
O005971,C00001,2026-07-13,5818.03,home,0
O005972,C00001,2026-04-10,5670.89,electronics,0
O005973,C00001,2026-03-19,5002.15,beauty,0
O005974,C00001,2026-04-07,4993.97,beauty,0
O005975,C00001,2026-08-07,14023.56,electronics,0
O005976,C00001,2026-03-15,14006.37,grocery,0
O005977,C00001,2026-03-15,6690.49,home,0
O005978,C00001,2026-07-02,6247.85,apparel,0
O005979,C00001,2026-05-13,6008.65,electronics,0
O005980,C00001,2026-08-07,3163.68,home,0
O005981,C00468,2026-08-09,6121.02,electronics,0
O005982,C00468,2026-04-23,7190.0,apparel,0
O005983,C00468,2026-05-23,14909.16,beauty,0
O005984,C00468,2026-08-29,12078.95,electronics,0
O005985,C00468,2026-08-11,3892.1,electronics,0
O005986,C00468,2026-05-28,1773.85,apparel,0
O005987,C00468,2026-07-27,9171.01,beauty,0
O005988,C00468,2026-04-04,3490.1,apparel,0
O005989,C00468,2026-03-22,9174.45,beauty,0
O005990,C00468,2026-06-27,10334.4,apparel,0
O005991,C00468,2026-05-17,12950.98,home,0
O005992,C00452,2026-04-16,13068.08,apparel,1
O005993,C00452,2026-05-27,11517.37,beauty,0
O005994,C00452,2026-06-22,13467.81,beauty,0
O005995,C00452,2026-06-30,12934.15,apparel,0
O005996,C00452,2026-03-15,6757.65,apparel,0
O005997,C00452,2026-03-10,10723.9,apparel,0
O005998,C00162,2026-05-13,3802.99,apparel,1
O005999,C00162,2026-06-07,1680.63,electronics,1
O006000,C00162,2026-06-09,9367.66,apparel,1
O006001,C00162,2026-07-04,2875.25,home,0
O006002,C00162,2026-05-08,3422.54,home,0
O006003,C00162,2026-03-14,1337.85,grocery,0
O006004,C00162,2026-03-20,13375.03,electronics,0
O006005,C00162,2026-03-27,7404.09,home,0
O006006,C00162,2026-06-13,5125.36,home,0
O006007,C00162,2026-04-25,2164.51,beauty,0
O006008,C00128,2026-04-04,6805.71,beauty,0
O006009,C00128,2026-05-12,9257.47,electronics,0
O006010,C00017,2026-08-10,10834.33,beauty,1
O006011,C00017,2026-06-26,14774.82,apparel,0
O006012,C00017,2026-03-11,3009.28,beauty,0
O006013,C00017,2026-03-14,10953.18,apparel,0
O006014,C00017,2026-08-11,7543.62,beauty,0
O006015,C00471,2026-06-06,14106.73,beauty,0
O006016,C00471,2026-04-19,7741.61,electronics,0
O006017,C00471,2026-07-06,6206.59,home,0
O006018,C00471,2026-06-06,715.67,beauty,0
O006019,C00471,2026-03-26,8510.12,electronics,1
O006020,C00471,2026-04-14,12024.29,home,0
O006021,C00471,2026-08-02,2791.15,grocery,0
O006022,C00471,2026-08-07,2288.5,home,0
O006023,C00471,2026-03-15,12414.15,beauty,0
O006024,C00857,2026-07-14,571.99,beauty,0
O006025,C00857,2026-06-04,11451.58,grocery,0
O006026,C00857,2026-04-11,6965.61,apparel,0
O006027,C00857,2026-04-09,13912.25,beauty,0
O006028,C00857,2026-03-27,502.76,electronics,0
O006029,C00857,2026-03-30,6251.12,grocery,0
O006030,C00803,2026-04-17,9624.1,beauty,0
O006031,C00803,2026-06-21,11993.31,beauty,0
O006032,C00803,2026-08-13,4456.05,beauty,0
O006033,C00803,2026-05-21,9046.69,grocery,0
O006034,C00803,2026-06-26,7983.96,apparel,0
O006035,C00803,2026-03-17,10575.05,grocery,0
O006036,C00803,2026-07-31,11303.86,grocery,0
O006037,C00803,2026-06-15,12679.07,grocery,0
O006038,C00803,2026-06-08,4088.01,grocery,0
O006039,C00803,2026-08-27,8962.38,grocery,0
O006040,C00803,2026-03-23,12263.85,electronics,0
O006041,C00803,2026-07-14,9079.07,apparel,0
O006042,C00642,2026-05-23,3482.23,apparel,0
O006043,C00642,2026-06-13,14637.79,home,0
O006044,C00642,2026-04-05,1791.01,electronics,0
O006045,C00642,2026-04-14,8356.37,grocery,0
O006046,C00102,2026-04-01,13045.25,electronics,0
O006047,C00102,2026-03-13,4538.25,home,0
O006048,C00102,2026-08-12,539.37,electronics,0
O006049,C00102,2026-08-15,6921.32,apparel,0
O006050,C00102,2026-04-27,3138.7,grocery,0
O006051,C00102,2026-05-09,10637.03,home,0
O006052,C00102,2026-08-24,4712.52,apparel,0
O006053,C00102,2026-09-04,10812.45,grocery,0
O006054,C00102,2026-07-24,1243.95,grocery,0
O006055,C00102,2026-08-06,8037.43,apparel,0
O006056,C00102,2026-05-02,8030.14,grocery,0
O006057,C00102,2026-07-31,1149.79,grocery,0
O006058,C00048,2026-05-27,1432.41,apparel,0
O006059,C00048,2026-08-09,4054.64,home,0
O006060,C00048,2026-03-30,7172.82,grocery,0
O006061,C00048,2026-06-13,14595.26,home,0
O006062,C00048,2026-03-30,11369.66,home,0
O006063,C00048,2026-06-27,10394.47,grocery,0
O006064,C00050,2026-04-10,12012.66,apparel,0
O006065,C00050,2026-06-23,8261.18,electronics,0
O006066,C00050,2026-08-12,12913.78,beauty,0
O006067,C00050,2026-03-22,6106.08,electronics,0
O006068,C00050,2026-06-09,8282.15,grocery,1
O006069,C00050,2026-08-17,6432.56,beauty,0
O006070,C00781,2026-03-10,13542.76,beauty,0
O006071,C00781,2026-06-05,6273.37,home,0
O006072,C00781,2026-04-27,10082.99,grocery,0
O006073,C00781,2026-05-07,5040.36,home,0
O006074,C00781,2026-04-25,5475.36,apparel,0
O006075,C00781,2026-05-27,6635.01,electronics,0
O006076,C00781,2026-03-19,5980.3,beauty,1
O006077,C00781,2026-04-06,11867.38,beauty,0
O006078,C00699,2026-08-16,4580.2,electronics,0
O006079,C00699,2026-04-21,6396.43,home,0
O006080,C00699,2026-08-03,1865.72,apparel,0
O006081,C00699,2026-05-06,12965.15,home,0
O006082,C00699,2026-05-04,7830.69,grocery,1
O006083,C00699,2026-08-22,4652.76,apparel,0
O006084,C00699,2026-08-08,12547.86,apparel,0
O006085,C00699,2026-08-31,13708.6,beauty,0
O006086,C00699,2026-04-03,11700.31,home,1
O006087,C00699,2026-04-13,13048.77,electronics,0
O006088,C00352,2026-05-18,13263.88,home,0
O006089,C00352,2026-04-06,4236.38,apparel,0
O006090,C00352,2026-03-27,6344.82,apparel,0
O006091,C00352,2026-07-12,10497.19,electronics,1
O006092,C00352,2026-05-25,11117.5,apparel,0
O006093,C00352,2026-03-11,9248.09,home,1
O006094,C00352,2026-04-05,3425.09,grocery,0
O006095,C00352,2026-05-14,11621.32,electronics,1
O006096,C00352,2026-04-13,7291.77,beauty,0
O006097,C00808,2026-04-19,2283.46,home,0
O006098,C00808,2026-09-01,2546.99,home,0
O006099,C00808,2026-07-01,5629.9,grocery,0
O006100,C00808,2026-04-30,493.78,home,0
O006101,C00808,2026-08-02,7121.37,home,0
O006102,C00808,2026-03-24,5851.32,beauty,0
O006103,C00808,2026-04-05,7788.76,electronics,0
O006104,C00808,2026-07-29,7624.5,apparel,0
O006105,C00808,2026-09-02,10249.41,home,0
O006106,C00808,2026-07-15,9530.68,grocery,0
O006107,C00808,2026-07-28,9970.56,beauty,1
O006108,C00497,2026-03-12,9864.9,electronics,0
O006109,C00497,2026-06-30,14550.87,home,0
O006110,C00580,2026-04-30,11511.78,home,0
O006111,C00580,2026-05-07,9274.71,electronics,0
O006112,C00580,2026-07-31,12712.45,apparel,0
O006113,C00580,2026-08-15,1716.62,beauty,1
O006114,C00580,2026-06-03,7226.13,grocery,0
O006115,C00580,2026-08-10,5629.84,home,0
O006116,C00580,2026-08-19,1971.08,home,0
O006117,C00580,2026-06-09,13520.5,home,1
O006118,C00580,2026-08-27,10395.02,apparel,0
O006119,C00580,2026-04-13,7662.65,apparel,0
O006120,C00134,2026-05-20,10536.07,home,0
O006121,C00134,2026-07-06,6478.18,apparel,0
O006122,C00134,2026-03-13,3530.81,beauty,0
O006123,C00134,2026-04-18,9749.53,grocery,1
O006124,C00134,2026-07-17,9453.85,home,0
O006125,C00134,2026-04-13,6473.85,beauty,0
O006126,C00134,2026-05-29,7890.4,electronics,0
O006127,C00134,2026-07-11,6818.75,electronics,0
O006128,C00134,2026-07-08,2972.36,grocery,0
O006129,C00134,2026-05-16,14509.11,electronics,0
O006130,C00134,2026-05-09,14731.37,grocery,0
O006131,C00951,2026-07-27,2498.85,apparel,1
O006132,C00951,2026-08-19,12379.02,grocery,1
O006133,C00951,2026-09-04,8366.76,electronics,1
O006134,C00561,2026-03-27,2422.85,beauty,0
O006135,C00561,2026-04-21,9482.7,grocery,0
O006136,C00561,2026-09-04,2527.11,apparel,1
O006137,C00561,2026-04-03,10285.85,grocery,0
O006138,C00561,2026-06-08,10713.91,beauty,1
O006139,C00561,2026-05-27,4309.17,grocery,0
O006140,C00561,2026-03-24,6885.91,grocery,0
O006141,C00561,2026-07-13,7150.43,beauty,0
O006142,C00346,2026-06-07,4114.5,beauty,0
O006143,C00346,2026-07-04,4915.21,apparel,0
O006144,C00346,2026-08-14,1437.69,grocery,0
O006145,C00346,2026-05-06,10376.71,beauty,0
O006146,C00346,2026-07-26,7102.7,electronics,0
O006147,C00346,2026-06-25,1252.59,beauty,0
O006148,C00346,2026-03-13,8500.05,home,0
O006149,C00346,2026-07-18,14817.22,beauty,0
O006150,C00346,2026-04-04,12453.58,apparel,0
O006151,C00346,2026-04-30,8392.26,beauty,0
O006152,C00346,2026-05-14,8019.32,apparel,0
O006153,C00291,2026-08-16,9027.06,electronics,0
O006154,C00291,2026-07-21,14054.12,grocery,0
O006155,C00930,2026-05-17,5205.97,electronics,0
O006156,C00930,2026-06-30,12167.02,electronics,1
O006157,C00331,2026-06-21,9760.56,electronics,0
O006158,C00331,2026-05-16,2267.08,electronics,0
O006159,C00331,2026-03-30,7480.28,beauty,0
O006160,C00331,2026-05-22,11478.25,grocery,0
O006161,C00275,2026-03-16,992.01,grocery,0
O006162,C00275,2026-04-03,7371.4,apparel,0
O006163,C00507,2026-03-29,3695.23,home,0
O006164,C00507,2026-03-29,7817.3,beauty,0
O006165,C00507,2026-06-28,9229.84,beauty,0
O006166,C00507,2026-07-16,3866.37,home,0
O006167,C00507,2026-03-30,7515.2,beauty,0
O006168,C00507,2026-05-10,6382.36,grocery,0
O006169,C00507,2026-06-21,13015.96,apparel,0
O006170,C00507,2026-06-29,10450.6,electronics,0
O006171,C00507,2026-09-04,6801.21,electronics,0
O006172,C00507,2026-08-19,12646.01,apparel,0
O006173,C00507,2026-03-26,5140.26,electronics,0
O006174,C00217,2026-04-11,4978.89,electronics,0
O006175,C00217,2026-08-12,9762.5,grocery,0
O006176,C00217,2026-05-31,9171.51,apparel,0
O006177,C00217,2026-06-21,10750.35,home,0
O006178,C00217,2026-08-27,4874.34,grocery,0
O006179,C00217,2026-05-26,1838.66,electronics,0
O006180,C00217,2026-08-03,4835.96,beauty,0
O006181,C00217,2026-07-23,9875.59,electronics,0
O006182,C00217,2026-05-03,14062.27,home,0
O006183,C00217,2026-07-29,3217.25,grocery,0
O006184,C00217,2026-07-04,1973.31,beauty,0
O006185,C00217,2026-08-11,11713.73,grocery,0
O006186,C00845,2026-06-21,13128.86,grocery,0
O006187,C00845,2026-08-27,1085.52,apparel,0
O006188,C00845,2026-05-28,14610.78,home,0
O006189,C00440,2026-04-27,4591.26,beauty,0
O006190,C00440,2026-06-10,8745.22,home,0
O006191,C00440,2026-06-24,11490.85,apparel,0
O006192,C00440,2026-05-31,6521.9,beauty,0
O006193,C00440,2026-08-09,12271.73,electronics,0
O006194,C00440,2026-08-26,14083.19,grocery,0
O006195,C00440,2026-09-01,3513.86,beauty,0
O006196,C00224,2026-06-16,14190.08,home,0
O006197,C00224,2026-07-17,13779.85,grocery,0
O006198,C00224,2026-05-29,10139.59,beauty,0
O006199,C00224,2026-04-02,7782.95,grocery,0
O006200,C00224,2026-04-19,3363.15,electronics,0
O006201,C00224,2026-06-07,12499.04,home,0
O006202,C00224,2026-05-21,13849.97,home,0
O006203,C00224,2026-03-20,14940.17,apparel,0
O006204,C00224,2026-09-01,4711.26,beauty,0
O006205,C00224,2026-03-10,11124.9,electronics,0
O006206,C00408,2026-06-14,11161.33,grocery,0
O006207,C00408,2026-06-19,6663.05,beauty,0
O006208,C00408,2026-04-30,7158.49,apparel,0
O006209,C00408,2026-05-08,11982.22,beauty,0
O006210,C00408,2026-06-05,6015.01,electronics,0
O006211,C00408,2026-04-28,9593.19,home,0
O006212,C00408,2026-03-13,9859.44,beauty,0
O006213,C00408,2026-06-16,13998.8,grocery,0
O006214,C00408,2026-08-01,1235.54,electronics,0
O006215,C00408,2026-04-22,14240.08,apparel,0
O006216,C00548,2026-06-02,1355.54,home,0
O006217,C00548,2026-08-15,1753.56,home,0
O006218,C00548,2026-07-14,10114.4,beauty,0
O006219,C00815,2026-06-25,4050.64,grocery,0
O006220,C00815,2026-03-26,7456.75,beauty,0
O006221,C00065,2026-06-26,10868.79,apparel,0
O006222,C00065,2026-03-30,4542.65,apparel,0
O006223,C00065,2026-06-28,11628.56,electronics,0
O006224,C00065,2026-03-15,6543.86,home,0
O006225,C00065,2026-06-12,11311.79,grocery,0
O006226,C00065,2026-05-04,8901.6,apparel,0
O006227,C00871,2026-07-07,3072.53,beauty,0
O006228,C00871,2026-08-20,2109.78,beauty,0
O006229,C00871,2026-06-27,6383.79,electronics,0
O006230,C00367,2026-04-03,3835.5,apparel,0
O006231,C00367,2026-03-25,13849.27,apparel,0
O006232,C00715,2026-06-01,10574.54,apparel,0
O006233,C00715,2026-05-06,8949.23,electronics,0
O006234,C00715,2026-03-17,14831.94,beauty,1
O006235,C00715,2026-03-18,8439.78,beauty,0
O006236,C00681,2026-05-26,13004.39,grocery,0
O006237,C00681,2026-06-27,2500.88,home,0
O006238,C00681,2026-07-30,6233.0,home,0
O006239,C00681,2026-07-27,9366.69,apparel,0
O006240,C00681,2026-08-04,12917.7,electronics,0
O006241,C00681,2026-06-19,12816.55,home,0
O006242,C00681,2026-08-15,4815.4,beauty,0
O006243,C00681,2026-08-05,1917.64,beauty,0
O006244,C00681,2026-08-29,11348.64,beauty,0
O006245,C00651,2026-04-17,8892.98,home,1
O006246,C00651,2026-05-24,9749.83,grocery,0
O006247,C00651,2026-07-05,5533.42,apparel,0
O006248,C00651,2026-07-28,7443.72,beauty,0
O006249,C00651,2026-07-08,13247.74,electronics,0
O006250,C00470,2026-04-02,14540.57,grocery,0
O006251,C00470,2026-08-17,14600.2,home,0
O006252,C00470,2026-04-16,11010.53,apparel,0
O006253,C00470,2026-08-08,11792.39,home,0
O006254,C00470,2026-05-11,13902.79,home,0
O006255,C00470,2026-04-22,6170.15,apparel,0
O006256,C00749,2026-05-02,8178.37,grocery,0
O006257,C00749,2026-06-21,7191.68,apparel,1
O006258,C00749,2026-04-30,1271.74,home,0
O006259,C00749,2026-06-16,11048.86,electronics,0
O006260,C00910,2026-06-01,2487.61,electronics,0
O006261,C00910,2026-04-30,10541.23,grocery,1
O006262,C00910,2026-06-04,7900.76,grocery,1
O006263,C00910,2026-03-16,3440.75,apparel,0
O006264,C00910,2026-06-14,418.74,electronics,0
O006265,C00910,2026-04-08,4495.6,beauty,1
O006266,C00910,2026-03-31,6701.07,electronics,1
O006267,C00751,2026-04-21,10565.97,home,0
O006268,C00751,2026-06-28,1178.69,grocery,0
O006269,C00751,2026-06-19,3875.17,home,0
O006270,C00751,2026-05-27,1539.32,electronics,0
O006271,C00751,2026-05-09,3977.51,beauty,0
O006272,C00751,2026-05-01,6364.53,electronics,0
O006273,C00751,2026-05-31,517.3,grocery,0
O006274,C00751,2026-04-14,7004.78,electronics,0
O006275,C00751,2026-04-06,6259.22,grocery,0
O006276,C00751,2026-07-25,4727.53,home,0
O006277,C00868,2026-08-22,12616.43,apparel,0
O006278,C00868,2026-03-10,12382.93,apparel,0
O006279,C00868,2026-04-10,12186.94,electronics,0
O006280,C00868,2026-03-21,4170.19,apparel,0
O006281,C00868,2026-04-10,788.63,apparel,1
O006282,C00868,2026-04-16,3019.79,grocery,0
O006283,C00868,2026-07-31,5228.04,home,0
O006284,C00868,2026-07-28,577.34,home,0
O006285,C00868,2026-06-12,2330.15,home,0
O006286,C00793,2026-07-20,11887.44,electronics,0
O006287,C00793,2026-07-31,7361.87,electronics,0
O006288,C00793,2026-04-06,4064.59,grocery,0
O006289,C00890,2026-08-24,6538.9,apparel,0
O006290,C00890,2026-03-11,11180.77,apparel,0
O006291,C00890,2026-05-17,12837.34,home,0
O006292,C00890,2026-08-31,14870.84,apparel,1
O006293,C00890,2026-05-11,8930.46,apparel,0
O006294,C00890,2026-03-09,993.72,beauty,0
O006295,C00890,2026-08-26,704.71,grocery,0
O006296,C00890,2026-04-18,12799.94,electronics,0
O006297,C00890,2026-08-03,4063.58,home,0
O006298,C00890,2026-04-20,8765.38,apparel,0
O006299,C00890,2026-03-09,2862.35,apparel,0
O006300,C00003,2026-03-20,14601.01,apparel,0
O006301,C00003,2026-03-13,11074.18,home,0
O006302,C00003,2026-03-12,12940.8,home,0
O006303,C00003,2026-06-23,3483.7,apparel,0
O006304,C00003,2026-06-17,4686.5,home,0
O006305,C00003,2026-05-21,6594.49,electronics,0
O006306,C00003,2026-04-26,8879.65,beauty,0
O006307,C00003,2026-08-10,4234.05,electronics,0
O006308,C00003,2026-05-04,8875.15,home,0
O006309,C00003,2026-07-31,11330.21,beauty,0
O006310,C00596,2026-07-25,8720.87,home,0
O006311,C00596,2026-05-26,7236.9,apparel,0
O006312,C00596,2026-06-05,12572.14,electronics,0
O006313,C00596,2026-04-24,2910.19,beauty,0
O006314,C00596,2026-07-02,6242.98,home,0
O006315,C00596,2026-03-30,1275.13,beauty,0
O006316,C00596,2026-07-05,6034.27,apparel,0
O006317,C00596,2026-03-09,3920.44,grocery,0
O006318,C00596,2026-03-09,13767.0,beauty,1
O006319,C00596,2026-06-17,4219.04,home,0
O006320,C00596,2026-06-18,6243.5,grocery,0
O006321,C00596,2026-06-28,2641.03,beauty,0
O006322,C00336,2026-08-05,6088.96,home,0
O006323,C00336,2026-08-07,5269.54,grocery,0
O006324,C00336,2026-06-27,10434.18,beauty,0
O006325,C00336,2026-03-26,9616.72,grocery,0
O006326,C00336,2026-04-01,5284.53,apparel,0
O006327,C00336,2026-04-26,3277.46,beauty,0
O006328,C00500,2026-04-01,7279.87,apparel,1
O006329,C00500,2026-05-26,12992.15,beauty,0
O006330,C00500,2026-08-11,11250.72,grocery,0
O006331,C00500,2026-03-09,5062.53,apparel,0
O006332,C00500,2026-03-13,4513.3,grocery,0
O006333,C00500,2026-06-29,11311.52,apparel,0
O006334,C00500,2026-08-22,684.17,electronics,0
O006335,C00500,2026-08-21,8214.48,home,0
O006336,C00500,2026-03-26,8976.49,apparel,0
O006337,C00466,2026-05-22,13374.46,grocery,0
O006338,C00466,2026-06-27,1434.31,electronics,0
O006339,C00466,2026-08-02,3601.67,grocery,0
O006340,C00466,2026-07-30,6086.68,grocery,0
O006341,C00466,2026-07-08,10511.18,electronics,0
O006342,C00466,2026-04-07,639.88,apparel,1
O006343,C00466,2026-08-15,5879.23,beauty,0
O006344,C00466,2026-04-23,11692.73,electronics,0
O006345,C00466,2026-04-04,4325.88,grocery,0
O006346,C00466,2026-07-20,7385.01,grocery,0
O006347,C00466,2026-06-13,580.76,apparel,0
O006348,C00378,2026-04-17,14694.42,home,0
O006349,C00378,2026-06-05,3187.95,home,0
O006350,C00378,2026-07-31,6797.72,apparel,0
O006351,C00378,2026-08-17,4386.18,apparel,0
O006352,C00378,2026-06-30,14874.98,apparel,0
O006353,C00378,2026-07-17,10627.21,home,0
O006354,C00378,2026-06-20,3315.19,apparel,0
O006355,C00378,2026-08-06,7062.14,grocery,0
O006356,C00899,2026-06-29,4718.46,apparel,0
O006357,C00899,2026-07-28,8718.06,grocery,0
O006358,C00899,2026-06-06,1474.88,electronics,0
O006359,C00899,2026-07-30,6380.09,beauty,0
O006360,C00899,2026-07-26,8637.21,electronics,0
O006361,C00899,2026-07-06,6937.02,electronics,0
O006362,C00899,2026-03-17,13368.4,apparel,0
O006363,C00899,2026-05-23,3543.9,electronics,0
O006364,C00899,2026-03-10,14352.21,electronics,0
O006365,C00899,2026-06-22,11843.43,grocery,0
O006366,C00899,2026-08-10,6199.88,apparel,0
O006367,C00712,2026-07-29,11388.95,apparel,0
O006368,C00712,2026-05-13,4300.98,home,0
O006369,C00712,2026-05-06,13789.34,beauty,0
O006370,C00712,2026-06-22,9954.83,apparel,0
O006371,C00712,2026-08-19,4322.39,electronics,0
O006372,C00712,2026-03-24,12435.21,grocery,0
O006373,C00712,2026-08-21,4199.94,electronics,0
O006374,C00712,2026-08-24,13015.14,beauty,0
O006375,C00712,2026-09-01,854.15,home,0
O006376,C00712,2026-06-23,1639.77,beauty,0
O006377,C00712,2026-05-30,4459.01,grocery,1
O006378,C00285,2026-06-10,11643.39,electronics,0
O006379,C00285,2026-04-28,9945.51,apparel,0
O006380,C00285,2026-05-23,868.19,grocery,0
O006381,C00285,2026-04-25,13260.99,beauty,0
O006382,C00285,2026-03-16,6241.72,grocery,0
O006383,C00285,2026-03-18,11295.45,electronics,0
O006384,C00285,2026-03-13,9152.66,apparel,0
O006385,C00285,2026-09-03,2093.31,apparel,0
O006386,C00285,2026-07-02,13461.18,home,0
O006387,C00285,2026-08-14,4138.66,apparel,0
O006388,C00285,2026-08-19,3380.09,apparel,0
O006389,C00285,2026-07-01,1202.34,beauty,0
O006390,C00768,2026-06-17,13943.7,electronics,0
O006391,C00768,2026-05-01,8290.11,electronics,0
O006392,C00768,2026-07-19,11871.91,electronics,1
O006393,C00768,2026-04-20,13291.27,beauty,0
O006394,C00768,2026-04-26,13190.5,electronics,0
O006395,C00768,2026-06-01,4848.72,electronics,0
O006396,C00768,2026-04-01,4760.79,beauty,0
O006397,C00768,2026-08-28,363.33,grocery,0
O006398,C00768,2026-03-27,9931.51,home,0
O006399,C00768,2026-07-27,2248.04,grocery,1
O006400,C00768,2026-08-18,9590.41,home,0
O006401,C00528,2026-04-25,14028.13,electronics,0
O006402,C00528,2026-06-03,9231.31,beauty,0
O006403,C00528,2026-03-25,7798.12,beauty,0
O006404,C00528,2026-03-27,12944.74,apparel,0
O006405,C00413,2026-06-18,851.39,beauty,0
O006406,C00413,2026-08-27,14568.2,beauty,0
O006407,C00413,2026-03-25,8790.65,home,1
O006408,C00413,2026-05-09,9728.81,electronics,0
O006409,C00413,2026-03-26,13191.58,electronics,0
O006410,C00413,2026-07-15,1511.3,home,0
O006411,C00413,2026-07-04,1055.57,grocery,0
O006412,C00413,2026-06-24,14497.43,apparel,0
O006413,C00413,2026-07-12,6275.84,home,0
O006414,C00413,2026-05-19,5255.89,home,0
O006415,C00413,2026-07-21,9943.02,home,0
O006416,C00096,2026-04-28,9605.05,home,1
O006417,C00096,2026-05-12,12188.27,beauty,0
O006418,C00096,2026-06-14,9079.0,grocery,0
O006419,C00788,2026-04-05,6039.27,home,0
O006420,C00788,2026-08-03,14735.03,grocery,0
O006421,C00788,2026-06-28,1157.81,home,0
O006422,C00788,2026-08-12,14859.01,home,0
O006423,C00788,2026-05-08,5413.66,beauty,0
O006424,C00788,2026-04-07,5651.71,grocery,0
O006425,C00902,2026-03-12,12820.55,apparel,0
O006426,C00902,2026-04-14,10948.84,beauty,1
O006427,C00902,2026-07-10,6241.85,home,1
O006428,C00902,2026-04-28,680.59,beauty,1
O006429,C00902,2026-08-12,7303.24,electronics,0
O006430,C00902,2026-08-20,12927.61,home,1
O006431,C00814,2026-07-16,7785.89,beauty,0
O006432,C00814,2026-03-11,4131.95,grocery,0
O006433,C00814,2026-03-22,12177.99,electronics,0
O006434,C00649,2026-05-18,14712.84,beauty,0
O006435,C00649,2026-04-17,9112.72,home,0
O006436,C00078,2026-05-10,6292.36,apparel,1
O006437,C00078,2026-08-04,1936.41,home,0
O006438,C00078,2026-04-24,9996.13,apparel,0
O006439,C00463,2026-05-01,2476.82,apparel,0
O006440,C00463,2026-05-28,4473.45,grocery,0
O006441,C00463,2026-05-27,5103.11,apparel,0
O006442,C00463,2026-03-14,5561.36,grocery,0
O006443,C00463,2026-06-03,4668.26,electronics,0
O006444,C00385,2026-05-10,6949.86,electronics,0
O006445,C00385,2026-05-20,13381.63,electronics,0
O006446,C00385,2026-06-28,14059.38,home,0
O006447,C00385,2026-07-04,12442.83,home,0
O006448,C00385,2026-07-02,14517.58,beauty,0
O006449,C00385,2026-04-26,2721.56,grocery,0
O006450,C00425,2026-05-03,12436.94,beauty,0
O006451,C00425,2026-06-30,9701.48,home,0
O006452,C00425,2026-08-28,8480.91,electronics,0
O006453,C00425,2026-07-23,7126.11,apparel,0
O006454,C00425,2026-05-01,13921.52,electronics,1
O006455,C00425,2026-08-23,648.83,home,0
O006456,C00425,2026-05-26,4529.17,home,1
O006457,C00425,2026-05-31,1434.86,home,0
O006458,C00425,2026-06-02,2155.84,grocery,0
O006459,C00425,2026-04-06,1705.42,home,0
O006460,C00425,2026-07-26,8468.35,beauty,0
O006461,C00643,2026-03-19,2876.71,grocery,0
O006462,C00643,2026-03-27,13917.17,apparel,0
O006463,C00643,2026-03-20,3563.59,home,1
O006464,C00643,2026-06-23,13717.08,electronics,0
O006465,C00643,2026-04-04,3641.96,grocery,0
O006466,C00643,2026-04-29,1996.51,apparel,0
O006467,C00276,2026-08-27,10011.6,beauty,0
O006468,C00276,2026-07-12,13790.37,apparel,0
O006469,C00276,2026-07-27,6216.71,grocery,0
O006470,C00648,2026-03-12,5363.87,beauty,0
O006471,C00648,2026-08-13,9007.64,home,0
O006472,C00592,2026-04-05,4390.38,grocery,0
O006473,C00592,2026-07-24,309.74,beauty,0
O006474,C00146,2026-08-05,4681.15,apparel,1
O006475,C00146,2026-06-21,12074.74,beauty,0
O006476,C00146,2026-09-01,1280.16,electronics,1
O006477,C00146,2026-03-26,6479.57,apparel,0
O006478,C00146,2026-07-20,11415.35,home,0
O006479,C00146,2026-06-15,935.5,beauty,0
O006480,C00146,2026-04-07,6829.14,electronics,0
O006481,C00146,2026-09-03,6448.34,grocery,0
O006482,C00146,2026-04-04,8939.86,grocery,1
O006483,C00146,2026-07-13,5558.4,electronics,1
O006484,C00146,2026-04-21,3158.43,beauty,0
O006485,C00502,2026-06-16,9710.17,beauty,0
O006486,C00502,2026-06-03,4729.02,beauty,0
O006487,C00502,2026-07-02,2951.15,electronics,0
O006488,C00502,2026-09-04,10227.09,apparel,0
O006489,C00502,2026-08-04,13544.03,apparel,0
O006490,C00502,2026-05-04,7830.57,electronics,0
O006491,C00502,2026-03-09,6979.23,apparel,0
O006492,C00502,2026-04-06,10886.15,home,0
O006493,C00502,2026-08-28,13134.65,grocery,0
O006494,C00502,2026-05-23,8158.28,home,0
O006495,C00502,2026-04-05,12733.91,grocery,0
O006496,C00403,2026-03-15,5868.71,apparel,0
O006497,C00403,2026-06-20,5723.16,electronics,0
O006498,C00693,2026-05-15,3429.56,apparel,0
O006499,C00693,2026-06-14,5267.68,grocery,0
O006500,C00693,2026-08-28,2964.86,apparel,0
O006501,C00693,2026-03-22,5035.73,grocery,0
O006502,C00693,2026-06-13,2347.7,beauty,0
O006503,C00864,2026-04-28,9194.98,beauty,0
O006504,C00864,2026-07-20,13261.67,grocery,0
O006505,C00864,2026-05-11,6806.54,electronics,0
O006506,C00864,2026-08-31,14283.79,grocery,0
O006507,C00864,2026-04-04,2226.02,home,0
O006508,C00780,2026-06-07,8261.14,apparel,0
O006509,C00780,2026-04-22,5579.98,apparel,0
O006510,C00780,2026-08-09,13527.75,beauty,0
O006511,C00254,2026-09-02,6124.36,apparel,0
O006512,C00254,2026-05-17,11347.41,apparel,0
O006513,C00254,2026-07-10,3690.23,apparel,0
O006514,C00254,2026-04-15,4740.43,home,0
O006515,C00254,2026-05-27,2522.99,beauty,1
O006516,C00254,2026-05-08,8900.07,electronics,1
O006517,C00254,2026-04-09,9751.91,apparel,0
O006518,C00254,2026-04-21,3617.69,grocery,0
O006519,C00254,2026-05-14,9174.43,electronics,0
O006520,C00254,2026-06-05,618.68,grocery,1
O006521,C00254,2026-03-12,6625.22,beauty,0
O006522,C00849,2026-03-10,5305.53,home,0
O006523,C00849,2026-05-05,1240.66,home,0
O006524,C00849,2026-03-25,9115.62,electronics,0
O006525,C00849,2026-04-08,8816.7,grocery,0
O006526,C00330,2026-07-07,10986.26,apparel,0
O006527,C00330,2026-03-27,3744.69,beauty,0
O006528,C00330,2026-08-05,7190.23,grocery,0
O006529,C00330,2026-06-25,4487.5,beauty,0
O006530,C00729,2026-04-05,4532.72,apparel,0
O006531,C00729,2026-06-24,11800.86,electronics,0
O006532,C00729,2026-07-23,14191.22,home,0
O006533,C00729,2026-05-12,9329.9,electronics,0
O006534,C00729,2026-03-29,10150.18,beauty,0
O006535,C00729,2026-06-23,6484.59,beauty,0
O006536,C00150,2026-03-31,13476.06,beauty,0
O006537,C00150,2026-07-20,689.59,grocery,1
O006538,C00150,2026-05-29,1572.15,home,0
O006539,C00150,2026-03-22,1107.68,electronics,0
O006540,C00150,2026-07-09,9486.73,apparel,0
O006541,C00150,2026-04-12,1317.94,electronics,0
O006542,C00150,2026-08-08,9503.13,beauty,0
O006543,C00256,2026-07-09,12440.81,beauty,0
O006544,C00256,2026-05-11,3917.29,apparel,0
O006545,C00136,2026-05-15,2583.09,apparel,0
O006546,C00136,2026-06-26,9645.66,home,0
O006547,C00136,2026-03-12,5704.22,apparel,0
O006548,C00136,2026-05-03,1531.68,home,0
O006549,C00136,2026-07-16,9212.23,apparel,0
O006550,C00887,2026-08-24,14102.71,apparel,1
O006551,C00887,2026-08-29,5248.79,apparel,0
O006552,C00719,2026-05-25,13143.41,electronics,0
O006553,C00719,2026-03-31,4116.9,home,0
O006554,C00719,2026-08-27,9507.63,beauty,0
O006555,C00719,2026-03-15,3367.77,beauty,0
O006556,C00719,2026-03-20,8169.98,home,0
O006557,C00719,2026-06-07,9988.93,apparel,0
O006558,C00719,2026-07-03,7604.9,home,0
O006559,C00719,2026-04-11,13271.05,home,0
O006560,C00719,2026-04-20,13814.44,apparel,0
O006561,C00719,2026-03-19,1745.92,home,1
O006562,C00719,2026-04-29,745.91,beauty,0
O006563,C00130,2026-05-30,6591.16,home,0
O006564,C00130,2026-05-27,6843.21,apparel,0
O006565,C00130,2026-03-13,5721.36,apparel,0
O006566,C00130,2026-03-19,14903.32,home,0
O006567,C00130,2026-03-25,3542.93,apparel,0
O006568,C00130,2026-04-02,12566.01,beauty,0
O006569,C00130,2026-06-26,11345.15,grocery,0
O006570,C00672,2026-04-25,4614.53,beauty,0
O006571,C00672,2026-06-18,4396.63,grocery,0
O006572,C00672,2026-04-05,5703.84,electronics,0
O006573,C00672,2026-06-05,6279.9,apparel,1
O006574,C00672,2026-03-25,14391.04,grocery,0
O006575,C00672,2026-03-14,8641.99,home,0
O006576,C00672,2026-03-26,13953.5,electronics,0
O006577,C00672,2026-07-27,10180.87,beauty,0
O006578,C00672,2026-08-26,11335.2,beauty,0
O006579,C00888,2026-07-31,14186.47,home,0
O006580,C00888,2026-09-01,9324.17,grocery,0
O006581,C00888,2026-04-12,4083.79,home,0
O006582,C00888,2026-04-16,1372.35,grocery,0
O006583,C00888,2026-08-31,6725.17,home,0
O006584,C00888,2026-04-02,3034.88,apparel,0
O006585,C00888,2026-06-27,7553.39,grocery,0
O006586,C00888,2026-07-29,10436.73,electronics,0
O006587,C00888,2026-09-04,5369.87,beauty,0
O006588,C00284,2026-07-08,13001.08,home,0
O006589,C00284,2026-05-30,1063.51,electronics,0
O006590,C00284,2026-03-22,9851.03,grocery,0
O006591,C00284,2026-05-16,4601.29,grocery,0
O006592,C00284,2026-03-26,14218.46,apparel,0
O006593,C00284,2026-04-02,3138.1,apparel,0
O006594,C00284,2026-03-14,13919.03,home,0
O006595,C00284,2026-07-14,10851.19,beauty,0
O006596,C00284,2026-08-31,11559.28,beauty,0
O006597,C00284,2026-04-29,3197.82,apparel,0
O006598,C00284,2026-06-20,12775.92,grocery,0
O006599,C00061,2026-07-25,1958.51,apparel,0
O006600,C00061,2026-05-20,12433.99,electronics,0
O006601,C00061,2026-03-11,12662.87,grocery,0
O006602,C00061,2026-06-13,13796.16,apparel,0
O006603,C00061,2026-07-29,4020.97,grocery,0
O006604,C00061,2026-05-31,14894.91,apparel,0
O006605,C00061,2026-06-01,6934.98,grocery,0
O006606,C00061,2026-08-01,14220.85,grocery,0
O006607,C00941,2026-05-11,7631.85,electronics,1
O006608,C00941,2026-04-21,5903.5,home,1
O006609,C00941,2026-08-14,4021.96,home,1
O006610,C00941,2026-08-05,13187.61,grocery,1
O006611,C00422,2026-08-29,14784.96,beauty,1
O006612,C00422,2026-07-28,10813.33,electronics,0
O006613,C00422,2026-09-02,3060.62,home,0
O006614,C00422,2026-08-02,11524.89,electronics,0
O006615,C00805,2026-04-28,14546.11,electronics,0
O006616,C00805,2026-05-08,13514.15,home,1
O006617,C00805,2026-05-22,7285.34,grocery,0
O006618,C00805,2026-07-27,13450.28,electronics,0
O006619,C00805,2026-03-17,1017.18,grocery,0
O006620,C00805,2026-08-25,8783.03,electronics,0
O006621,C00805,2026-05-07,9679.44,electronics,0
O006622,C00805,2026-07-14,4297.51,electronics,0
O006623,C00805,2026-04-12,5958.94,grocery,0
O006624,C00805,2026-08-29,10400.42,home,0
O006625,C00805,2026-04-06,9624.29,electronics,0
O006626,C00769,2026-06-02,3493.45,home,0
O006627,C00769,2026-05-29,5478.28,electronics,0
O006628,C00769,2026-04-20,9479.64,electronics,0
O006629,C00769,2026-08-21,6228.74,home,0
O006630,C00769,2026-07-10,6876.47,beauty,0
O006631,C00769,2026-05-06,6926.8,home,0
O006632,C00139,2026-05-22,13362.09,electronics,1
O006633,C00139,2026-08-16,9212.75,grocery,0
O006634,C00098,2026-03-13,7410.87,electronics,0
O006635,C00098,2026-03-29,1868.54,grocery,0
O006636,C00098,2026-07-07,6537.11,grocery,0
O006637,C00098,2026-03-26,1958.49,grocery,0
O006638,C00098,2026-05-12,12451.05,beauty,0
O006639,C00098,2026-04-23,8813.39,grocery,0
O006640,C00098,2026-03-10,3228.33,beauty,0
O006641,C00098,2026-05-19,13085.84,home,1
O006642,C00098,2026-06-13,5192.74,grocery,0
O006643,C00098,2026-07-26,3086.99,home,0
O006644,C00098,2026-07-31,1284.52,home,0
O006645,C00098,2026-08-11,6764.06,apparel,0
O006646,C00835,2026-07-08,3937.74,grocery,0
O006647,C00835,2026-04-17,7784.94,home,0
O006648,C00835,2026-07-29,6182.64,apparel,0
O006649,C00835,2026-05-08,13609.7,beauty,0
O006650,C00835,2026-06-12,936.72,home,0
O006651,C00835,2026-08-20,4234.96,beauty,0
O006652,C00835,2026-04-06,7427.7,apparel,0
O006653,C00835,2026-04-28,13162.09,apparel,1
O006654,C00835,2026-04-23,11893.79,home,1
O006655,C00835,2026-05-15,13543.97,beauty,0
O006656,C00696,2026-06-25,5948.46,grocery,0
O006657,C00696,2026-05-29,9816.03,home,0
O006658,C00696,2026-03-25,9678.18,electronics,0
O006659,C00696,2026-06-12,2148.99,grocery,0
O006660,C00922,2026-05-27,364.95,grocery,0
O006661,C00922,2026-06-20,3099.52,electronics,1
O006662,C00922,2026-04-10,8595.25,beauty,1
O006663,C00922,2026-04-09,10914.29,electronics,1
O006664,C00922,2026-05-09,11553.23,apparel,1
O006665,C00922,2026-08-02,10810.86,apparel,1
O006666,C00922,2026-03-28,11962.36,beauty,0
O006667,C00527,2026-08-01,14266.86,electronics,0
O006668,C00527,2026-07-18,11471.34,home,0
O006669,C00527,2026-04-02,2185.59,beauty,0
O006670,C00527,2026-08-16,13846.66,apparel,0
O006671,C00527,2026-06-06,9157.33,electronics,1
O006672,C00527,2026-07-16,1519.28,electronics,0
O006673,C00527,2026-04-13,2380.87,home,1
O006674,C00527,2026-05-24,4639.49,home,0
O006675,C00527,2026-06-04,13360.19,electronics,0
O006676,C00879,2026-03-09,10034.56,beauty,0
O006677,C00879,2026-06-15,9399.94,beauty,0
O006678,C00879,2026-05-24,10264.48,grocery,0
O006679,C00879,2026-08-20,1892.55,home,0
O006680,C00879,2026-05-29,6687.19,beauty,0
O006681,C00879,2026-07-23,6992.31,home,0
O006682,C00879,2026-08-13,9258.18,beauty,1
